CLAUSE_ID,CONTRACT_SOURCE_ID,REQUIREMENT_ID,KIND,EXTRACTION_CONFIDENCE,VERSION_BLOCK,SECTION_NUMBER,SECTION_TITLE,SOURCE_LINE,TEXT_EXCERPT,CLASSIFICATION,CLASSIFICATION_CONFIDENCE,RATIONALE
CL-0001,L5_DGVA_v23_IMPLEMENTATION_STRICT_Autonomous_Remote_Transport_Recovery.md,Heuristic::4::0,MUST_NOT_STATEMENT,heuristic,V1,4,Design discovery,54,"Do not guess filelists,",CONSTITUTION_ALREADY_COVERS,MEDIUM,Canonical's Evidence Truth Rule + Article 0 EVIDENCE_GROUNDED dimension already establish this exact general principle.
CL-0002,L5_DGVA_v23_IMPLEMENTATION_STRICT_Autonomous_Remote_Transport_Recovery.md,Heuristic::9::1,MUST_NOT_STATEMENT,heuristic,V1,9,"VIP location, bind and drive ownership",131,Never hardcode ACTIVE=FORCE.,UNKNOWN,LOW,did not match any defined bucket; not individually reviewed
CL-0003,L5_DGVA_v23_IMPLEMENTATION_STRICT_Autonomous_Remote_Transport_Recovery.md,Heuristic::9::2,MUST_NOT_STATEMENT,heuristic,V1,9,"VIP location, bind and drive ownership",131,Never force DUT outputs,UNKNOWN,LOW,did not match any defined bucket; not individually reviewed
CL-0004,L5_DGVA_v23_IMPLEMENTATION_STRICT_Autonomous_Remote_Transport_Recovery.md,Heuristic::12::3,MUST_NOT_STATEMENT,heuristic,V1,12,Scope-aware architecture,182,Use one generic engine plus ScopeProfile; do not build three unrelated,UNKNOWN,LOW,did not match any defined bucket; not individually reviewed
CL-0005,L5_DGVA_v23_IMPLEMENTATION_STRICT_Autonomous_Remote_Transport_Recovery.md,Heuristic::15::4,MUST_NOT_STATEMENT,heuristic,V1,15,Hierarchical checking composition,242,Do not duplicate,UNKNOWN,LOW,did not match any defined bucket; not individually reviewed
CL-0006,L5_DGVA_v23_IMPLEMENTATION_STRICT_Autonomous_Remote_Transport_Recovery.md,Heuristic::17::5,MUST_NOT_STATEMENT,heuristic,V1,17,FW and command composition,270,Do not allow multiple inherited FW loops to independently service the,UNKNOWN,LOW,did not match any defined bucket; not individually reviewed
CL-0007,L5_DGVA_v23_IMPLEMENTATION_STRICT_Autonomous_Remote_Transport_Recovery.md,Heuristic::17::6,MUST_NOT_STATEMENT,heuristic,V1,17,FW and command composition,270,Never concatenate blindly.,UNKNOWN,LOW,did not match any defined bucket; not individually reviewed
CL-0008,L5_DGVA_v23_IMPLEMENTATION_STRICT_Autonomous_Remote_Transport_Recovery.md,Heuristic::18::7,MUST_NOT_STATEMENT,heuristic,V1,18,Reference inherit-first,283,Do not copy reference verification implementation content.,UNKNOWN,LOW,did not match any defined bucket; not individually reviewed
CL-0009,L5_DGVA_v23_IMPLEMENTATION_STRICT_Autonomous_Remote_Transport_Recovery.md,Heuristic::20::8,MUST_NOT_STATEMENT,heuristic,V1,20,Debug evidence ladder,310,Do not jump directly to GUI.,UNKNOWN,LOW,did not match any defined bucket; not individually reviewed
CL-0010,L5_DGVA_v23_IMPLEMENTATION_STRICT_Autonomous_Remote_Transport_Recovery.md,Heuristic::20::9,MUST_NOT_STATEMENT,heuristic,V1,20,Debug evidence ladder,310,Never invent fsdbreport,UNKNOWN,LOW,did not match any defined bucket; not individually reviewed
CL-0011,L5_DGVA_v23_IMPLEMENTATION_STRICT_Autonomous_Remote_Transport_Recovery.md,Heuristic::22::10,MUST_NOT_STATEMENT,heuristic,V1,22,Signoff completeness and auto-repair,349,"Never lower mandatory requirements, synthesize NOT_APPLICABLE, create",UNKNOWN,LOW,did not match any defined bucket; not individually reviewed
CL-0012,L5_DGVA_v23_IMPLEMENTATION_STRICT_Autonomous_Remote_Transport_Recovery.md,Heuristic::24::11,MUST_NOT_STATEMENT,heuristic,V1,24,Autonomous execution,389,"Do not require repeated user prompts such as continue, debug, use",UNKNOWN,LOW,did not match any defined bucket; not individually reviewed
CL-0013,L5_DGVA_v23_IMPLEMENTATION_STRICT_Autonomous_Remote_Transport_Recovery.md,GenericMultiLevelVerificationObjective_PASS,INVARIANT_TOKEN,exact,V1,25,Final governing rule,410,`GenericMultiLevelVerificationObjective_PASS = true`,CANONICAL_EQUIVALENT,MEDIUM,"Parent-only module 'verification_level' (keyword overlap=2), not yet migrated to canonical -- M5+ pool item"
CL-0014,L5_DGVA_v23_IMPLEMENTATION_STRICT_Autonomous_Remote_Transport_Recovery.md,FiveDiscoveryDomainSeparation_PASS,INVARIANT_TOKEN,exact,V1,25,Final governing rule,410,`FiveDiscoveryDomainSeparation_PASS = true`,CANONICAL_EQUIVALENT,MEDIUM,"Parent-only module 'five_discovery_domain_separation_gate' (keyword overlap=4), not yet migrated to canonical -- M5+ pool item"
CL-0015,L5_DGVA_v23_IMPLEMENTATION_STRICT_Autonomous_Remote_Transport_Recovery.md,VerificationArchitectureDiscovery_PASS,INVARIANT_TOKEN,exact,V1,25,Final governing rule,410,`VerificationArchitectureDiscovery_PASS = true`,CANONICAL_EQUIVALENT,HIGH,canonical module 'verification_architecture' (keyword overlap=2)
CL-0016,L5_DGVA_v23_IMPLEMENTATION_STRICT_Autonomous_Remote_Transport_Recovery.md,SystemLevelCompositionFirst_PASS,INVARIANT_TOKEN,exact,V1,25,Final governing rule,410,`SystemLevelCompositionFirst_PASS = true`,UNKNOWN,LOW,"weak fuzzy match only (Parent module 'example_composition', overlap=1) -- insufficient confidence, needs individual semantic review"
CL-0017,L5_DGVA_v23_IMPLEMENTATION_STRICT_Autonomous_Remote_Transport_Recovery.md,ExternalProtocolBoundaryRule_PASS,INVARIANT_TOKEN,exact,V1,25,Final governing rule,410,`ExternalProtocolBoundaryRule_PASS = true`,CANONICAL_EQUIVALENT,MEDIUM,"Parent-only module 'bind_protocol_boundary_rule' (keyword overlap=3), not yet migrated to canonical -- M5+ pool item"
CL-0018,L5_DGVA_v23_IMPLEMENTATION_STRICT_Autonomous_Remote_Transport_Recovery.md,AMBAInternalBoundaryRule_PASS,INVARIANT_TOKEN,exact,V1,25,Final governing rule,410,`AMBAInternalBoundaryRule_PASS = true`,CANONICAL_EQUIVALENT,MEDIUM,"Parent-only module 'bind_protocol_boundary_rule' (keyword overlap=2), not yet migrated to canonical -- M5+ pool item"
CL-0019,L5_DGVA_v23_IMPLEMENTATION_STRICT_Autonomous_Remote_Transport_Recovery.md,ReferenceMakefileInheritFirst_PASS,INVARIANT_TOKEN,exact,V1,25,Final governing rule,410,`ReferenceMakefileInheritFirst_PASS = true`,CANONICAL_EQUIVALENT,MEDIUM,"Parent-only module 'reference_wave_config_inherit' (keyword overlap=2), not yet migrated to canonical -- M5+ pool item"
CL-0020,L5_DGVA_v23_IMPLEMENTATION_STRICT_Autonomous_Remote_Transport_Recovery.md,FourPhaseBuildArchitecture_PASS,INVARIANT_TOKEN,exact,V1,25,Final governing rule,410,`FourPhaseBuildArchitecture_PASS = true`,UNKNOWN,LOW,"weak fuzzy match only (Parent module 'design_architecture_ir', overlap=1) -- insufficient confidence, needs individual semantic review"
CL-0021,L5_DGVA_v23_IMPLEMENTATION_STRICT_Autonomous_Remote_Transport_Recovery.md,PartitionCompileSupport_PASS,INVARIANT_TOKEN,exact,V1,25,Final governing rule,410,`PartitionCompileSupport_PASS = true`,UNKNOWN,LOW,"weak fuzzy match only (Parent module 'irq_effective_compile_define_disclosure', overlap=1) -- insufficient confidence, needs individual semantic review"
CL-0022,L5_DGVA_v23_IMPLEMENTATION_STRICT_Autonomous_Remote_Transport_Recovery.md,LSFSupport_PASS,INVARIANT_TOKEN,exact,V1,25,Final governing rule,410,`LSFSupport_PASS = true`,UNKNOWN,LOW,"weak fuzzy match only (Parent module 'lsf_client', overlap=1) -- insufficient confidence, needs individual semantic review"
CL-0023,L5_DGVA_v23_IMPLEMENTATION_STRICT_Autonomous_Remote_Transport_Recovery.md,KC_Runtime_Recall_Apply_Verify_PASS,INVARIANT_TOKEN,exact,V1,25,Final governing rule,410,`KC_Runtime_Recall_Apply_Verify_PASS = true`,UNKNOWN,LOW,"weak fuzzy match only (Parent module 'de_command_runtime_readiness_gate', overlap=1) -- insufficient confidence, needs individual semantic review"
CL-0024,L5_DGVA_v23_IMPLEMENTATION_STRICT_Autonomous_Remote_Transport_Recovery.md,LogFirstFsdbReportSecondDebug_PASS,INVARIANT_TOKEN,exact,V1,25,Final governing rule,410,`LogFirstFsdbReportSecondDebug_PASS = true`,CANONICAL_EQUIVALENT,HIGH,canonical module 'fsdb_report' (keyword overlap=2)
CL-0025,L5_DGVA_v23_IMPLEMENTATION_STRICT_Autonomous_Remote_Transport_Recovery.md,SignoffEvidenceTruth_PASS,INVARIANT_TOKEN,exact,V1,25,Final governing rule,410,`SignoffEvidenceTruth_PASS = true`,CANONICAL_EQUIVALENT,MEDIUM,"Parent-only module 'signoff_evidence_truth_gate' (keyword overlap=3), not yet migrated to canonical -- M5+ pool item"
CL-0026,L5_DGVA_v23_IMPLEMENTATION_STRICT_Autonomous_Remote_Transport_Recovery.md,MinimumHumanIntervention_PASS,INVARIANT_TOKEN,exact,V1,25,Final governing rule,410,`MinimumHumanIntervention_PASS = true`,CANONICAL_EQUIVALENT,MEDIUM,"Parent-only module 'human_intervention_boundary_artifact' (keyword overlap=2), not yet migrated to canonical -- M5+ pool item"
CL-0027,L5_DGVA_v23_IMPLEMENTATION_STRICT_Autonomous_Remote_Transport_Recovery.md,DEExecutableIntentDiscovery_PASS,INVARIANT_TOKEN,exact,V2,26,DE command.txt is first-class executable verification intent,459,`DEExecutableIntentDiscovery_PASS = true`,UNKNOWN,LOW,"weak fuzzy match only (Parent module 'amba_discovery_report', overlap=1) -- insufficient confidence, needs individual semantic review"
CL-0028,L5_DGVA_v23_IMPLEMENTATION_STRICT_Autonomous_Remote_Transport_Recovery.md,CommandSemanticClassification_PASS,INVARIANT_TOKEN,exact,V2,27,BLOCK / BRANCH-A / BRANCH-FW / BRANCH-B semantic contract,472,`CommandSemanticClassification_PASS = true`,UNKNOWN,LOW,"weak fuzzy match only (Parent module 'amba_command_txt_extension', overlap=1) -- insufficient confidence, needs individual semantic review"
CL-0029,L5_DGVA_v23_IMPLEMENTATION_STRICT_Autonomous_Remote_Transport_Recovery.md,Heuristic::27::28,MUST_NOT_STATEMENT,heuristic,V2,27,BLOCK / BRANCH-A / BRANCH-FW / BRANCH-B semantic contract,472,Do not flatten all DE intent into one UVM virtual sequence.,CANONICAL_EQUIVALENT,MEDIUM,Canonical's Engineering Discipline Rules already codifies the block/branch_a*/branch_fw/branch_b* architecture-conformance naming/ownership rules.
CL-0030,L5_DGVA_v23_IMPLEMENTATION_STRICT_Autonomous_Remote_Transport_Recovery.md,DECommandCompatibilityLayer_PASS,INVARIANT_TOKEN,exact,V2,28,DE-facing command compatibility layer,487,`DECommandCompatibilityLayer_PASS = true`,UNKNOWN,LOW,"weak fuzzy match only (Parent module 'amba_command_txt_extension', overlap=1) -- insufficient confidence, needs individual semantic review"
CL-0031,L5_DGVA_v23_IMPLEMENTATION_STRICT_Autonomous_Remote_Transport_Recovery.md,NoUVMRequiredInDEPattern_PASS,INVARIANT_TOKEN,exact,V2,28,DE-facing command compatibility layer,487,`NoUVMRequiredInDEPattern_PASS = true`,UNKNOWN,LOW,"weak fuzzy match only (Parent module 'de_facing_uvm_leakage_gate', overlap=1) -- insufficient confidence, needs individual semantic review"
CL-0032,L5_DGVA_v23_IMPLEMENTATION_STRICT_Autonomous_Remote_Transport_Recovery.md,Heuristic::28::31,MUST_NOT_STATEMENT,heuristic,V2,28,DE-facing command compatibility layer,487,Generated environments must remain usable by DE engineers who do not,UNKNOWN,LOW,did not match any defined bucket; not individually reviewed
CL-0033,L5_DGVA_v23_IMPLEMENTATION_STRICT_Autonomous_Remote_Transport_Recovery.md,DETaskToVIPBridge_PASS,INVARIANT_TOKEN,exact,V2,29,Control-plane task-to-VIP bridge,501,`DETaskToVIPBridge_PASS = true`,CANONICAL_EQUIVALENT,MEDIUM,"Parent-only module 'control_plane_vip_bridge_discovery' (keyword overlap=2), not yet migrated to canonical -- M5+ pool item"
CL-0034,L5_DGVA_v23_IMPLEMENTATION_STRICT_Autonomous_Remote_Transport_Recovery.md,APBCommandBridge_PASS,INVARIANT_TOKEN,exact,V2,29,Control-plane task-to-VIP bridge,501,`APBCommandBridge_PASS = true`,CANONICAL_EQUIVALENT,MEDIUM,"Parent-only module 'reference_multi_apb_bridge_discovery' (keyword overlap=2), not yet migrated to canonical -- M5+ pool item"
CL-0035,L5_DGVA_v23_IMPLEMENTATION_STRICT_Autonomous_Remote_Transport_Recovery.md,AXICommandBridge_PASS,INVARIANT_TOKEN,exact,V2,29,Control-plane task-to-VIP bridge,501,`AXICommandBridge_PASS = true`,UNKNOWN,LOW,"weak fuzzy match only (Parent module 'amba_command_txt_extension', overlap=1) -- insufficient confidence, needs individual semantic review"
CL-0036,L5_DGVA_v23_IMPLEMENTATION_STRICT_Autonomous_Remote_Transport_Recovery.md,RequiredControlPlaneVIPDiscovery_PASS,INVARIANT_TOKEN,exact,V2,30,Required VIP set must include control-plane VIPs,520,`RequiredControlPlaneVIPDiscovery_PASS = true`,CANONICAL_EQUIVALENT,HIGH,canonical module 'control_plane' (keyword overlap=2)
CL-0037,L5_DGVA_v23_IMPLEMENTATION_STRICT_Autonomous_Remote_Transport_Recovery.md,RequiredVIPSetCompleteness_PASS,INVARIANT_TOKEN,exact,V2,30,Required VIP set must include control-plane VIPs,520,`RequiredVIPSetCompleteness_PASS = true`,UNKNOWN,LOW,"weak fuzzy match only (Parent module 'control_plane_vip_bridge_discovery', overlap=1) -- insufficient confidence, needs individual semantic review"
CL-0038,L5_DGVA_v23_IMPLEMENTATION_STRICT_Autonomous_Remote_Transport_Recovery.md,DEBringupCompletenessGuard_PASS,INVARIANT_TOKEN,exact,V2,31,Material bring-up completeness guard,534,`DEBringupCompletenessGuard_PASS = true`,UNKNOWN,LOW,"weak fuzzy match only (Parent module 'test_suite_completeness_artifact', overlap=1) -- insufficient confidence, needs individual semantic review"
CL-0039,L5_DGVA_v23_IMPLEMENTATION_STRICT_Autonomous_Remote_Transport_Recovery.md,NoMaterialBringupNoopFalsePass_PASS,INVARIANT_TOKEN,exact,V2,31,Material bring-up completeness guard,534,`NoMaterialBringupNoopFalsePass_PASS = true`,NEW_VALID_GOVERNANCE_REQUIREMENT,LOW,no fuzzy keyword match (0 overlap) against any of 498 Parent or canonical module names -- candidate for individual verification
CL-0040,L5_DGVA_v23_IMPLEMENTATION_STRICT_Autonomous_Remote_Transport_Recovery.md,TwoHooksBridgeArchitecture_PASS,INVARIANT_TOKEN,exact,V2,32,Two-Hooks + Bridges structural compatibility,551,`TwoHooksBridgeArchitecture_PASS = true`,CANONICAL_EQUIVALENT,MEDIUM,"Parent-only module 'two_hooks_bridge_architecture' (keyword overlap=4), not yet migrated to canonical -- M5+ pool item"
CL-0041,L5_DGVA_v23_IMPLEMENTATION_STRICT_Autonomous_Remote_Transport_Recovery.md,Heuristic::32::40,MUST_NOT_STATEMENT,heuristic,V2,32,Two-Hooks + Bridges structural compatibility,551,Do not replace this with a pure UVM virtual-sequence architecture when,UNKNOWN,LOW,did not match any defined bucket; not individually reviewed
CL-0042,L5_DGVA_v23_IMPLEMENTATION_STRICT_Autonomous_Remote_Transport_Recovery.md,PreGenerationArchitectureCompletenessGate_PASS,INVARIANT_TOKEN,exact,V2,33,Mandatory pre-generation architecture gate,568,`PreGenerationArchitectureCompletenessGate_PASS = true`,CANONICAL_EQUIVALENT,HIGH,canonical module 'design_completeness_gate' (keyword overlap=2)
CL-0043,L5_DGVA_v23_IMPLEMENTATION_STRICT_Autonomous_Remote_Transport_Recovery.md,Heuristic::33::42,MUST_NOT_STATEMENT,heuristic,V2,33,Mandatory pre-generation architecture gate,568,Never create a no-op bring-up implementation and run it merely to see,UNKNOWN,LOW,did not match any defined bucket; not individually reviewed
CL-0044,L5_DGVA_v23_IMPLEMENTATION_STRICT_Autonomous_Remote_Transport_Recovery.md,SystemCommandIntentComposition_PASS,INVARIANT_TOKEN,exact,V2,34,System-Level command composition,604,`SystemCommandIntentComposition_PASS = true`,CANONICAL_EQUIVALENT,HIGH,canonical module 'system_command_grammar_ir' (keyword overlap=2)
CL-0045,L5_DGVA_v23_IMPLEMENTATION_STRICT_Autonomous_Remote_Transport_Recovery.md,SystemFWServiceDeduplication_PASS,INVARIANT_TOKEN,exact,V2,34,System-Level command composition,604,`SystemFWServiceDeduplication_PASS = true`,CANONICAL_EQUIVALENT,HIGH,canonical module 'system_fw_service_registry' (keyword overlap=2)
CL-0046,L5_DGVA_v23_IMPLEMENTATION_STRICT_Autonomous_Remote_Transport_Recovery.md,Heuristic::34::45,MUST_NOT_STATEMENT,heuristic,V2,34,System-Level command composition,604,Do not concatenate `command.txt` files blindly.,CANONICAL_EQUIVALENT,MEDIUM,Canonical's Engineering Discipline Rules already codifies the block/branch_a*/branch_fw/branch_b* architecture-conformance naming/ownership rules.
CL-0047,L5_DGVA_v23_IMPLEMENTATION_STRICT_Autonomous_Remote_Transport_Recovery.md,ScopeAwareDECommandArchitecture_PASS,INVARIANT_TOKEN,exact,V2,35,Scope-aware command semantics,622,`ScopeAwareDECommandArchitecture_PASS = true`,UNKNOWN,LOW,"weak fuzzy match only (Parent module 'amba_command_txt_extension', overlap=1) -- insufficient confidence, needs individual semantic review"
CL-0048,L5_DGVA_v23_IMPLEMENTATION_STRICT_Autonomous_Remote_Transport_Recovery.md,Heuristic::35::47,MUST_NOT_STATEMENT,heuristic,V2,35,Scope-aware command semantics,622,Use one generic command semantic engine with `ScopeProfile`; do not,UNKNOWN,LOW,did not match any defined bucket; not individually reviewed
CL-0049,L5_DGVA_v23_IMPLEMENTATION_STRICT_Autonomous_Remote_Transport_Recovery.md,PreGenerationKCRuntimeRecall_PASS,INVARIANT_TOKEN,exact,V2,36,Reference and KC retrieval before generation,639,`PreGenerationKCRuntimeRecall_PASS = true`,UNKNOWN,LOW,"weak fuzzy match only (Parent module 'coverage_hole_generation_candidate_queue', overlap=1) -- insufficient confidence, needs individual semantic review"
CL-0050,L5_DGVA_v23_IMPLEMENTATION_STRICT_Autonomous_Remote_Transport_Recovery.md,SystemicArchitectureRootCauseClassification_PASS,INVARIANT_TOKEN,exact,V2,37,Systemic root-cause classification,659,`SystemicArchitectureRootCauseClassification_PASS = true`,CANONICAL_EQUIVALENT,HIGH,canonical module 'intra_project_root_cause_clustering' (keyword overlap=2)
CL-0051,L5_DGVA_v23_IMPLEMENTATION_STRICT_Autonomous_Remote_Transport_Recovery.md,Heuristic::37::50,MUST_NOT_STATEMENT,heuristic,V2,37,Systemic root-cause classification,659,Do not reduce this failure class to `MISSING_APB_VIP`.,UNKNOWN,LOW,did not match any defined bucket; not individually reviewed
CL-0052,L5_DGVA_v23_IMPLEMENTATION_STRICT_Autonomous_Remote_Transport_Recovery.md,Heuristic::38::52,MUST_NOT_STATEMENT,heuristic,V2,38,Debug evidence ladder remains mandatory,675,Do not invent `fsdbreport` syntax.,CONSTITUTION_ALREADY_COVERS,MEDIUM,Canonical's Evidence Truth Rule + Article 0 EVIDENCE_GROUNDED dimension already establish this exact general principle.
CL-0053,L5_DGVA_v23_IMPLEMENTATION_STRICT_Autonomous_Remote_Transport_Recovery.md,ReferencePatternArchitectureInheritFirst_PASS,INVARIANT_TOKEN,exact,V3,,(preamble),733,`ReferencePatternArchitectureInheritFirst_PASS = true`,CANONICAL_EQUIVALENT,HIGH,canonical module 'reference_pattern_audit' (keyword overlap=2)
CL-0054,L5_DGVA_v23_IMPLEMENTATION_STRICT_Autonomous_Remote_Transport_Recovery.md,Heuristic::(preamble)::71,MUST_NOT_STATEMENT,heuristic,V3,,(preamble),733,Reuse structural execution methods; do not copy USB-specific,UNKNOWN,LOW,did not match any defined bucket; not individually reviewed
CL-0055,L5_DGVA_v23_IMPLEMENTATION_STRICT_Autonomous_Remote_Transport_Recovery.md,ReferencePatternInventory_PASS,INVARIANT_TOKEN,exact,V3,,Reference Pattern Architecture Discovery,749,`ReferencePatternInventory_PASS = true`,CANONICAL_EQUIVALENT,HIGH,canonical module 'atb_reference_inventory' (keyword overlap=2)
CL-0056,L5_DGVA_v23_IMPLEMENTATION_STRICT_Autonomous_Remote_Transport_Recovery.md,ReferenceBlockArchitecture_PASS,INVARIANT_TOKEN,exact,V3,,Reference Pattern Architecture Discovery,749,`ReferenceBlockArchitecture_PASS = true`,CANONICAL_EQUIVALENT,MEDIUM,"Parent-only module 'reference_de_block_branch_ownership_discovery' (keyword overlap=2), not yet migrated to canonical -- M5+ pool item"
CL-0057,L5_DGVA_v23_IMPLEMENTATION_STRICT_Autonomous_Remote_Transport_Recovery.md,ReferenceBranchAArchitecture_PASS,INVARIANT_TOKEN,exact,V3,,Reference Pattern Architecture Discovery,749,`ReferenceBranchAArchitecture_PASS = true`,CANONICAL_EQUIVALENT,MEDIUM,"Parent-only module 'reference_de_block_branch_ownership_discovery' (keyword overlap=2), not yet migrated to canonical -- M5+ pool item"
CL-0058,L5_DGVA_v23_IMPLEMENTATION_STRICT_Autonomous_Remote_Transport_Recovery.md,ReferenceBranchFWArchitecture_PASS,INVARIANT_TOKEN,exact,V3,,Reference Pattern Architecture Discovery,749,`ReferenceBranchFWArchitecture_PASS = true`,CANONICAL_EQUIVALENT,MEDIUM,"Parent-only module 'reference_de_block_branch_ownership_discovery' (keyword overlap=2), not yet migrated to canonical -- M5+ pool item"
CL-0059,L5_DGVA_v23_IMPLEMENTATION_STRICT_Autonomous_Remote_Transport_Recovery.md,ReferenceBranchBArchitecture_PASS,INVARIANT_TOKEN,exact,V3,,Reference Pattern Architecture Discovery,749,`ReferenceBranchBArchitecture_PASS = true`,CANONICAL_EQUIVALENT,MEDIUM,"Parent-only module 'reference_de_block_branch_ownership_discovery' (keyword overlap=2), not yet migrated to canonical -- M5+ pool item"
CL-0060,L5_DGVA_v23_IMPLEMENTATION_STRICT_Autonomous_Remote_Transport_Recovery.md,ReferenceForkJoinSemantics_PASS,INVARIANT_TOKEN,exact,V3,,"Fork/Join, Synchronization and IRQ",772,`ReferenceForkJoinSemantics_PASS = true`,UNKNOWN,LOW,"weak fuzzy match only (Parent module 'atb_reference_inventory', overlap=1) -- insufficient confidence, needs individual semantic review"
CL-0061,L5_DGVA_v23_IMPLEMENTATION_STRICT_Autonomous_Remote_Transport_Recovery.md,ReferenceCrossBranchSynchronization_PASS,INVARIANT_TOKEN,exact,V3,,"Fork/Join, Synchronization and IRQ",772,`ReferenceCrossBranchSynchronization_PASS = true`,CANONICAL_EQUIVALENT,MEDIUM,"Parent-only module 'reference_de_block_branch_ownership_discovery' (keyword overlap=2), not yet migrated to canonical -- M5+ pool item"
CL-0062,L5_DGVA_v23_IMPLEMENTATION_STRICT_Autonomous_Remote_Transport_Recovery.md,ReferenceIRQEventServiceDiscovery_PASS,INVARIANT_TOKEN,exact,V3,,"Fork/Join, Synchronization and IRQ",772,`ReferenceIRQEventServiceDiscovery_PASS = true`,CANONICAL_EQUIVALENT,MEDIUM,"Parent-only module 'reference_irq_event_to_service_flow_discovery' (keyword overlap=5), not yet migrated to canonical -- M5+ pool item"
CL-0063,L5_DGVA_v23_IMPLEMENTATION_STRICT_Autonomous_Remote_Transport_Recovery.md,EventDrivenFirmwareServiceLoopMethod_PASS,INVARIANT_TOKEN,exact,V3,,"Fork/Join, Synchronization and IRQ",772,`EventDrivenFirmwareServiceLoopMethod_PASS = true`,CANONICAL_EQUIVALENT,MEDIUM,"Parent-only module 'reference_irq_event_to_service_flow_discovery' (keyword overlap=2), not yet migrated to canonical -- M5+ pool item"
CL-0064,L5_DGVA_v23_IMPLEMENTATION_STRICT_Autonomous_Remote_Transport_Recovery.md,ReferenceDETaskAPIDiscovery_PASS,INVARIANT_TOKEN,exact,V3,,DE Task API and Bridge Discovery,793,`ReferenceDETaskAPIDiscovery_PASS = true`,CANONICAL_EQUIVALENT,MEDIUM,"Parent-only module 'l5dgva_qualified_reference_producer_discovery_order' (keyword overlap=2), not yet migrated to canonical -- M5+ pool item"
CL-0065,L5_DGVA_v23_IMPLEMENTATION_STRICT_Autonomous_Remote_Transport_Recovery.md,ReferenceMultiAPBProducerDiscovery_PASS,INVARIANT_TOKEN,exact,V3,,Multi-APB Producer and Master Topology,806,`ReferenceMultiAPBProducerDiscovery_PASS = true`,CANONICAL_EQUIVALENT,MEDIUM,"Parent-only module 'reference_multi_apb_bridge_discovery' (keyword overlap=4), not yet migrated to canonical -- M5+ pool item"
CL-0066,L5_DGVA_v23_IMPLEMENTATION_STRICT_Autonomous_Remote_Transport_Recovery.md,ReferenceAPBMasterTopologyDiscovery_PASS,INVARIANT_TOKEN,exact,V3,,Multi-APB Producer and Master Topology,806,`ReferenceAPBMasterTopologyDiscovery_PASS = true`,CANONICAL_EQUIVALENT,MEDIUM,"Parent-only module 'reference_multi_apb_bridge_discovery' (keyword overlap=3), not yet migrated to canonical -- M5+ pool item"
CL-0067,L5_DGVA_v23_IMPLEMENTATION_STRICT_Autonomous_Remote_Transport_Recovery.md,Artifact::APBRequestProducerSet,ARTIFACT_REQUIREMENT,exact,V3,,Multi-APB Producer and Master Topology,806,Create `APBRequestProducerSet`,CANONICAL_EQUIVALENT,MEDIUM,amba_master_slave_constraint_ir.py-family concept (AMBA topology IR)
CL-0068,L5_DGVA_v23_IMPLEMENTATION_STRICT_Autonomous_Remote_Transport_Recovery.md,ReferenceAPBRequestRoutingDiscovery_PASS,INVARIANT_TOKEN,exact,V3,,"APB Routing, Single Ownership and Arbitration",824,`ReferenceAPBRequestRoutingDiscovery_PASS = true`,CANONICAL_EQUIVALENT,MEDIUM,"Parent-only module 'reference_multi_apb_bridge_discovery' (keyword overlap=3), not yet migrated to canonical -- M5+ pool item"
CL-0069,L5_DGVA_v23_IMPLEMENTATION_STRICT_Autonomous_Remote_Transport_Recovery.md,SingleAPBMasterOwnership_PASS,INVARIANT_TOKEN,exact,V3,,"APB Routing, Single Ownership and Arbitration",824,`SingleAPBMasterOwnership_PASS = true`,UNKNOWN,LOW,"weak fuzzy match only (Parent module 'amba_master_slave_constraint_ir', overlap=1) -- insufficient confidence, needs individual semantic review"
CL-0070,L5_DGVA_v23_IMPLEMENTATION_STRICT_Autonomous_Remote_Transport_Recovery.md,ConcurrentAPBMasterDrive_Count,INVARIANT_TOKEN,exact,V3,,"APB Routing, Single Ownership and Arbitration",824,`ConcurrentAPBMasterDrive_Count = 0`,UNKNOWN,LOW,"weak fuzzy match only (Parent module 'amba_master_slave_constraint_ir', overlap=1) -- insufficient confidence, needs individual semantic review"
CL-0071,L5_DGVA_v23_IMPLEMENTATION_STRICT_Autonomous_Remote_Transport_Recovery.md,ReferenceAPBArbitrationDiscovery_PASS,INVARIANT_TOKEN,exact,V3,,"APB Routing, Single Ownership and Arbitration",824,`ReferenceAPBArbitrationDiscovery_PASS = true`,CANONICAL_EQUIVALENT,MEDIUM,"Parent-only module 'reference_multi_apb_bridge_discovery' (keyword overlap=3), not yet migrated to canonical -- M5+ pool item"
CL-0072,L5_DGVA_v23_IMPLEMENTATION_STRICT_Autonomous_Remote_Transport_Recovery.md,ReferenceAPBArbitrationGranularity_PASS,INVARIANT_TOKEN,exact,V3,,"APB Routing, Single Ownership and Arbitration",824,`ReferenceAPBArbitrationGranularity_PASS = true`,CANONICAL_EQUIVALENT,MEDIUM,"Parent-only module 'reference_multi_apb_bridge_discovery' (keyword overlap=2), not yet migrated to canonical -- M5+ pool item"
CL-0073,L5_DGVA_v23_IMPLEMENTATION_STRICT_Autonomous_Remote_Transport_Recovery.md,"Heuristic::APB Routing, Single Ownership and Arbitration::91",MUST_NOT_STATEMENT,heuristic,V3,,"APB Routing, Single Ownership and Arbitration",824,"Do not invent FIFO, round-robin, priority, semaphore or UVM arbitration",CONSTITUTION_ALREADY_COVERS,MEDIUM,Canonical's Evidence Truth Rule + Article 0 EVIDENCE_GROUNDED dimension already establish this exact general principle.
CL-0074,L5_DGVA_v23_IMPLEMENTATION_STRICT_Autonomous_Remote_Transport_Recovery.md,ReferenceAPBFairnessDiscovery_PASS,INVARIANT_TOKEN,exact,V3,,"APB Fairness, IRQ Priority and Starvation",848,`ReferenceAPBFairnessDiscovery_PASS = true`,CANONICAL_EQUIVALENT,MEDIUM,"Parent-only module 'reference_multi_apb_bridge_discovery' (keyword overlap=3), not yet migrated to canonical -- M5+ pool item"
CL-0075,L5_DGVA_v23_IMPLEMENTATION_STRICT_Autonomous_Remote_Transport_Recovery.md,ReferenceAPBIRQPriorityDiscovery_PASS,INVARIANT_TOKEN,exact,V3,,"APB Fairness, IRQ Priority and Starvation",848,`ReferenceAPBIRQPriorityDiscovery_PASS = true`,CANONICAL_EQUIVALENT,MEDIUM,"Parent-only module 'l5dgva_qualified_reference_producer_discovery_order' (keyword overlap=2), not yet migrated to canonical -- M5+ pool item"
CL-0076,L5_DGVA_v23_IMPLEMENTATION_STRICT_Autonomous_Remote_Transport_Recovery.md,APBStarvationPrevention_PASS,INVARIANT_TOKEN,exact,V3,,"APB Fairness, IRQ Priority and Starvation",848,`APBStarvationPrevention_PASS = true`,UNKNOWN,LOW,"weak fuzzy match only (Parent module 'multi_apb_scheduler_generation_readiness_gate', overlap=1) -- insufficient confidence, needs individual semantic review"
CL-0077,L5_DGVA_v23_IMPLEMENTATION_STRICT_Autonomous_Remote_Transport_Recovery.md,ReferenceAPBAtomicityDiscovery_PASS,INVARIANT_TOKEN,exact,V3,,"APB Atomicity, Request Identity and Completion",864,`ReferenceAPBAtomicityDiscovery_PASS = true`,CANONICAL_EQUIVALENT,MEDIUM,"Parent-only module 'reference_multi_apb_bridge_discovery' (keyword overlap=3), not yet migrated to canonical -- M5+ pool item"
CL-0078,L5_DGVA_v23_IMPLEMENTATION_STRICT_Autonomous_Remote_Transport_Recovery.md,APBRequestIdentity_PASS,INVARIANT_TOKEN,exact,V3,,"APB Atomicity, Request Identity and Completion",864,`APBRequestIdentity_PASS = true`,UNKNOWN,LOW,"weak fuzzy match only (Parent module 'kc_meta_self_healing_identity_freeze', overlap=1) -- insufficient confidence, needs individual semantic review"
CL-0079,L5_DGVA_v23_IMPLEMENTATION_STRICT_Autonomous_Remote_Transport_Recovery.md,APBCompletionRouting_PASS,INVARIANT_TOKEN,exact,V3,,"APB Atomicity, Request Identity and Completion",864,`APBCompletionRouting_PASS = true`,UNKNOWN,LOW,"weak fuzzy match only (Parent module 'de_command_migration_completion_gate', overlap=1) -- insufficient confidence, needs individual semantic review"
CL-0080,L5_DGVA_v23_IMPLEMENTATION_STRICT_Autonomous_Remote_Transport_Recovery.md,APBReadDataRequesterIdentity_PASS,INVARIANT_TOKEN,exact,V3,,"APB Atomicity, Request Identity and Completion",864,`APBReadDataRequesterIdentity_PASS = true`,UNKNOWN,LOW,"weak fuzzy match only (Parent module 'kc_meta_self_healing_identity_freeze', overlap=1) -- insufficient confidence, needs individual semantic review"
CL-0081,L5_DGVA_v23_IMPLEMENTATION_STRICT_Autonomous_Remote_Transport_Recovery.md,DEAPBTaskCompletionSemantics_PASS,INVARIANT_TOKEN,exact,V3,,"APB Atomicity, Request Identity and Completion",864,`DEAPBTaskCompletionSemantics_PASS = true`,UNKNOWN,LOW,"weak fuzzy match only (Parent module 'command_task_trace', overlap=1) -- insufficient confidence, needs individual semantic review"
CL-0082,L5_DGVA_v23_IMPLEMENTATION_STRICT_Autonomous_Remote_Transport_Recovery.md,ReferenceAPBTimeoutRecoveryDiscovery_PASS,INVARIANT_TOKEN,exact,V3,,"APB Timeout, Reset and Scheduler Lifecycle",883,`ReferenceAPBTimeoutRecoveryDiscovery_PASS = true`,CANONICAL_EQUIVALENT,MEDIUM,"Parent-only module 'reference_multi_apb_bridge_discovery' (keyword overlap=3), not yet migrated to canonical -- M5+ pool item"
CL-0083,L5_DGVA_v23_IMPLEMENTATION_STRICT_Autonomous_Remote_Transport_Recovery.md,ReferenceAPBResetFlushDiscovery_PASS,INVARIANT_TOKEN,exact,V3,,"APB Timeout, Reset and Scheduler Lifecycle",883,`ReferenceAPBResetFlushDiscovery_PASS = true`,CANONICAL_EQUIVALENT,MEDIUM,"Parent-only module 'reference_multi_apb_bridge_discovery' (keyword overlap=3), not yet migrated to canonical -- M5+ pool item"
CL-0084,L5_DGVA_v23_IMPLEMENTATION_STRICT_Autonomous_Remote_Transport_Recovery.md,APBSchedulerLifecycle_PASS,INVARIANT_TOKEN,exact,V3,,"APB Timeout, Reset and Scheduler Lifecycle",883,`APBSchedulerLifecycle_PASS = true`,CANONICAL_EQUIVALENT,MEDIUM,"Parent-only module 'multi_apb_scheduler_generation_readiness_gate' (keyword overlap=2), not yet migrated to canonical -- M5+ pool item"
CL-0085,L5_DGVA_v23_IMPLEMENTATION_STRICT_Autonomous_Remote_Transport_Recovery.md,SharedAPBMasterFairServiceMethod_PASS,INVARIANT_TOKEN,exact,V3,,SharedAPBMasterFairServiceMethod,898,`SharedAPBMasterFairServiceMethod_PASS = true`,UNKNOWN,LOW,"weak fuzzy match only (Parent module 'amba_master_slave_constraint_ir', overlap=1) -- insufficient confidence, needs individual semantic review"
CL-0086,L5_DGVA_v23_IMPLEMENTATION_STRICT_Autonomous_Remote_Transport_Recovery.md,MultiAPBRouterSchedulerArchitecture_PASS,INVARIANT_TOKEN,exact,V3,,N Producers → M APB Masters,915,`MultiAPBRouterSchedulerArchitecture_PASS = true`,CANONICAL_EQUIVALENT,MEDIUM,"Parent-only module 'multi_apb_scheduler_generation_readiness_gate' (keyword overlap=3), not yet migrated to canonical -- M5+ pool item"
CL-0087,L5_DGVA_v23_IMPLEMENTATION_STRICT_Autonomous_Remote_Transport_Recovery.md,APBAXISchedulingSeparation_PASS,INVARIANT_TOKEN,exact,V3,,N Producers → M APB Masters,915,`APBAXISchedulingSeparation_PASS = true`,UNKNOWN,LOW,"weak fuzzy match only (Parent module 'five_discovery_domain_separation_gate', overlap=1) -- insufficient confidence, needs individual semantic review"
CL-0088,L5_DGVA_v23_IMPLEMENTATION_STRICT_Autonomous_Remote_Transport_Recovery.md,Heuristic::N Producers → M APB Masters::106,MUST_NOT_STATEMENT,heuristic,V3,,N Producers → M APB Masters,915,Do not globally serialize independent APB domains.,UNKNOWN,LOW,did not match any defined bucket; not individually reviewed
CL-0089,L5_DGVA_v23_IMPLEMENTATION_STRICT_Autonomous_Remote_Transport_Recovery.md,Heuristic::N Producers → M APB Masters::107,MUST_NOT_STATEMENT,heuristic,V3,,N Producers → M APB Masters,915,Do not copy APB scheduling semantics directly to AXI.,UNKNOWN,LOW,did not match any defined bucket; not individually reviewed
CL-0090,L5_DGVA_v23_IMPLEMENTATION_STRICT_Autonomous_Remote_Transport_Recovery.md,ReferencePatternArchitectureManifest_PASS,INVARIANT_TOKEN,exact,V3,,ReferencePatternArchitectureManifest and Target Reconciliation,929,`ReferencePatternArchitectureManifest_PASS = true`,CANONICAL_EQUIVALENT,HIGH,canonical module 'reference_pattern_audit' (keyword overlap=2)
CL-0091,L5_DGVA_v23_IMPLEMENTATION_STRICT_Autonomous_Remote_Transport_Recovery.md,CurrentPatternArchitectureReconciliation_PASS,INVARIANT_TOKEN,exact,V3,,ReferencePatternArchitectureManifest and Target Reconciliation,929,`CurrentPatternArchitectureReconciliation_PASS = true`,CANONICAL_EQUIVALENT,MEDIUM,"Parent-only module 'reference_pattern_architecture_manifest' (keyword overlap=2), not yet migrated to canonical -- M5+ pool item"
CL-0092,L5_DGVA_v23_IMPLEMENTATION_STRICT_Autonomous_Remote_Transport_Recovery.md,ReferencePatternMinimalDiff_PASS,INVARIANT_TOKEN,exact,V3,,ReferencePatternArchitectureManifest and Target Reconciliation,929,`ReferencePatternMinimalDiff_PASS = true`,CANONICAL_EQUIVALENT,HIGH,canonical module 'reference_pattern_audit' (keyword overlap=2)
CL-0093,L5_DGVA_v23_IMPLEMENTATION_STRICT_Autonomous_Remote_Transport_Recovery.md,Artifact::ReferencePatternArchitectureManifest,ARTIFACT_REQUIREMENT,exact,V3,,ReferencePatternArchitectureManifest and Target Reconciliation,929,Create `ReferencePatternArchitectureManifest`,CANONICAL_EQUIVALENT,MEDIUM,reference_pattern_architecture_pregen_gate.py
CL-0094,L5_DGVA_v23_IMPLEMENTATION_STRICT_Autonomous_Remote_Transport_Recovery.md,ReferencePatternPreGenerationGate_PASS,INVARIANT_TOKEN,exact,V3,,Mandatory Reference Pattern Pre-Generation Gate,949,`ReferencePatternPreGenerationGate_PASS = true`,CANONICAL_EQUIVALENT,HIGH,canonical module 'reference_pattern_audit' (keyword overlap=2)
CL-0095,L5_DGVA_v23_IMPLEMENTATION_STRICT_Autonomous_Remote_Transport_Recovery.md,CustomSchedulerBeforeReferenceDiscovery_Count,INVARIANT_TOKEN,exact,V3,,Mandatory Reference Pattern Pre-Generation Gate,949,`CustomSchedulerBeforeReferenceDiscovery_Count = 0`,CANONICAL_EQUIVALENT,MEDIUM,"Parent-only module 'l5dgva_qualified_reference_producer_discovery_order' (keyword overlap=2), not yet migrated to canonical -- M5+ pool item"
CL-0096,L5_DGVA_v23_IMPLEMENTATION_STRICT_Autonomous_Remote_Transport_Recovery.md,Heuristic::Mandatory Reference Pattern Pre-Generation Gate::115,MUST_NOT_STATEMENT,heuristic,V3,,Mandatory Reference Pattern Pre-Generation Gate,949,"Do not implement a custom semaphore, FIFO, round-robin arbiter, APB",UNKNOWN,LOW,did not match any defined bucket; not individually reviewed
CL-0097,L5_DGVA_v23_IMPLEMENTATION_STRICT_Autonomous_Remote_Transport_Recovery.md,Heuristic::(preamble)::127,MUST_NOT_STATEMENT,heuristic,V4,,(preamble),1015,"Do not redesign filesystem, Makefile, pattern structure, control-plane",UNKNOWN,LOW,did not match any defined bucket; not individually reviewed
CL-0098,L5_DGVA_v23_IMPLEMENTATION_STRICT_Autonomous_Remote_Transport_Recovery.md,ScopeAwarePatternArchitecture_PASS,INVARIANT_TOKEN,exact,V4,64,Scope-Aware Pattern Architecture,1029,`ScopeAwarePatternArchitecture_PASS = true`,CANONICAL_EQUIVALENT,MEDIUM,"Parent-only module 'reference_pattern_architecture_manifest' (keyword overlap=2), not yet migrated to canonical -- M5+ pool item"
CL-0099,L5_DGVA_v23_IMPLEMENTATION_STRICT_Autonomous_Remote_Transport_Recovery.md,IPPatternArchitecture_PASS,INVARIANT_TOKEN,exact,V4,64,Scope-Aware Pattern Architecture,1029,`IPPatternArchitecture_PASS = true`,CANONICAL_EQUIVALENT,MEDIUM,"Parent-only module 'reference_pattern_architecture_manifest' (keyword overlap=2), not yet migrated to canonical -- M5+ pool item"
CL-0100,L5_DGVA_v23_IMPLEMENTATION_STRICT_Autonomous_Remote_Transport_Recovery.md,SubsystemPatternArchitecture_PASS,INVARIANT_TOKEN,exact,V4,64,Scope-Aware Pattern Architecture,1029,`SubsystemPatternArchitecture_PASS = true`,CANONICAL_EQUIVALENT,HIGH,canonical module 'subsystem_architecture_analysis' (keyword overlap=2)
CL-0101,L5_DGVA_v23_IMPLEMENTATION_STRICT_Autonomous_Remote_Transport_Recovery.md,SystemLevelPatternArchitecture_PASS,INVARIANT_TOKEN,exact,V4,64,Scope-Aware Pattern Architecture,1029,`SystemLevelPatternArchitecture_PASS = true`,CANONICAL_EQUIVALENT,MEDIUM,"Parent-only module 'reference_pattern_architecture_manifest' (keyword overlap=2), not yet migrated to canonical -- M5+ pool item"
CL-0102,L5_DGVA_v23_IMPLEMENTATION_STRICT_Autonomous_Remote_Transport_Recovery.md,HierarchicalDECommandComposition_PASS,INVARIANT_TOKEN,exact,V4,65,Hierarchical DE Command and Control-Plane Composition,1051,`HierarchicalDECommandComposition_PASS = true`,UNKNOWN,LOW,"weak fuzzy match only (Parent module 'amba_command_txt_extension', overlap=1) -- insufficient confidence, needs individual semantic review"
CL-0103,L5_DGVA_v23_IMPLEMENTATION_STRICT_Autonomous_Remote_Transport_Recovery.md,HierarchicalControlPlaneComposition_PASS,INVARIANT_TOKEN,exact,V4,65,Hierarchical DE Command and Control-Plane Composition,1051,`HierarchicalControlPlaneComposition_PASS = true`,CANONICAL_EQUIVALENT,HIGH,canonical module 'control_plane' (keyword overlap=2)
CL-0104,L5_DGVA_v23_IMPLEMENTATION_STRICT_Autonomous_Remote_Transport_Recovery.md,ScopeAwareMultiAPBService_PASS,INVARIANT_TOKEN,exact,V4,65,Hierarchical DE Command and Control-Plane Composition,1051,`ScopeAwareMultiAPBService_PASS = true`,CANONICAL_EQUIVALENT,MEDIUM,"Parent-only module 'multi_apb_scheduler_generation_readiness_gate' (keyword overlap=2), not yet migrated to canonical -- M5+ pool item"
CL-0105,L5_DGVA_v23_IMPLEMENTATION_STRICT_Autonomous_Remote_Transport_Recovery.md,LowerLevelAPBServiceReuse_PASS,INVARIANT_TOKEN,exact,V4,65,Hierarchical DE Command and Control-Plane Composition,1051,`LowerLevelAPBServiceReuse_PASS = true`,UNKNOWN,LOW,"weak fuzzy match only (Parent module 'existing_command_reuse_score', overlap=1) -- insufficient confidence, needs individual semantic review"
CL-0106,L5_DGVA_v23_IMPLEMENTATION_STRICT_Autonomous_Remote_Transport_Recovery.md,DuplicateAPBServiceOwner_Count,INVARIANT_TOKEN,exact,V4,65,Hierarchical DE Command and Control-Plane Composition,1051,`DuplicateAPBServiceOwner_Count = 0`,UNKNOWN,LOW,"weak fuzzy match only (Parent module 'irq_de_command_service_sequence_join', overlap=1) -- insufficient confidence, needs individual semantic review"
CL-0107,L5_DGVA_v23_IMPLEMENTATION_STRICT_Autonomous_Remote_Transport_Recovery.md,Heuristic::65::137,MUST_NOT_STATEMENT,heuristic,V4,65,Hierarchical DE Command and Control-Plane Composition,1051,Do not,NON_NORMATIVE,HIGH,regex sentence-splitting artifact (fragment with no independent content)
CL-0108,L5_DGVA_v23_IMPLEMENTATION_STRICT_Autonomous_Remote_Transport_Recovery.md,ReferenceFilesystemCanonicalBaseline_PASS,INVARIANT_TOKEN,exact,V4,66,Canonical Filesystem Baseline,1074,`ReferenceFilesystemCanonicalBaseline_PASS = true`,CANONICAL_EQUIVALENT,MEDIUM,"Parent-only module 'canonical_reference_integration_baseline_gate' (keyword overlap=3), not yet migrated to canonical -- M5+ pool item"
CL-0109,L5_DGVA_v23_IMPLEMENTATION_STRICT_Autonomous_Remote_Transport_Recovery.md,ReferenceFilesystemDiscovery_PASS,INVARIANT_TOKEN,exact,V4,67,Filesystem Discovery and Manifest,1083,`ReferenceFilesystemDiscovery_PASS = true`,CANONICAL_EQUIVALENT,MEDIUM,"Parent-only module 'l5dgva_qualified_reference_producer_discovery_order' (keyword overlap=2), not yet migrated to canonical -- M5+ pool item"
CL-0110,L5_DGVA_v23_IMPLEMENTATION_STRICT_Autonomous_Remote_Transport_Recovery.md,ReferenceDirectoryPurposeClassification_PASS,INVARIANT_TOKEN,exact,V4,67,Filesystem Discovery and Manifest,1083,`ReferenceDirectoryPurposeClassification_PASS = true`,UNKNOWN,LOW,"weak fuzzy match only (Parent module 'amba_performance_classification', overlap=1) -- insufficient confidence, needs individual semantic review"
CL-0111,L5_DGVA_v23_IMPLEMENTATION_STRICT_Autonomous_Remote_Transport_Recovery.md,ReferenceFilesystemManifest_PASS,INVARIANT_TOKEN,exact,V4,67,Filesystem Discovery and Manifest,1083,`ReferenceFilesystemManifest_PASS = true`,CANONICAL_EQUIVALENT,MEDIUM,"Parent-only module 'reference_filesystem_parity_manifest' (keyword overlap=3), not yet migrated to canonical -- M5+ pool item"
CL-0112,L5_DGVA_v23_IMPLEMENTATION_STRICT_Autonomous_Remote_Transport_Recovery.md,ReferenceCanonicalFileDiscovery_PASS,INVARIANT_TOKEN,exact,V4,67,Filesystem Discovery and Manifest,1083,`ReferenceCanonicalFileDiscovery_PASS = true`,CANONICAL_EQUIVALENT,MEDIUM,"Parent-only module 'canonical_reference_integration_baseline_gate' (keyword overlap=2), not yet migrated to canonical -- M5+ pool item"
CL-0113,L5_DGVA_v23_IMPLEMENTATION_STRICT_Autonomous_Remote_Transport_Recovery.md,Artifact::ReferenceFilesystemManifest,ARTIFACT_REQUIREMENT,exact,V4,67,Filesystem Discovery and Manifest,1083,Create `ReferenceFilesystemManifest`,UNKNOWN,MEDIUM,no clear Parent module match found by name
CL-0114,L5_DGVA_v23_IMPLEMENTATION_STRICT_Autonomous_Remote_Transport_Recovery.md,GeneratedDirectoryArchitectureParity_PASS,INVARIANT_TOKEN,exact,V4,68,Filesystem Parity and Extensions,1100,`GeneratedDirectoryArchitectureParity_PASS = true`,UNKNOWN,LOW,"weak fuzzy match only (Parent module 'design_architecture_ir', overlap=1) -- insufficient confidence, needs individual semantic review"
CL-0115,L5_DGVA_v23_IMPLEMENTATION_STRICT_Autonomous_Remote_Transport_Recovery.md,GeneratedCanonicalFilePlacementParity_PASS,INVARIANT_TOKEN,exact,V4,68,Filesystem Parity and Extensions,1100,`GeneratedCanonicalFilePlacementParity_PASS = true`,UNKNOWN,LOW,"weak fuzzy match only (Parent module 'canonical_reference_integration_baseline_gate', overlap=1) -- insufficient confidence, needs individual semantic review"
CL-0116,L5_DGVA_v23_IMPLEMENTATION_STRICT_Autonomous_Remote_Transport_Recovery.md,AdditionalDirectoryJustification_PASS,INVARIANT_TOKEN,exact,V4,68,Filesystem Parity and Extensions,1100,`AdditionalDirectoryJustification_PASS = true`,NEW_VALID_GOVERNANCE_REQUIREMENT,LOW,no fuzzy keyword match (0 overlap) against any of 498 Parent or canonical module names -- candidate for individual verification
CL-0117,L5_DGVA_v23_IMPLEMENTATION_STRICT_Autonomous_Remote_Transport_Recovery.md,NoUnjustifiedCanonicalDirectoryRename_PASS,INVARIANT_TOKEN,exact,V4,68,Filesystem Parity and Extensions,1100,`NoUnjustifiedCanonicalDirectoryRename_PASS = true`,UNKNOWN,LOW,"weak fuzzy match only (Parent module 'canonical_reference_integration_baseline_gate', overlap=1) -- insufficient confidence, needs individual semantic review"
CL-0118,L5_DGVA_v23_IMPLEMENTATION_STRICT_Autonomous_Remote_Transport_Recovery.md,NoUnjustifiedCanonicalFileRelocation_PASS,INVARIANT_TOKEN,exact,V4,68,Filesystem Parity and Extensions,1100,`NoUnjustifiedCanonicalFileRelocation_PASS = true`,UNKNOWN,LOW,"weak fuzzy match only (Parent module 'canonical_reference_integration_baseline_gate', overlap=1) -- insufficient confidence, needs individual semantic review"
CL-0119,L5_DGVA_v23_IMPLEMENTATION_STRICT_Autonomous_Remote_Transport_Recovery.md,ScopeAwareReferenceFilesystem_PASS,INVARIANT_TOKEN,exact,V4,68,Filesystem Parity and Extensions,1100,`ScopeAwareReferenceFilesystem_PASS = true`,CANONICAL_EQUIVALENT,MEDIUM,"Parent-only module 'reference_filesystem_parity_manifest' (keyword overlap=2), not yet migrated to canonical -- M5+ pool item"
CL-0120,L5_DGVA_v23_IMPLEMENTATION_STRICT_Autonomous_Remote_Transport_Recovery.md,DEFilesystemUsabilityPreservation_PASS,INVARIANT_TOKEN,exact,V4,68,Filesystem Parity and Extensions,1100,`DEFilesystemUsabilityPreservation_PASS = true`,UNKNOWN,LOW,"weak fuzzy match only (Parent module 'expected_difference_preservation_gate', overlap=1) -- insufficient confidence, needs individual semantic review"
CL-0121,L5_DGVA_v23_IMPLEMENTATION_STRICT_Autonomous_Remote_Transport_Recovery.md,FilesystemPreGenerationGate_PASS,INVARIANT_TOKEN,exact,V4,68,Filesystem Parity and Extensions,1100,`FilesystemPreGenerationGate_PASS = true`,CANONICAL_EQUIVALENT,MEDIUM,"Parent-only module 'irq_revised_branch_fw_generation_gate' (keyword overlap=2), not yet migrated to canonical -- M5+ pool item"
CL-0122,L5_DGVA_v23_IMPLEMENTATION_STRICT_Autonomous_Remote_Transport_Recovery.md,Heuristic::68::152,MUST_NOT_STATEMENT,heuristic,V4,68,Filesystem Parity and Extensions,1100,Do not rename/move/split/replace canonical entries for style or,UNKNOWN,LOW,did not match any defined bucket; not individually reviewed
CL-0123,L5_DGVA_v23_IMPLEMENTATION_STRICT_Autonomous_Remote_Transport_Recovery.md,CanonicalMakefilePreservation_PASS,INVARIANT_TOKEN,exact,V4,69,Canonical Makefile Baseline,1129,`CanonicalMakefilePreservation_PASS = true`,UNKNOWN,LOW,"weak fuzzy match only (Parent module 'canonical_reference_integration_baseline_gate', overlap=1) -- insufficient confidence, needs individual semantic review"
CL-0124,L5_DGVA_v23_IMPLEMENTATION_STRICT_Autonomous_Remote_Transport_Recovery.md,Heuristic::69::154,MUST_NOT_STATEMENT,heuristic,V4,69,Canonical Makefile Baseline,1129,Do not replace it with a simplified custom,UNKNOWN,LOW,did not match any defined bucket; not individually reviewed
CL-0125,L5_DGVA_v23_IMPLEMENTATION_STRICT_Autonomous_Remote_Transport_Recovery.md,ReferenceMakefileDiscovery_PASS,INVARIANT_TOKEN,exact,V4,70,Full Capability Discovery,1138,`ReferenceMakefileDiscovery_PASS = true`,CANONICAL_EQUIVALENT,MEDIUM,"Parent-only module 'l5dgva_qualified_reference_producer_discovery_order' (keyword overlap=2), not yet migrated to canonical -- M5+ pool item"
CL-0126,L5_DGVA_v23_IMPLEMENTATION_STRICT_Autonomous_Remote_Transport_Recovery.md,ReferenceMakefileCapabilityInventory_PASS,INVARIANT_TOKEN,exact,V4,70,Full Capability Discovery,1138,`ReferenceMakefileCapabilityInventory_PASS = true`,CANONICAL_EQUIVALENT,HIGH,canonical module 'atb_reference_inventory' (keyword overlap=2)
CL-0127,L5_DGVA_v23_IMPLEMENTATION_STRICT_Autonomous_Remote_Transport_Recovery.md,Artifact::ReferenceMakefileCapabilityManifest,ARTIFACT_REQUIREMENT,exact,V4,70,Full Capability Discovery,1138,Create `ReferenceMakefileCapabilityManifest`,CANONICAL_EQUIVALENT,MEDIUM,sim_scripts_makefile_mechanisms family / makefile capability discovery
CL-0128,L5_DGVA_v23_IMPLEMENTATION_STRICT_Autonomous_Remote_Transport_Recovery.md,ReferenceMakefileCapabilityPreservation_PASS,INVARIANT_TOKEN,exact,V4,71,Existing Capability Preservation,1153,`ReferenceMakefileCapabilityPreservation_PASS = true`,CANONICAL_EQUIVALENT,MEDIUM,"Parent-only module 'makefile_capability_parity_gate' (keyword overlap=2), not yet migrated to canonical -- M5+ pool item"
CL-0129,L5_DGVA_v23_IMPLEMENTATION_STRICT_Autonomous_Remote_Transport_Recovery.md,AllowedMakefileChangeClassification_PASS,INVARIANT_TOKEN,exact,V4,71,Existing Capability Preservation,1153,`AllowedMakefileChangeClassification_PASS = true`,UNKNOWN,LOW,"weak fuzzy match only (Parent module 'amba_performance_classification', overlap=1) -- insufficient confidence, needs individual semantic review"
CL-0130,L5_DGVA_v23_IMPLEMENTATION_STRICT_Autonomous_Remote_Transport_Recovery.md,NoReferenceMakefileCapabilityRemoval_PASS,INVARIANT_TOKEN,exact,V4,71,Existing Capability Preservation,1153,`NoReferenceMakefileCapabilityRemoval_PASS = true`,CANONICAL_EQUIVALENT,MEDIUM,"Parent-only module 'makefile_capability_parity_gate' (keyword overlap=2), not yet migrated to canonical -- M5+ pool item"
CL-0131,L5_DGVA_v23_IMPLEMENTATION_STRICT_Autonomous_Remote_Transport_Recovery.md,NoReferenceMakefileCapabilityDisable_PASS,INVARIANT_TOKEN,exact,V4,71,Existing Capability Preservation,1153,`NoReferenceMakefileCapabilityDisable_PASS = true`,CANONICAL_EQUIVALENT,MEDIUM,"Parent-only module 'makefile_capability_parity_gate' (keyword overlap=2), not yet migrated to canonical -- M5+ pool item"
CL-0132,L5_DGVA_v23_IMPLEMENTATION_STRICT_Autonomous_Remote_Transport_Recovery.md,NoReferenceMakefileCapabilityReplacement_PASS,INVARIANT_TOKEN,exact,V4,71,Existing Capability Preservation,1153,`NoReferenceMakefileCapabilityReplacement_PASS = true`,CANONICAL_EQUIVALENT,MEDIUM,"Parent-only module 'makefile_capability_parity_gate' (keyword overlap=2), not yet migrated to canonical -- M5+ pool item"
CL-0133,L5_DGVA_v23_IMPLEMENTATION_STRICT_Autonomous_Remote_Transport_Recovery.md,Heuristic::71::163,PROHIBITED_BEHAVIOR,heuristic,V4,71,Existing Capability Preservation,1153,"Prohibited: REMOVE, global DISABLE, SIMPLIFY_AWAY, unrelated REPLACE,",UNKNOWN,LOW,did not match any defined bucket; not individually reviewed
CL-0134,L5_DGVA_v23_IMPLEMENTATION_STRICT_Autonomous_Remote_Transport_Recovery.md,GeneratedMakefileCapabilitySuperset_PASS,INVARIANT_TOKEN,exact,V4,72,Capability Superset Rule,1178,`GeneratedMakefileCapabilitySuperset_PASS = true`,CANONICAL_EQUIVALENT,MEDIUM,"Parent-only module 'makefile_capability_parity_gate' (keyword overlap=2), not yet migrated to canonical -- M5+ pool item"
CL-0135,L5_DGVA_v23_IMPLEMENTATION_STRICT_Autonomous_Remote_Transport_Recovery.md,ReferenceFourPhaseBuildPreservation_PASS,INVARIANT_TOKEN,exact,V4,73,Mandatory Preserved Build Capabilities,1191,`ReferenceFourPhaseBuildPreservation_PASS = true`,CANONICAL_EQUIVALENT,MEDIUM,"Parent-only module 'l5dgva_v5_phase_kc_reference_skill_registries' (keyword overlap=2), not yet migrated to canonical -- M5+ pool item"
CL-0136,L5_DGVA_v23_IMPLEMENTATION_STRICT_Autonomous_Remote_Transport_Recovery.md,ReferencePartitionCompilePreservation_PASS,INVARIANT_TOKEN,exact,V4,73,Mandatory Preserved Build Capabilities,1191,`ReferencePartitionCompilePreservation_PASS = true`,UNKNOWN,LOW,"weak fuzzy match only (Parent module 'atb_reference_inventory', overlap=1) -- insufficient confidence, needs individual semantic review"
CL-0137,L5_DGVA_v23_IMPLEMENTATION_STRICT_Autonomous_Remote_Transport_Recovery.md,ReferenceLSFPreservation_PASS,INVARIANT_TOKEN,exact,V4,73,Mandatory Preserved Build Capabilities,1191,`ReferenceLSFPreservation_PASS = true`,UNKNOWN,LOW,"weak fuzzy match only (Parent module 'atb_reference_inventory', overlap=1) -- insufficient confidence, needs individual semantic review"
CL-0138,L5_DGVA_v23_IMPLEMENTATION_STRICT_Autonomous_Remote_Transport_Recovery.md,ReferenceWaveDebugPreservation_PASS,INVARIANT_TOKEN,exact,V4,73,Mandatory Preserved Build Capabilities,1191,`ReferenceWaveDebugPreservation_PASS = true`,CANONICAL_EQUIVALENT,MEDIUM,"Parent-only module 'reference_debug_capability_manifest' (keyword overlap=2), not yet migrated to canonical -- M5+ pool item"
CL-0139,L5_DGVA_v23_IMPLEMENTATION_STRICT_Autonomous_Remote_Transport_Recovery.md,ReferenceCoveragePreservation_PASS,INVARIANT_TOKEN,exact,V4,73,Mandatory Preserved Build Capabilities,1191,`ReferenceCoveragePreservation_PASS = true`,CANONICAL_EQUIVALENT,MEDIUM,"Parent-only module 'reference_uvm_debug_coverage_regression_integration_manifest' (keyword overlap=2), not yet migrated to canonical -- M5+ pool item"
CL-0140,L5_DGVA_v23_IMPLEMENTATION_STRICT_Autonomous_Remote_Transport_Recovery.md,ReferenceRegressionPreservation_PASS,INVARIANT_TOKEN,exact,V4,73,Mandatory Preserved Build Capabilities,1191,`ReferenceRegressionPreservation_PASS = true`,CANONICAL_EQUIVALENT,MEDIUM,"Parent-only module 'reference_uvm_debug_coverage_regression_integration_manifest' (keyword overlap=2), not yet migrated to canonical -- M5+ pool item"
CL-0141,L5_DGVA_v23_IMPLEMENTATION_STRICT_Autonomous_Remote_Transport_Recovery.md,ReferenceElaborationCleanupPreservation_PASS,INVARIANT_TOKEN,exact,V4,73,Mandatory Preserved Build Capabilities,1191,`ReferenceElaborationCleanupPreservation_PASS = true`,UNKNOWN,LOW,"weak fuzzy match only (Parent module 'atb_reference_inventory', overlap=1) -- insufficient confidence, needs individual semantic review"
CL-0142,L5_DGVA_v23_IMPLEMENTATION_STRICT_Autonomous_Remote_Transport_Recovery.md,ReferenceMakefileTargetPreservation_PASS,INVARIANT_TOKEN,exact,V4,73,Mandatory Preserved Build Capabilities,1191,`ReferenceMakefileTargetPreservation_PASS = true`,UNKNOWN,LOW,"weak fuzzy match only (Parent module 'atb_reference_inventory', overlap=1) -- insufficient confidence, needs individual semantic review"
CL-0143,L5_DGVA_v23_IMPLEMENTATION_STRICT_Autonomous_Remote_Transport_Recovery.md,ReferenceMakefileInterfacePreservation_PASS,INVARIANT_TOKEN,exact,V4,73,Mandatory Preserved Build Capabilities,1191,`ReferenceMakefileInterfacePreservation_PASS = true`,CANONICAL_EQUIVALENT,MEDIUM,"Parent-only module 'reference_interface_bind_integration_manifest' (keyword overlap=2), not yet migrated to canonical -- M5+ pool item"
CL-0144,L5_DGVA_v23_IMPLEMENTATION_STRICT_Autonomous_Remote_Transport_Recovery.md,MakefileModificationEvidence_PASS,INVARIANT_TOKEN,exact,V4,74,Makefile Modification Evidence and Parity Gate,1214,`MakefileModificationEvidence_PASS = true`,UNKNOWN,LOW,"weak fuzzy match only (Parent module 'command_deep_study_evidence_gate', overlap=1) -- insufficient confidence, needs individual semantic review"
CL-0145,L5_DGVA_v23_IMPLEMENTATION_STRICT_Autonomous_Remote_Transport_Recovery.md,MakefileCapabilityParityGate_PASS,INVARIANT_TOKEN,exact,V4,74,Makefile Modification Evidence and Parity Gate,1214,`MakefileCapabilityParityGate_PASS = true`,CANONICAL_EQUIVALENT,MEDIUM,"Parent-only module 'makefile_capability_parity_gate' (keyword overlap=4), not yet migrated to canonical -- M5+ pool item"
CL-0146,L5_DGVA_v23_IMPLEMENTATION_STRICT_Autonomous_Remote_Transport_Recovery.md,ReferenceCompatibleEnvironmentPreGenerationGate_PASS,INVARIANT_TOKEN,exact,V4,75,Combined Pre-Generation Environment Gate,1230,`ReferenceCompatibleEnvironmentPreGenerationGate_PASS = true`,CANONICAL_EQUIVALENT,MEDIUM,"Parent-only module 'canonical_reference_integration_baseline_gate' (keyword overlap=2), not yet migrated to canonical -- M5+ pool item"
CL-0147,L5_DGVA_v23_IMPLEMENTATION_STRICT_Autonomous_Remote_Transport_Recovery.md,SystemLevelFilesystemComposition_PASS,INVARIANT_TOKEN,exact,V4,76,System-Level Filesystem and Makefile Composition,1243,`SystemLevelFilesystemComposition_PASS = true`,UNKNOWN,LOW,"weak fuzzy match only (Parent module 'example_composition', overlap=1) -- insufficient confidence, needs individual semantic review"
CL-0148,L5_DGVA_v23_IMPLEMENTATION_STRICT_Autonomous_Remote_Transport_Recovery.md,SystemLevelMakefileComposition_PASS,INVARIANT_TOKEN,exact,V4,76,System-Level Filesystem and Makefile Composition,1243,`SystemLevelMakefileComposition_PASS = true`,UNKNOWN,LOW,"weak fuzzy match only (Parent module 'example_composition', overlap=1) -- insufficient confidence, needs individual semantic review"
CL-0149,L5_DGVA_v23_IMPLEMENTATION_STRICT_Autonomous_Remote_Transport_Recovery.md,HierarchicalBuildDependencyReconciliation_PASS,INVARIANT_TOKEN,exact,V4,76,System-Level Filesystem and Makefile Composition,1243,`HierarchicalBuildDependencyReconciliation_PASS = true`,UNKNOWN,LOW,"weak fuzzy match only (Parent module 'control_plane_bridge_target_reconciliation', overlap=1) -- insufficient confidence, needs individual semantic review"
CL-0150,L5_DGVA_v23_IMPLEMENTATION_STRICT_Autonomous_Remote_Transport_Recovery.md,Heuristic::76::180,MUST_NOT_STATEMENT,heuristic,V4,76,System-Level Filesystem and Makefile Composition,1243,Do not regenerate simplified,UNKNOWN,LOW,did not match any defined bucket; not individually reviewed
CL-0151,L5_DGVA_v23_IMPLEMENTATION_STRICT_Autonomous_Remote_Transport_Recovery.md,GeneratedEnvironmentArchitectureManifest_PASS,INVARIANT_TOKEN,exact,V4,77,GeneratedEnvironmentArchitectureManifest,1266,`GeneratedEnvironmentArchitectureManifest_PASS = true`,CANONICAL_EQUIVALENT,MEDIUM,"Parent-only module 'reference_pattern_architecture_manifest' (keyword overlap=2), not yet migrated to canonical -- M5+ pool item"
CL-0152,L5_DGVA_v23_IMPLEMENTATION_STRICT_Autonomous_Remote_Transport_Recovery.md,NoPrematureEnvironmentGeneration_PASS,INVARIANT_TOKEN,exact,V4,78,No Premature Generation,1278,`NoPrematureEnvironmentGeneration_PASS = true`,UNKNOWN,LOW,"weak fuzzy match only (Parent module 'coverage_hole_generation_candidate_queue', overlap=1) -- insufficient confidence, needs individual semantic review"
CL-0153,L5_DGVA_v23_IMPLEMENTATION_STRICT_Autonomous_Remote_Transport_Recovery.md,Heuristic::78::183,MUST_NOT_STATEMENT,heuristic,V4,78,No Premature Generation,1278,"Do not emit final target directories, replacement Makefile, bridge",UNKNOWN,LOW,did not match any defined bucket; not individually reviewed
CL-0154,L5_DGVA_v23_IMPLEMENTATION_STRICT_Autonomous_Remote_Transport_Recovery.md,ReferenceStructuralVsVerificationContentBoundary_PASS,INVARIANT_TOKEN,exact,V4,79,Structural vs Verification Content Boundary,1287,`ReferenceStructuralVsVerificationContentBoundary_PASS = true`,CANONICAL_EQUIVALENT,HIGH,canonical module 'verification_boundary_ir' (keyword overlap=2)
CL-0155,L5_DGVA_v23_IMPLEMENTATION_STRICT_Autonomous_Remote_Transport_Recovery.md,Heuristic::79::185,MUST_NOT_STATEMENT,heuristic,V4,79,Structural vs Verification Content Boundary,1287,"Do not automatically copy protocol-specific scenario intent, expected",UNKNOWN,LOW,did not match any defined bucket; not individually reviewed
CL-0156,L5_DGVA_v23_IMPLEMENTATION_STRICT_Autonomous_Remote_Transport_Recovery.md,ReferenceDivergenceDebugMethod_PASS,INVARIANT_TOKEN,exact,V4,80,Debug Rule for Reference Divergence,1300,`ReferenceDivergenceDebugMethod_PASS = true`,CANONICAL_EQUIVALENT,MEDIUM,"Parent-only module 'reference_divergence_debug_classifier' (keyword overlap=3), not yet migrated to canonical -- M5+ pool item"
CL-0157,L5_DGVA_v23_IMPLEMENTATION_STRICT_Autonomous_Remote_Transport_Recovery.md,V4KCRuntimeReuse_PASS,INVARIANT_TOKEN,exact,V4,81,KC Runtime Enforcement,1317,`V4KCRuntimeReuse_PASS = true`,UNKNOWN,LOW,"weak fuzzy match only (Parent module 'de_command_runtime_readiness_gate', overlap=1) -- insufficient confidence, needs individual semantic review"
CL-0158,L5_DGVA_v23_IMPLEMENTATION_STRICT_Autonomous_Remote_Transport_Recovery.md,UserReminderRequired_Count,INVARIANT_TOKEN,exact,V5,,Highest-Priority Governing Directive,1379,`UserReminderRequired_Count = 0`,UNKNOWN,LOW,"weak fuzzy match only (Parent module 'e_domain_zero_reminder_governance_composite', overlap=1) -- insufficient confidence, needs individual semantic review"
CL-0159,L5_DGVA_v23_IMPLEMENTATION_STRICT_Autonomous_Remote_Transport_Recovery.md,ZeroReminderGoverningInvariant_PASS,INVARIANT_TOKEN,exact,V5,,Highest-Priority Governing Directive,1379,`ZeroReminderGoverningInvariant_PASS = true`,CANONICAL_EQUIVALENT,MEDIUM,"Parent-only module 'e_domain_zero_reminder_governance_composite' (keyword overlap=2), not yet migrated to canonical -- M5+ pool item"
CL-0160,L5_DGVA_v23_IMPLEMENTATION_STRICT_Autonomous_Remote_Transport_Recovery.md,KnowledgeRuntimeUseSeparation_PASS,INVARIANT_TOKEN,exact,V5,83,Knowledge Runtime Use,1395,`KnowledgeRuntimeUseSeparation_PASS = true`,CANONICAL_EQUIVALENT,MEDIUM,"Parent-only module 'kc_knowledge_runtime_graph' (keyword overlap=2), not yet migrated to canonical -- M5+ pool item"
CL-0161,L5_DGVA_v23_IMPLEMENTATION_STRICT_Autonomous_Remote_Transport_Recovery.md,MandatoryPhaseEntryProtocol_PASS,INVARIANT_TOKEN,exact,V5,84,Mandatory Phase Entry Protocol,1406,`MandatoryPhaseEntryProtocol_PASS = true`,CANONICAL_EQUIVALENT,MEDIUM,"Parent-only module 'l5dgva_v5_ss84_phase_entry_protocol_schema' (keyword overlap=3), not yet migrated to canonical -- M5+ pool item"
CL-0162,L5_DGVA_v23_IMPLEMENTATION_STRICT_Autonomous_Remote_Transport_Recovery.md,PhaseTriggeredRecallCoverage_PASS,INVARIANT_TOKEN,exact,V5,84,Mandatory Phase Entry Protocol,1406,`PhaseTriggeredRecallCoverage_PASS = true`,CANONICAL_EQUIVALENT,MEDIUM,"Parent-only module 'kc_harvest_phase_closure_coverage' (keyword overlap=2), not yet migrated to canonical -- M5+ pool item"
CL-0163,L5_DGVA_v23_IMPLEMENTATION_STRICT_Autonomous_Remote_Transport_Recovery.md,PhaseUnderstandingManifest_PASS,INVARIANT_TOKEN,exact,V5,85,PhaseUnderstandingManifest,1425,`PhaseUnderstandingManifest_PASS = true`,UNKNOWN,LOW,"weak fuzzy match only (Parent module 'env_manifest', overlap=1) -- insufficient confidence, needs individual semantic review"
CL-0164,L5_DGVA_v23_IMPLEMENTATION_STRICT_Autonomous_Remote_Transport_Recovery.md,PhaseUnderstandingVerdict_PASS,INVARIANT_TOKEN,exact,V5,85,PhaseUnderstandingManifest,1425,`PhaseUnderstandingVerdict_PASS = true`,UNKNOWN,LOW,"weak fuzzy match only (Parent module 'amba_mxn_discovery_verdict', overlap=1) -- insufficient confidence, needs individual semantic review"
CL-0165,L5_DGVA_v23_IMPLEMENTATION_STRICT_Autonomous_Remote_Transport_Recovery.md,BehavioralProofOfUnderstanding_PASS,INVARIANT_TOKEN,exact,V5,86,Behavioral Proof of Understanding,1450,`BehavioralProofOfUnderstanding_PASS = true`,UNKNOWN,LOW,"weak fuzzy match only (Parent module 'behavioral_violation_artifact_registry', overlap=1) -- insufficient confidence, needs individual semantic review"
CL-0166,L5_DGVA_v23_IMPLEMENTATION_STRICT_Autonomous_Remote_Transport_Recovery.md,UnderstandingPlanConsistency_PASS,INVARIANT_TOKEN,exact,V5,86,Behavioral Proof of Understanding,1450,`UnderstandingPlanConsistency_PASS = true`,CANONICAL_EQUIVALENT,HIGH,canonical module 'l5dgva_v5_ss86_understanding_plan_contradiction_taxonomy' (keyword overlap=2)
CL-0167,L5_DGVA_v23_IMPLEMENTATION_STRICT_Autonomous_Remote_Transport_Recovery.md,UnderstandingPlanContradictionGuard_PASS,INVARIANT_TOKEN,exact,V5,86,Behavioral Proof of Understanding,1450,`UnderstandingPlanContradictionGuard_PASS = true`,CANONICAL_EQUIVALENT,HIGH,canonical module 'l5dgva_v5_ss86_understanding_plan_contradiction_taxonomy' (keyword overlap=3)
CL-0168,L5_DGVA_v23_IMPLEMENTATION_STRICT_Autonomous_Remote_Transport_Recovery.md,Artifact::UNDERSTANDING_PLAN_CONTRADICTION,ARTIFACT_REQUIREMENT,exact,V5,86,Behavioral Proof of Understanding,1450,Create `UNDERSTANDING_PLAN_CONTRADICTION`,CANONICAL_EQUIVALENT,MEDIUM,"l5dgva_v5_ss86_understanding_plan_contradiction_taxonomy.py (already migrated to canonical, CAP-M3-003)"
CL-0169,L5_DGVA_v23_IMPLEMENTATION_STRICT_Autonomous_Remote_Transport_Recovery.md,MandatoryPreGenerationRecallSet_PASS,INVARIANT_TOKEN,exact,V5,87,Mandatory Recall Sets,1472,`MandatoryPreGenerationRecallSet_PASS = true`,UNKNOWN,LOW,"weak fuzzy match only (Parent module 'coverage_hole_generation_candidate_queue', overlap=1) -- insufficient confidence, needs individual semantic review"
CL-0170,L5_DGVA_v23_IMPLEMENTATION_STRICT_Autonomous_Remote_Transport_Recovery.md,MandatoryBuildRecallSet_PASS,INVARIANT_TOKEN,exact,V5,87,Mandatory Recall Sets,1472,`MandatoryBuildRecallSet_PASS = true`,UNKNOWN,LOW,"weak fuzzy match only (Parent module 'kc_v18_cross_session_recall_harness_replay_gate', overlap=1) -- insufficient confidence, needs individual semantic review"
CL-0171,L5_DGVA_v23_IMPLEMENTATION_STRICT_Autonomous_Remote_Transport_Recovery.md,MandatoryDebugRecallSet_PASS,INVARIANT_TOKEN,exact,V5,87,Mandatory Recall Sets,1472,`MandatoryDebugRecallSet_PASS = true`,UNKNOWN,LOW,"weak fuzzy match only (Parent module 'debug_evidence_behavioral_firewall_gate', overlap=1) -- insufficient confidence, needs individual semantic review"
CL-0172,L5_DGVA_v23_IMPLEMENTATION_STRICT_Autonomous_Remote_Transport_Recovery.md,MandatorySystemCompositionRecallSet_PASS,INVARIANT_TOKEN,exact,V5,87,Mandatory Recall Sets,1472,`MandatorySystemCompositionRecallSet_PASS = true`,UNKNOWN,LOW,"weak fuzzy match only (Parent module 'example_composition', overlap=1) -- insufficient confidence, needs individual semantic review"
CL-0173,L5_DGVA_v23_IMPLEMENTATION_STRICT_Autonomous_Remote_Transport_Recovery.md,NoUserReminderAsControlFlow_PASS,INVARIANT_TOKEN,exact,V5,88,Zero User-Reminder Control Flow,1501,`NoUserReminderAsControlFlow_PASS = true`,CANONICAL_EQUIVALENT,HIGH,canonical module 'rtl_control_flow_extraction' (keyword overlap=2)
CL-0174,L5_DGVA_v23_IMPLEMENTATION_STRICT_Autonomous_Remote_Transport_Recovery.md,ZeroReminderTarget_PASS,INVARIANT_TOKEN,exact,V5,88,Zero User-Reminder Control Flow,1501,`ZeroReminderTarget_PASS = true`,CANONICAL_EQUIVALENT,MEDIUM,"Parent-only module 'e_domain_zero_reminder_governance_composite' (keyword overlap=2), not yet migrated to canonical -- M5+ pool item"
CL-0175,L5_DGVA_v23_IMPLEMENTATION_STRICT_Autonomous_Remote_Transport_Recovery.md,UserReminderGovernanceIncident_PASS,INVARIANT_TOKEN,exact,V5,89,User Reminder = Autonomy Governance Failure,1520,`UserReminderGovernanceIncident_PASS = true`,CANONICAL_EQUIVALENT,MEDIUM,"Parent-only module 'e_domain_zero_reminder_governance_composite' (keyword overlap=2), not yet migrated to canonical -- M5+ pool item"
CL-0176,L5_DGVA_v23_IMPLEMENTATION_STRICT_Autonomous_Remote_Transport_Recovery.md,AutonomyGovernanceRootCauseClassification_PASS,INVARIANT_TOKEN,exact,V5,89,User Reminder = Autonomy Governance Failure,1520,`AutonomyGovernanceRootCauseClassification_PASS = true`,CANONICAL_EQUIVALENT,HIGH,canonical module 'intra_project_root_cause_clustering' (keyword overlap=2)
CL-0177,L5_DGVA_v23_IMPLEMENTATION_STRICT_Autonomous_Remote_Transport_Recovery.md,GovernanceFailureStructuralRepair_PASS,INVARIANT_TOKEN,exact,V5,89,User Reminder = Autonomy Governance Failure,1520,`GovernanceFailureStructuralRepair_PASS = true`,CANONICAL_EQUIVALENT,MEDIUM,"Parent-only module 'autonomy_governance_failure_classifier' (keyword overlap=2), not yet migrated to canonical -- M5+ pool item"
CL-0178,L5_DGVA_v23_IMPLEMENTATION_STRICT_Autonomous_Remote_Transport_Recovery.md,AutonomyGovernanceRegression_PASS,INVARIANT_TOKEN,exact,V5,90,Autonomy Regression Tests,1542,`AutonomyGovernanceRegression_PASS = true`,CANONICAL_EQUIVALENT,MEDIUM,"Parent-only module 'autonomy_governance_failure_classifier' (keyword overlap=2), not yet migrated to canonical -- M5+ pool item"
CL-0179,L5_DGVA_v23_IMPLEMENTATION_STRICT_Autonomous_Remote_Transport_Recovery.md,PhaseKCRuntimeRegistry_PASS,INVARIANT_TOKEN,exact,V5,91,Phase KC / Reference / Skill Registries,1556,`PhaseKCRuntimeRegistry_PASS = true`,CANONICAL_EQUIVALENT,HIGH,canonical module 'runtime_event_registry' (keyword overlap=2)
CL-0180,L5_DGVA_v23_IMPLEMENTATION_STRICT_Autonomous_Remote_Transport_Recovery.md,PhaseReferenceMethodRegistry_PASS,INVARIANT_TOKEN,exact,V5,91,Phase KC / Reference / Skill Registries,1556,`PhaseReferenceMethodRegistry_PASS = true`,CANONICAL_EQUIVALENT,MEDIUM,"Parent-only module 'l5dgva_v5_phase_kc_reference_skill_registries' (keyword overlap=2), not yet migrated to canonical -- M5+ pool item"
CL-0181,L5_DGVA_v23_IMPLEMENTATION_STRICT_Autonomous_Remote_Transport_Recovery.md,QualifiedSkillRouting_PASS,INVARIANT_TOKEN,exact,V5,91,Phase KC / Reference / Skill Registries,1556,`QualifiedSkillRouting_PASS = true`,UNKNOWN,LOW,"weak fuzzy match only (Parent module 'intake_routing', overlap=1) -- insufficient confidence, needs individual semantic review"
CL-0182,L5_DGVA_v23_IMPLEMENTATION_STRICT_Autonomous_Remote_Transport_Recovery.md,Heuristic::91::235,MUST_NOT_STATEMENT,heuristic,V5,91,Phase KC / Reference / Skill Registries,1556,Resolve qualified project skills from the actual registry; do not guess,CONSTITUTION_ALREADY_COVERS,MEDIUM,Canonical's Evidence Truth Rule + Article 0 EVIDENCE_GROUNDED dimension already establish this exact general principle.
CL-0183,L5_DGVA_v23_IMPLEMENTATION_STRICT_Autonomous_Remote_Transport_Recovery.md,UnderstandingContextRolloverProtection_PASS,INVARIANT_TOKEN,exact,V5,92,Context / Agent Continuity,1574,`UnderstandingContextRolloverProtection_PASS = true`,UNKNOWN,LOW,"weak fuzzy match only (Parent module 'context_budget', overlap=1) -- insufficient confidence, needs individual semantic review"
CL-0184,L5_DGVA_v23_IMPLEMENTATION_STRICT_Autonomous_Remote_Transport_Recovery.md,BackgroundAgentResultIntegration_PASS,INVARIANT_TOKEN,exact,V5,92,Context / Agent Continuity,1574,`BackgroundAgentResultIntegration_PASS = true`,UNKNOWN,LOW,"weak fuzzy match only (Parent module 'agent_checkpoint_check', overlap=1) -- insufficient confidence, needs individual semantic review"
CL-0185,L5_DGVA_v23_IMPLEMENTATION_STRICT_Autonomous_Remote_Transport_Recovery.md,KCHarvestToRuntimeReuseContinuity_PASS,INVARIANT_TOKEN,exact,V5,92,Context / Agent Continuity,1574,`KCHarvestToRuntimeReuseContinuity_PASS = true`,UNKNOWN,LOW,"weak fuzzy match only (Parent module 'de_command_runtime_readiness_gate', overlap=1) -- insufficient confidence, needs individual semantic review"
CL-0186,L5_DGVA_v23_IMPLEMENTATION_STRICT_Autonomous_Remote_Transport_Recovery.md,EvidenceBeforeHumanQuestion_PASS,INVARIANT_TOKEN,exact,V5,93,Evidence Before Human Question,1592,`EvidenceBeforeHumanQuestion_PASS = true`,CANONICAL_EQUIVALENT,MEDIUM,"Parent-only module 'l5dgva_evidence_before_human_question' (keyword overlap=4), not yet migrated to canonical -- M5+ pool item"
CL-0187,L5_DGVA_v23_IMPLEMENTATION_STRICT_Autonomous_Remote_Transport_Recovery.md,TrueHumanInterventionBoundary_PASS,INVARIANT_TOKEN,exact,V5,93,Evidence Before Human Question,1592,`TrueHumanInterventionBoundary_PASS = true`,CANONICAL_EQUIVALENT,MEDIUM,"Parent-only module 'human_intervention_boundary_artifact' (keyword overlap=3), not yet migrated to canonical -- M5+ pool item"
CL-0188,L5_DGVA_v23_IMPLEMENTATION_STRICT_Autonomous_Remote_Transport_Recovery.md,MinimumHumanQuestion_PASS,INVARIANT_TOKEN,exact,V5,93,Evidence Before Human Question,1592,`MinimumHumanQuestion_PASS = true`,CANONICAL_EQUIVALENT,MEDIUM,"Parent-only module 'l5dgva_evidence_before_human_question' (keyword overlap=2), not yet migrated to canonical -- M5+ pool item"
CL-0189,L5_DGVA_v23_IMPLEMENTATION_STRICT_Autonomous_Remote_Transport_Recovery.md,AutonomousResumeAfterBoundary_PASS,INVARIANT_TOKEN,exact,V5,94,Autonomous Resume and Self-Correction,1611,`AutonomousResumeAfterBoundary_PASS = true`,CANONICAL_EQUIVALENT,MEDIUM,"Parent-only module 'autonomous_resume_next_action_arbitration' (keyword overlap=2), not yet migrated to canonical -- M5+ pool item"
CL-0190,L5_DGVA_v23_IMPLEMENTATION_STRICT_Autonomous_Remote_Transport_Recovery.md,AutonomousSelfCorrectionLoop_PASS,INVARIANT_TOKEN,exact,V5,94,Autonomous Resume and Self-Correction,1611,`AutonomousSelfCorrectionLoop_PASS = true`,UNKNOWN,LOW,"weak fuzzy match only (Parent module 'autonomous_resume_next_action_arbitration', overlap=1) -- insufficient confidence, needs individual semantic review"
CL-0191,L5_DGVA_v23_IMPLEMENTATION_STRICT_Autonomous_Remote_Transport_Recovery.md,FalsifiedHypothesisPersistence_PASS,INVARIANT_TOKEN,exact,V5,94,Autonomous Resume and Self-Correction,1611,`FalsifiedHypothesisPersistence_PASS = true`,CANONICAL_EQUIVALENT,MEDIUM,"Parent-only module 'falsified_hypothesis_ledger' (keyword overlap=2), not yet migrated to canonical -- M5+ pool item"
CL-0192,L5_DGVA_v23_IMPLEMENTATION_STRICT_Autonomous_Remote_Transport_Recovery.md,HighestInformationNextAction_PASS,INVARIANT_TOKEN,exact,V5,94,Autonomous Resume and Self-Correction,1611,`HighestInformationNextAction_PASS = true`,CANONICAL_EQUIVALENT,MEDIUM,"Parent-only module 'autonomous_resume_next_action_arbitration' (keyword overlap=2), not yet migrated to canonical -- M5+ pool item"
CL-0193,L5_DGVA_v23_IMPLEMENTATION_STRICT_Autonomous_Remote_Transport_Recovery.md,Heuristic::94::246,MUST_NOT_STATEMENT,heuristic,V5,94,Autonomous Resume and Self-Correction,1611,Preserve falsified hypotheses; do not retry without new material,UNKNOWN,LOW,did not match any defined bucket; not individually reviewed
CL-0194,L5_DGVA_v23_IMPLEMENTATION_STRICT_Autonomous_Remote_Transport_Recovery.md,NoBlindCustomImplementation_PASS,INVARIANT_TOKEN,exact,V5,95,No Blind Custom Implementation / Capability Regression,1632,`NoBlindCustomImplementation_PASS = true`,CANONICAL_EQUIVALENT,MEDIUM,"Parent-only module 'no_blind_implementation_gate' (keyword overlap=2), not yet migrated to canonical -- M5+ pool item"
CL-0195,L5_DGVA_v23_IMPLEMENTATION_STRICT_Autonomous_Remote_Transport_Recovery.md,NoKnownCapabilityRegression_PASS,INVARIANT_TOKEN,exact,V5,95,No Blind Custom Implementation / Capability Regression,1632,`NoKnownCapabilityRegression_PASS = true`,UNKNOWN,LOW,"weak fuzzy match only (Parent module 'capability_evolution', overlap=1) -- insufficient confidence, needs individual semantic review"
CL-0196,L5_DGVA_v23_IMPLEMENTATION_STRICT_Autonomous_Remote_Transport_Recovery.md,ArchitectureUnderstandingGate_PASS,INVARIANT_TOKEN,exact,V5,96,Architecture Understanding Gate,1646,`ArchitectureUnderstandingGate_PASS = true`,CANONICAL_EQUIVALENT,MEDIUM,"Parent-only module 'l5dgva_v5_understanding_gate_chain' (keyword overlap=2), not yet migrated to canonical -- M5+ pool item"
CL-0197,L5_DGVA_v23_IMPLEMENTATION_STRICT_Autonomous_Remote_Transport_Recovery.md,BuildUnderstandingGate_PASS,INVARIANT_TOKEN,exact,V5,97,Build Understanding Gate,1657,`BuildUnderstandingGate_PASS = true`,CANONICAL_EQUIVALENT,MEDIUM,"Parent-only module 'l5dgva_v5_understanding_gate_chain' (keyword overlap=2), not yet migrated to canonical -- M5+ pool item"
CL-0198,L5_DGVA_v23_IMPLEMENTATION_STRICT_Autonomous_Remote_Transport_Recovery.md,DebugUnderstandingGate_PASS,INVARIANT_TOKEN,exact,V5,98,Debug Understanding Gate,1666,`DebugUnderstandingGate_PASS = true`,CANONICAL_EQUIVALENT,HIGH,canonical module 'debug_evidence_behavioral_firewall_gate' (keyword overlap=2)
CL-0199,L5_DGVA_v23_IMPLEMENTATION_STRICT_Autonomous_Remote_Transport_Recovery.md,SystemLevelUnderstandingGate_PASS,INVARIANT_TOKEN,exact,V5,99,System-Level Understanding Gate,1676,`SystemLevelUnderstandingGate_PASS = true`,CANONICAL_EQUIVALENT,MEDIUM,"Parent-only module 'knowledge_brain_proof_level_gate' (keyword overlap=2), not yet migrated to canonical -- M5+ pool item"
CL-0200,L5_DGVA_v23_IMPLEMENTATION_STRICT_Autonomous_Remote_Transport_Recovery.md,MethodApplicationEvidence_PASS,INVARIANT_TOKEN,exact,V5,100,Runtime Proof-of-Application Artifact,1687,`MethodApplicationEvidence_PASS = true`,UNKNOWN,LOW,"weak fuzzy match only (Parent module 'command_deep_study_evidence_gate', overlap=1) -- insufficient confidence, needs individual semantic review"
CL-0201,L5_DGVA_v23_IMPLEMENTATION_STRICT_Autonomous_Remote_Transport_Recovery.md,Artifact::MethodApplicationEvidence,ARTIFACT_REQUIREMENT,exact,V5,100,Runtime Proof-of-Application Artifact,1687,create/reconcile `MethodApplicationEvidence`,UNKNOWN,MEDIUM,no clear Parent module match found by name
CL-0202,L5_DGVA_v23_IMPLEMENTATION_STRICT_Autonomous_Remote_Transport_Recovery.md,Heuristic::100::255,MUST_NOT_STATEMENT,heuristic,V5,100,Runtime Proof-of-Application Artifact,1687,Do not count retrieval alone as PASS.,UNKNOWN,LOW,did not match any defined bucket; not individually reviewed
CL-0203,L5_DGVA_v23_IMPLEMENTATION_STRICT_Autonomous_Remote_Transport_Recovery.md,ApplicableKCNotRetrieved_Count,INVARIANT_TOKEN,exact,V5,101,Final Zero-Reminder Execution Contract,1698,`ApplicableKCNotRetrieved_Count = 0`,UNKNOWN,LOW,"weak fuzzy match only (Parent module 'l5dgva_documented_not_implemented_boundary_artifact_gate', overlap=1) -- insufficient confidence, needs individual semantic review"
CL-0204,L5_DGVA_v23_IMPLEMENTATION_STRICT_Autonomous_Remote_Transport_Recovery.md,ApplicableReferenceMethodNotApplied_Count,INVARIANT_TOKEN,exact,V5,101,Final Zero-Reminder Execution Contract,1698,`ApplicableReferenceMethodNotApplied_Count = 0`,UNKNOWN,LOW,"weak fuzzy match only (Parent module 'atb_reference_inventory', overlap=1) -- insufficient confidence, needs individual semantic review"
CL-0205,L5_DGVA_v23_IMPLEMENTATION_STRICT_Autonomous_Remote_Transport_Recovery.md,KnownDEIntentIgnored_Count,INVARIANT_TOKEN,exact,V5,101,Final Zero-Reminder Execution Contract,1698,`KnownDEIntentIgnored_Count = 0`,UNKNOWN,LOW,"weak fuzzy match only (Parent module 'design_intent', overlap=1) -- insufficient confidence, needs individual semantic review"
CL-0206,L5_DGVA_v23_IMPLEMENTATION_STRICT_Autonomous_Remote_Transport_Recovery.md,RepeatedKnownMistake_Count,INVARIANT_TOKEN,exact,V5,101,Final Zero-Reminder Execution Contract,1698,`RepeatedKnownMistake_Count = 0`,UNKNOWN,LOW,"weak fuzzy match only (Parent module 'irq_repeated_aggregated_gate', overlap=1) -- insufficient confidence, needs individual semantic review"
CL-0207,L5_DGVA_v23_IMPLEMENTATION_STRICT_Autonomous_Remote_Transport_Recovery.md,Heuristic::101::273,MUST_NOT_STATEMENT,heuristic,V5,101,Final Zero-Reminder Execution Contract,1698,Never depend on the user to remember L5-DGVA's own,UNKNOWN,LOW,did not match any defined bucket; not individually reviewed
CL-0208,L5_DGVA_v23_IMPLEMENTATION_STRICT_Autonomous_Remote_Transport_Recovery.md,ProtocolAgnosticScopeAwareGeneralization_PASS,INVARIANT_TOKEN,exact,V6,,(preamble),1733,`ProtocolAgnosticScopeAwareGeneralization_PASS = true`,CANONICAL_EQUIVALENT,MEDIUM,"Parent-only module 'uvm_dut_top_scope_protocol_generalization' (keyword overlap=3), not yet migrated to canonical -- M5+ pool item"
CL-0209,L5_DGVA_v23_IMPLEMENTATION_STRICT_Autonomous_Remote_Transport_Recovery.md,ReferenceMethodContentClassification_PASS,INVARIANT_TOKEN,exact,V6,102,Structural Method Classification and No USB Leakage,1751,`ReferenceMethodContentClassification_PASS = true`,UNKNOWN,LOW,"weak fuzzy match only (Parent module 'amba_performance_classification', overlap=1) -- insufficient confidence, needs individual semantic review"
CL-0210,L5_DGVA_v23_IMPLEMENTATION_STRICT_Autonomous_Remote_Transport_Recovery.md,NoUSBSpecificArchitectureLeakage_PASS,INVARIANT_TOKEN,exact,V6,102,Structural Method Classification and No USB Leakage,1751,`NoUSBSpecificArchitectureLeakage_PASS = true`,UNKNOWN,LOW,"weak fuzzy match only (Parent module 'design_architecture_ir', overlap=1) -- insufficient confidence, needs individual semantic review"
CL-0211,L5_DGVA_v23_IMPLEMENTATION_STRICT_Autonomous_Remote_Transport_Recovery.md,Heuristic::102::277,MUST_NOT_STATEMENT,heuristic,V6,102,Structural Method Classification and No USB Leakage,1751,"Do not assume another target has USB roles, PHY topology, reset/SRAM",CONSTITUTION_ALREADY_COVERS,MEDIUM,Canonical's Evidence Truth Rule + Article 0 EVIDENCE_GROUNDED dimension already establish this exact general principle.
CL-0212,L5_DGVA_v23_IMPLEMENTATION_STRICT_Autonomous_Remote_Transport_Recovery.md,ReferenceMethodApplicabilityManifest_PASS,INVARIANT_TOKEN,exact,V6,103,ReferenceMethodApplicabilityManifest,1765,`ReferenceMethodApplicabilityManifest_PASS = true`,CANONICAL_EQUIVALENT,MEDIUM,"Parent-only module 'reference_control_plane_bridge_manifest' (keyword overlap=2), not yet migrated to canonical -- M5+ pool item"
CL-0213,L5_DGVA_v23_IMPLEMENTATION_STRICT_Autonomous_Remote_Transport_Recovery.md,ProtocolAgnosticGeneralizationGate_PASS,INVARIANT_TOKEN,exact,V6,104,Protocol-Agnostic Generalization Gate,1779,`ProtocolAgnosticGeneralizationGate_PASS = true`,CANONICAL_EQUIVALENT,MEDIUM,"Parent-only module 'debug_kc_generalization_truth_gate' (keyword overlap=2), not yet migrated to canonical -- M5+ pool item"
CL-0214,L5_DGVA_v23_IMPLEMENTATION_STRICT_Autonomous_Remote_Transport_Recovery.md,ScopeApplicabilityMatrix_PASS,INVARIANT_TOKEN,exact,V6,105,ScopeApplicabilityMatrix,1788,`ScopeApplicabilityMatrix_PASS = true`,UNKNOWN,LOW,"weak fuzzy match only (Parent module 'coverage_closure_loop_leg_matrix', overlap=1) -- insufficient confidence, needs individual semantic review"
CL-0215,L5_DGVA_v23_IMPLEMENTATION_STRICT_Autonomous_Remote_Transport_Recovery.md,GenericBlockSemantics_PASS,INVARIANT_TOKEN,exact,V6,106,Generic BLOCK / BRANCH Semantics,1797,`GenericBlockSemantics_PASS = true`,UNKNOWN,LOW,"weak fuzzy match only (Parent module 'generic_continuous_reference_kc_loop', overlap=1) -- insufficient confidence, needs individual semantic review"
CL-0216,L5_DGVA_v23_IMPLEMENTATION_STRICT_Autonomous_Remote_Transport_Recovery.md,GenericBranchASemantics_PASS,INVARIANT_TOKEN,exact,V6,106,Generic BLOCK / BRANCH Semantics,1797,`GenericBranchASemantics_PASS = true`,UNKNOWN,LOW,"weak fuzzy match only (Parent module 'branch_b_protocol_drive_replacement', overlap=1) -- insufficient confidence, needs individual semantic review"
CL-0217,L5_DGVA_v23_IMPLEMENTATION_STRICT_Autonomous_Remote_Transport_Recovery.md,GenericBranchFWSemantics_PASS,INVARIANT_TOKEN,exact,V6,106,Generic BLOCK / BRANCH Semantics,1797,`GenericBranchFWSemantics_PASS = true`,UNKNOWN,LOW,"weak fuzzy match only (Parent module 'branch_b_protocol_drive_replacement', overlap=1) -- insufficient confidence, needs individual semantic review"
CL-0218,L5_DGVA_v23_IMPLEMENTATION_STRICT_Autonomous_Remote_Transport_Recovery.md,GenericBranchBSemantics_PASS,INVARIANT_TOKEN,exact,V6,106,Generic BLOCK / BRANCH Semantics,1797,`GenericBranchBSemantics_PASS = true`,UNKNOWN,LOW,"weak fuzzy match only (Parent module 'branch_b_protocol_drive_replacement', overlap=1) -- insufficient confidence, needs individual semantic review"
CL-0219,L5_DGVA_v23_IMPLEMENTATION_STRICT_Autonomous_Remote_Transport_Recovery.md,Heuristic::106::285,MUST_NOT_STATEMENT,heuristic,V6,106,Generic BLOCK / BRANCH Semantics,1797,"absent, use NOT_APPLICABLE_WITH_EVIDENCE and do not generate an empty",UNKNOWN,LOW,did not match any defined bucket; not individually reviewed
CL-0220,L5_DGVA_v23_IMPLEMENTATION_STRICT_Autonomous_Remote_Transport_Recovery.md,GenericForkJoinApplicability_PASS,INVARIANT_TOKEN,exact,V6,107,Generic Fork/Join and Event Service,1819,`GenericForkJoinApplicability_PASS = true`,UNKNOWN,LOW,"weak fuzzy match only (Parent module 'engine_applicability_resolver', overlap=1) -- insufficient confidence, needs individual semantic review"
CL-0221,L5_DGVA_v23_IMPLEMENTATION_STRICT_Autonomous_Remote_Transport_Recovery.md,GenericEventDrivenServiceApplicability_PASS,INVARIANT_TOKEN,exact,V6,107,Generic Fork/Join and Event Service,1819,`GenericEventDrivenServiceApplicability_PASS = true`,CANONICAL_EQUIVALENT,MEDIUM,"Parent-only module 'reference_irq_event_to_service_flow_discovery' (keyword overlap=2), not yet migrated to canonical -- M5+ pool item"
CL-0222,L5_DGVA_v23_IMPLEMENTATION_STRICT_Autonomous_Remote_Transport_Recovery.md,GenericControlPlaneDiscovery_PASS,INVARIANT_TOKEN,exact,V6,108,Generic Control-Plane Discovery,1831,`GenericControlPlaneDiscovery_PASS = true`,CANONICAL_EQUIVALENT,HIGH,canonical module 'control_plane' (keyword overlap=2)
CL-0223,L5_DGVA_v23_IMPLEMENTATION_STRICT_Autonomous_Remote_Transport_Recovery.md,SharedMasterFairServiceGeneralization_PASS,INVARIANT_TOKEN,exact,V6,108,Generic Control-Plane Discovery,1831,`SharedMasterFairServiceGeneralization_PASS = true`,UNKNOWN,LOW,"weak fuzzy match only (Parent module 'amba_master_slave_constraint_ir', overlap=1) -- insufficient confidence, needs individual semantic review"
CL-0224,L5_DGVA_v23_IMPLEMENTATION_STRICT_Autonomous_Remote_Transport_Recovery.md,AXISchedulingDiscovery_PASS,INVARIANT_TOKEN,exact,V6,109,AXI and AMBA MxN,1844,`AXISchedulingDiscovery_PASS = true`,UNKNOWN,LOW,"weak fuzzy match only (Parent module 'amba_discovery_report', overlap=1) -- insufficient confidence, needs individual semantic review"
CL-0225,L5_DGVA_v23_IMPLEMENTATION_STRICT_Autonomous_Remote_Transport_Recovery.md,AMBAMxNArchitecture_PASS,INVARIANT_TOKEN,exact,V6,109,AXI and AMBA MxN,1844,`AMBAMxNArchitecture_PASS = true`,UNKNOWN,LOW,"weak fuzzy match only (Parent module 'amba_command_txt_extension', overlap=1) -- insufficient confidence, needs individual semantic review"
CL-0226,L5_DGVA_v23_IMPLEMENTATION_STRICT_Autonomous_Remote_Transport_Recovery.md,Heuristic::109::292,MUST_NOT_STATEMENT,heuristic,V6,109,AXI and AMBA MxN,1844,Do not globally serialize AXI because APB is,UNKNOWN,LOW,did not match any defined bucket; not individually reviewed
CL-0227,L5_DGVA_v23_IMPLEMENTATION_STRICT_Autonomous_Remote_Transport_Recovery.md,ExternalProtocolProfile_PASS,INVARIANT_TOKEN,exact,V6,110,ProtocolProfile and Protocol-Neutral VIP Architecture,1858,`ExternalProtocolProfile_PASS = true`,UNKNOWN,LOW,"weak fuzzy match only (Parent module 'agent_profile', overlap=1) -- insufficient confidence, needs individual semantic review"
CL-0228,L5_DGVA_v23_IMPLEMENTATION_STRICT_Autonomous_Remote_Transport_Recovery.md,ProtocolNeutralVIPSelection_PASS,INVARIANT_TOKEN,exact,V6,110,ProtocolProfile and Protocol-Neutral VIP Architecture,1858,`ProtocolNeutralVIPSelection_PASS = true`,UNKNOWN,LOW,"weak fuzzy match only (Parent module 'bind_protocol_boundary_rule', overlap=1) -- insufficient confidence, needs individual semantic review"
CL-0229,L5_DGVA_v23_IMPLEMENTATION_STRICT_Autonomous_Remote_Transport_Recovery.md,ProtocolNeutralVIPLocation_PASS,INVARIANT_TOKEN,exact,V6,110,ProtocolProfile and Protocol-Neutral VIP Architecture,1858,`ProtocolNeutralVIPLocation_PASS = true`,UNKNOWN,LOW,"weak fuzzy match only (Parent module 'bind_protocol_boundary_rule', overlap=1) -- insufficient confidence, needs individual semantic review"
CL-0230,L5_DGVA_v23_IMPLEMENTATION_STRICT_Autonomous_Remote_Transport_Recovery.md,ProtocolNeutralScoreboardDiscovery_PASS,INVARIANT_TOKEN,exact,V6,111,Protocol-Neutral Checking and Coverage,1875,`ProtocolNeutralScoreboardDiscovery_PASS = true`,UNKNOWN,LOW,"weak fuzzy match only (Parent module 'amba_discovery_report', overlap=1) -- insufficient confidence, needs individual semantic review"
CL-0231,L5_DGVA_v23_IMPLEMENTATION_STRICT_Autonomous_Remote_Transport_Recovery.md,ProtocolNeutralCheckerDiscovery_PASS,INVARIANT_TOKEN,exact,V6,111,Protocol-Neutral Checking and Coverage,1875,`ProtocolNeutralCheckerDiscovery_PASS = true`,UNKNOWN,LOW,"weak fuzzy match only (Parent module 'address_map_integrity_checker', overlap=1) -- insufficient confidence, needs individual semantic review"
CL-0232,L5_DGVA_v23_IMPLEMENTATION_STRICT_Autonomous_Remote_Transport_Recovery.md,ProtocolNeutralAssertionDiscovery_PASS,INVARIANT_TOKEN,exact,V6,111,Protocol-Neutral Checking and Coverage,1875,`ProtocolNeutralAssertionDiscovery_PASS = true`,UNKNOWN,LOW,"weak fuzzy match only (Parent module 'amba_discovery_report', overlap=1) -- insufficient confidence, needs individual semantic review"
CL-0233,L5_DGVA_v23_IMPLEMENTATION_STRICT_Autonomous_Remote_Transport_Recovery.md,ProtocolNeutralCoverageDiscovery_PASS,INVARIANT_TOKEN,exact,V6,111,Protocol-Neutral Checking and Coverage,1875,`ProtocolNeutralCoverageDiscovery_PASS = true`,CANONICAL_EQUIVALENT,HIGH,canonical module 'coverage_stall_capability_discovery' (keyword overlap=2)
CL-0234,L5_DGVA_v23_IMPLEMENTATION_STRICT_Autonomous_Remote_Transport_Recovery.md,Heuristic::111::300,MUST_NOT_STATEMENT,heuristic,V6,111,Protocol-Neutral Checking and Coverage,1875,Do not reuse,UNKNOWN,LOW,did not match any defined bucket; not individually reviewed
CL-0235,L5_DGVA_v23_IMPLEMENTATION_STRICT_Autonomous_Remote_Transport_Recovery.md,GenericIPVerificationFlow_PASS,INVARIANT_TOKEN,exact,V6,112,Generic IP Verification Flow,1892,`GenericIPVerificationFlow_PASS = true`,UNKNOWN,LOW,"weak fuzzy match only (Parent module 'debug_evidence_graph_flow', overlap=1) -- insufficient confidence, needs individual semantic review"
CL-0236,L5_DGVA_v23_IMPLEMENTATION_STRICT_Autonomous_Remote_Transport_Recovery.md,GenericSubsystemVerificationFlow_PASS,INVARIANT_TOKEN,exact,V6,113,Generic Subsystem Verification Flow,1901,`GenericSubsystemVerificationFlow_PASS = true`,UNKNOWN,LOW,"weak fuzzy match only (Parent module 'debug_evidence_graph_flow', overlap=1) -- insufficient confidence, needs individual semantic review"
CL-0237,L5_DGVA_v23_IMPLEMENTATION_STRICT_Autonomous_Remote_Transport_Recovery.md,GenericSystemLevelVerificationFlow_PASS,INVARIANT_TOKEN,exact,V6,114,Generic System-Level Verification Flow,1911,`GenericSystemLevelVerificationFlow_PASS = true`,CANONICAL_EQUIVALENT,HIGH,canonical module 'system_verification_contract' (keyword overlap=2)
CL-0238,L5_DGVA_v23_IMPLEMENTATION_STRICT_Autonomous_Remote_Transport_Recovery.md,HierarchicalEvidenceReuse_PASS,INVARIANT_TOKEN,exact,V6,115,Hierarchical Evidence and Environment Reuse,1923,`HierarchicalEvidenceReuse_PASS = true`,UNKNOWN,LOW,"weak fuzzy match only (Parent module 'command_deep_study_evidence_gate', overlap=1) -- insufficient confidence, needs individual semantic review"
CL-0239,L5_DGVA_v23_IMPLEMENTATION_STRICT_Autonomous_Remote_Transport_Recovery.md,HierarchicalScopeFalsePassGuard_PASS,INVARIANT_TOKEN,exact,V6,115,Hierarchical Evidence and Environment Reuse,1923,`HierarchicalScopeFalsePassGuard_PASS = true`,UNKNOWN,LOW,"weak fuzzy match only (Parent module 'fsdb_scope_gap_classifier', overlap=1) -- insufficient confidence, needs individual semantic review"
CL-0240,L5_DGVA_v23_IMPLEMENTATION_STRICT_Autonomous_Remote_Transport_Recovery.md,EnvironmentCompositionApplicability_PASS,INVARIANT_TOKEN,exact,V6,115,Hierarchical Evidence and Environment Reuse,1923,`EnvironmentCompositionApplicability_PASS = true`,UNKNOWN,LOW,"weak fuzzy match only (Parent module 'engine_applicability_resolver', overlap=1) -- insufficient confidence, needs individual semantic review"
CL-0241,L5_DGVA_v23_IMPLEMENTATION_STRICT_Autonomous_Remote_Transport_Recovery.md,ProtocolAgnosticFilesystemGeneralization_PASS,INVARIANT_TOKEN,exact,V6,116,Protocol-Agnostic Filesystem and Makefile,1940,`ProtocolAgnosticFilesystemGeneralization_PASS = true`,CANONICAL_EQUIVALENT,MEDIUM,"Parent-only module 'uvm_dut_top_scope_protocol_generalization' (keyword overlap=2), not yet migrated to canonical -- M5+ pool item"
CL-0242,L5_DGVA_v23_IMPLEMENTATION_STRICT_Autonomous_Remote_Transport_Recovery.md,ProtocolAgnosticMakefileGeneralization_PASS,INVARIANT_TOKEN,exact,V6,116,Protocol-Agnostic Filesystem and Makefile,1940,`ProtocolAgnosticMakefileGeneralization_PASS = true`,CANONICAL_EQUIVALENT,MEDIUM,"Parent-only module 'uvm_dut_top_scope_protocol_generalization' (keyword overlap=2), not yet migrated to canonical -- M5+ pool item"
CL-0243,L5_DGVA_v23_IMPLEMENTATION_STRICT_Autonomous_Remote_Transport_Recovery.md,ProtocolNeutralBuildCapabilityPreservation_PASS,INVARIANT_TOKEN,exact,V6,116,Protocol-Agnostic Filesystem and Makefile,1940,`ProtocolNeutralBuildCapabilityPreservation_PASS = true`,CANONICAL_EQUIVALENT,HIGH,canonical module 'protocol_capability' (keyword overlap=2)
CL-0244,L5_DGVA_v23_IMPLEMENTATION_STRICT_Autonomous_Remote_Transport_Recovery.md,ReferenceStructuralReuseWithoutUSBDependency_PASS,INVARIANT_TOKEN,exact,V6,116,Protocol-Agnostic Filesystem and Makefile,1940,`ReferenceStructuralReuseWithoutUSBDependency_PASS = true`,UNKNOWN,LOW,"weak fuzzy match only (Parent module 'atb_reference_inventory', overlap=1) -- insufficient confidence, needs individual semantic review"
CL-0245,L5_DGVA_v23_IMPLEMENTATION_STRICT_Autonomous_Remote_Transport_Recovery.md,NewProtocolOnboarding_PASS,INVARIANT_TOKEN,exact,V6,117,New Protocol Onboarding and Capability-Driven Core,1959,`NewProtocolOnboarding_PASS = true`,UNKNOWN,LOW,"weak fuzzy match only (Parent module 'bind_protocol_boundary_rule', overlap=1) -- insufficient confidence, needs individual semantic review"
CL-0246,L5_DGVA_v23_IMPLEMENTATION_STRICT_Autonomous_Remote_Transport_Recovery.md,CapabilityDrivenArchitecture_PASS,INVARIANT_TOKEN,exact,V6,117,New Protocol Onboarding and Capability-Driven Core,1959,`CapabilityDrivenArchitecture_PASS = true`,UNKNOWN,LOW,"weak fuzzy match only (Parent module 'capability_evolution', overlap=1) -- insufficient confidence, needs individual semantic review"
CL-0247,L5_DGVA_v23_IMPLEMENTATION_STRICT_Autonomous_Remote_Transport_Recovery.md,NoUSBDefaultOnUnknown_PASS,INVARIANT_TOKEN,exact,V6,118,Unknown Target Architecture,1974,`NoUSBDefaultOnUnknown_PASS = true`,NEW_VALID_GOVERNANCE_REQUIREMENT,LOW,no fuzzy keyword match (0 overlap) against any of 498 Parent or canonical module names -- candidate for individual verification
CL-0248,L5_DGVA_v23_IMPLEMENTATION_STRICT_Autonomous_Remote_Transport_Recovery.md,Heuristic::118::314,MUST_NOT_STATEMENT,heuristic,V6,118,Unknown Target Architecture,1974,"If target evidence cannot resolve a material architecture choice, do not",UNKNOWN,LOW,did not match any defined bucket; not individually reviewed
CL-0249,L5_DGVA_v23_IMPLEMENTATION_STRICT_Autonomous_Remote_Transport_Recovery.md,CrossProtocolSystemComposition_PASS,INVARIANT_TOKEN,exact,V6,119,Cross-Protocol System-Level Composition,1983,`CrossProtocolSystemComposition_PASS = true`,UNKNOWN,LOW,"weak fuzzy match only (Parent module 'bind_protocol_boundary_rule', overlap=1) -- insufficient confidence, needs individual semantic review"
CL-0250,L5_DGVA_v23_IMPLEMENTATION_STRICT_Autonomous_Remote_Transport_Recovery.md,CrossProtocolScenarioPlanner_PASS,INVARIANT_TOKEN,exact,V6,119,Cross-Protocol System-Level Composition,1983,`CrossProtocolScenarioPlanner_PASS = true`,UNKNOWN,LOW,"weak fuzzy match only (Parent module 'bind_protocol_boundary_rule', overlap=1) -- insufficient confidence, needs individual semantic review"
CL-0251,L5_DGVA_v23_IMPLEMENTATION_STRICT_Autonomous_Remote_Transport_Recovery.md,KCGeneralizationClassification_PASS,INVARIANT_TOKEN,exact,V6,120,KC Generalization Classification,1997,`KCGeneralizationClassification_PASS = true`,UNKNOWN,LOW,"weak fuzzy match only (Parent module 'amba_performance_classification', overlap=1) -- insufficient confidence, needs individual semantic review"
CL-0252,L5_DGVA_v23_IMPLEMENTATION_STRICT_Autonomous_Remote_Transport_Recovery.md,Heuristic::120::318,MUST_NOT_STATEMENT,heuristic,V6,120,KC Generalization Classification,1997,Do not promote,UNKNOWN,LOW,did not match any defined bucket; not individually reviewed
CL-0253,L5_DGVA_v23_IMPLEMENTATION_STRICT_Autonomous_Remote_Transport_Recovery.md,ProtocolAgnosticGeneralizationRegression_PASS,INVARIANT_TOKEN,exact,V6,121,Generalization Regression Suite,2005,`ProtocolAgnosticGeneralizationRegression_PASS = true`,CANONICAL_EQUIVALENT,MEDIUM,"Parent-only module 'uvm_dut_top_scope_protocol_generalization' (keyword overlap=2), not yet migrated to canonical -- M5+ pool item"
CL-0254,L5_DGVA_v23_IMPLEMENTATION_STRICT_Autonomous_Remote_Transport_Recovery.md,GeneralizationFalsePassGuard_PASS,INVARIANT_TOKEN,exact,V6,122,Generalization False-Pass Guards,2015,`GeneralizationFalsePassGuard_PASS = true`,UNKNOWN,LOW,"weak fuzzy match only (Parent module 'debug_kc_generalization_truth_gate', overlap=1) -- insufficient confidence, needs individual semantic review"
CL-0255,L5_DGVA_v23_IMPLEMENTATION_STRICT_Autonomous_Remote_Transport_Recovery.md,GeneralizationArchitectureGate_PASS,INVARIANT_TOKEN,exact,V6,123,Generalization Gate Integration,2026,`GeneralizationArchitectureGate_PASS = true`,CANONICAL_EQUIVALENT,MEDIUM,"Parent-only module 'debug_kc_generalization_truth_gate' (keyword overlap=2), not yet migrated to canonical -- M5+ pool item"
CL-0256,L5_DGVA_v23_IMPLEMENTATION_STRICT_Autonomous_Remote_Transport_Recovery.md,ZeroReminderGeneralization_PASS,INVARIANT_TOKEN,exact,V6,124,Zero-Reminder Generalization Governance,2036,`ZeroReminderGeneralization_PASS = true`,CANONICAL_EQUIVALENT,MEDIUM,"Parent-only module 'e_domain_zero_reminder_governance_composite' (keyword overlap=2), not yet migrated to canonical -- M5+ pool item"
CL-0257,L5_DGVA_v23_IMPLEMENTATION_STRICT_Autonomous_Remote_Transport_Recovery.md,GeneralizationGovernanceSelfRepair_PASS,INVARIANT_TOKEN,exact,V6,124,Zero-Reminder Generalization Governance,2036,`GeneralizationGovernanceSelfRepair_PASS = true`,UNKNOWN,LOW,"weak fuzzy match only (Parent module 'autonomy_governance_failure_classifier', overlap=1) -- insufficient confidence, needs individual semantic review"
CL-0258,L5_DGVA_v23_IMPLEMENTATION_STRICT_Autonomous_Remote_Transport_Recovery.md,GenericReferenceDifferentialClosure_PASS,INVARIANT_TOKEN,exact,V7,,(preamble),2084,`GenericReferenceDifferentialClosure_PASS = true`,CANONICAL_EQUIVALENT,MEDIUM,"Parent-only module 'reference_differential_phase_closure_artifact' (keyword overlap=3), not yet migrated to canonical -- M5+ pool item"
CL-0259,L5_DGVA_v23_IMPLEMENTATION_STRICT_Autonomous_Remote_Transport_Recovery.md,QualifiedReferenceLibrary_PASS,INVARIANT_TOKEN,exact,V7,126,Qualified Reference Library,2100,`QualifiedReferenceLibrary_PASS = true`,CANONICAL_EQUIVALENT,MEDIUM,"Parent-only module 'qualified_reference_library_resolver' (keyword overlap=3), not yet migrated to canonical -- M5+ pool item"
CL-0260,L5_DGVA_v23_IMPLEMENTATION_STRICT_Autonomous_Remote_Transport_Recovery.md,Heuristic::126::342,MUST_NOT_STATEMENT,heuristic,V7,126,Qualified Reference Library,2100,Do not require one project-wide reference for every capability.,UNKNOWN,LOW,did not match any defined bucket; not individually reviewed
CL-0261,L5_DGVA_v23_IMPLEMENTATION_STRICT_Autonomous_Remote_Transport_Recovery.md,QualifiedReferenceResolver_PASS,INVARIANT_TOKEN,exact,V7,127,Qualified Reference Resolver,2116,`QualifiedReferenceResolver_PASS = true`,CANONICAL_EQUIVALENT,MEDIUM,"Parent-only module 'qualified_reference_library_resolver' (keyword overlap=3), not yet migrated to canonical -- M5+ pool item"
CL-0262,L5_DGVA_v23_IMPLEMENTATION_STRICT_Autonomous_Remote_Transport_Recovery.md,MultiReferencePerPhase_PASS,INVARIANT_TOKEN,exact,V7,128,Multiple References Per Phase,2129,`MultiReferencePerPhase_PASS = true`,CANONICAL_EQUIVALENT,MEDIUM,"Parent-only module 'l5dgva_v5_phase_kc_reference_skill_registries' (keyword overlap=2), not yet migrated to canonical -- M5+ pool item"
CL-0263,L5_DGVA_v23_IMPLEMENTATION_STRICT_Autonomous_Remote_Transport_Recovery.md,ReferenceDifferentialApplicability_PASS,INVARIANT_TOKEN,exact,V7,129,Reference Applicability Before Differential,2144,`ReferenceDifferentialApplicability_PASS = true`,CANONICAL_EQUIVALENT,MEDIUM,"Parent-only module 'reference_differential_applicability_gate' (keyword overlap=3), not yet migrated to canonical -- M5+ pool item"
CL-0264,L5_DGVA_v23_IMPLEMENTATION_STRICT_Autonomous_Remote_Transport_Recovery.md,Heuristic::129::346,MUST_NOT_STATEMENT,heuristic,V7,129,Reference Applicability Before Differential,2144,Do not compare target against an inapplicable reference capability.,UNKNOWN,LOW,did not match any defined bucket; not individually reviewed
CL-0265,L5_DGVA_v23_IMPLEMENTATION_STRICT_Autonomous_Remote_Transport_Recovery.md,SemanticReferenceDifferential_PASS,INVARIANT_TOKEN,exact,V7,130,"Semantic Differential, Not Textual Diff",2154,`SemanticReferenceDifferential_PASS = true`,CANONICAL_EQUIVALENT,MEDIUM,"Parent-only module 'irq_reference_differential' (keyword overlap=2), not yet migrated to canonical -- M5+ pool item"
CL-0266,L5_DGVA_v23_IMPLEMENTATION_STRICT_Autonomous_Remote_Transport_Recovery.md,ReferenceDifferentialArtifact_PASS,INVARIANT_TOKEN,exact,V7,131,Reference Differential Artifact,2171,`ReferenceDifferentialArtifact_PASS = true`,CANONICAL_EQUIVALENT,MEDIUM,"Parent-only module 'reference_differential_artifact' (keyword overlap=3), not yet migrated to canonical -- M5+ pool item"
CL-0267,L5_DGVA_v23_IMPLEMENTATION_STRICT_Autonomous_Remote_Transport_Recovery.md,Artifact::ReferenceDifferentialArtifact,ARTIFACT_REQUIREMENT,exact,V7,131,Reference Differential Artifact,2171,Create/reconcile `ReferenceDifferentialArtifact`,CANONICAL_EQUIVALENT,MEDIUM,reference_differential_phase_closure_artifact.py
CL-0268,L5_DGVA_v23_IMPLEMENTATION_STRICT_Autonomous_Remote_Transport_Recovery.md,ReferenceDifferenceClassification_PASS,INVARIANT_TOKEN,exact,V7,132,Difference Classification,2181,`ReferenceDifferenceClassification_PASS = true`,UNKNOWN,LOW,"weak fuzzy match only (Parent module 'amba_performance_classification', overlap=1) -- insufficient confidence, needs individual semantic review"
CL-0269,L5_DGVA_v23_IMPLEMENTATION_STRICT_Autonomous_Remote_Transport_Recovery.md,Heuristic::132::351,MUST_NOT_STATEMENT,heuristic,V7,132,Difference Classification,2181,Do not repair expected protocol/scope differences merely to make the,UNKNOWN,LOW,did not match any defined bucket; not individually reviewed
CL-0270,L5_DGVA_v23_IMPLEMENTATION_STRICT_Autonomous_Remote_Transport_Recovery.md,ReferenceGapOwnershipImpact_PASS,INVARIANT_TOKEN,exact,V7,133,Gap Ownership and Impact,2195,`ReferenceGapOwnershipImpact_PASS = true`,CANONICAL_EQUIVALENT,MEDIUM,"Parent-only module 'reference_de_block_branch_ownership_discovery' (keyword overlap=2), not yet migrated to canonical -- M5+ pool item"
CL-0271,L5_DGVA_v23_IMPLEMENTATION_STRICT_Autonomous_Remote_Transport_Recovery.md,ReferenceGapAutoRepair_PASS,INVARIANT_TOKEN,exact,V7,134,Auto-Repair Real Gaps,2209,`ReferenceGapAutoRepair_PASS = true`,UNKNOWN,LOW,"weak fuzzy match only (Parent module 'atb_reference_inventory', overlap=1) -- insufficient confidence, needs individual semantic review"
CL-0272,L5_DGVA_v23_IMPLEMENTATION_STRICT_Autonomous_Remote_Transport_Recovery.md,Heuristic::134::354,MUST_NOT_STATEMENT,heuristic,V7,134,Auto-Repair Real Gaps,2209,Do not ask the user for routine internally resolvable parity gaps.,CANONICAL_EQUIVALENT,MEDIUM,Canonical's Autonomous Wave Execution discipline (project memory) + Trust Progression + 'actionable findings must close before Final Deep Audit' already codify this.
CL-0273,L5_DGVA_v23_IMPLEMENTATION_STRICT_Autonomous_Remote_Transport_Recovery.md,ExpectedReferenceDifferencePreservation_PASS,INVARIANT_TOKEN,exact,V7,135,Expected Difference Preservation,2219,`ExpectedReferenceDifferencePreservation_PASS = true`,CANONICAL_EQUIVALENT,MEDIUM,"Parent-only module 'expected_difference_preservation_gate' (keyword overlap=3), not yet migrated to canonical -- M5+ pool item"
CL-0274,L5_DGVA_v23_IMPLEMENTATION_STRICT_Autonomous_Remote_Transport_Recovery.md,Heuristic::135::356,MUST_NOT_STATEMENT,heuristic,V7,135,Expected Difference Preservation,2219,Do not force parity when parity would be technically wrong.,UNKNOWN,LOW,did not match any defined bucket; not individually reviewed
CL-0275,L5_DGVA_v23_IMPLEMENTATION_STRICT_Autonomous_Remote_Transport_Recovery.md,ReferenceTargetSupersetAcceptance_PASS,INVARIANT_TOKEN,exact,V7,136,Target Superset Rule,2229,`ReferenceTargetSupersetAcceptance_PASS = true`,CANONICAL_EQUIVALENT,MEDIUM,"Parent-only module 'target_superset_rule' (keyword overlap=2), not yet migrated to canonical -- M5+ pool item"
CL-0276,L5_DGVA_v23_IMPLEMENTATION_STRICT_Autonomous_Remote_Transport_Recovery.md,ReferenceDifferentialRecheck_PASS,INVARIANT_TOKEN,exact,V7,137,Differential Recheck,2240,`ReferenceDifferentialRecheck_PASS = true`,CANONICAL_EQUIVALENT,MEDIUM,"Parent-only module 'irq_reference_differential' (keyword overlap=2), not yet migrated to canonical -- M5+ pool item"
CL-0277,L5_DGVA_v23_IMPLEMENTATION_STRICT_Autonomous_Remote_Transport_Recovery.md,Heuristic::137::359,MUST_NOT_STATEMENT,heuristic,V7,137,Differential Recheck,2240,Do not declare closure from repair implementation alone.,UNKNOWN,LOW,did not match any defined bucket; not individually reviewed
CL-0278,L5_DGVA_v23_IMPLEMENTATION_STRICT_Autonomous_Remote_Transport_Recovery.md,ContinuousPhaseReferenceDifferential_PASS,INVARIANT_TOKEN,exact,V7,138,Phase-Level Continuous Differential,2249,`ContinuousPhaseReferenceDifferential_PASS = true`,CANONICAL_EQUIVALENT,MEDIUM,"Parent-only module 'reference_differential_phase_closure_artifact' (keyword overlap=3), not yet migrated to canonical -- M5+ pool item"
CL-0279,L5_DGVA_v23_IMPLEMENTATION_STRICT_Autonomous_Remote_Transport_Recovery.md,PhaseDifferentialClosureGate_PASS,INVARIANT_TOKEN,exact,V7,139,Phase Differential Closure Gate,2260,`PhaseDifferentialClosureGate_PASS = true`,CANONICAL_EQUIVALENT,MEDIUM,"Parent-only module 'phase_differential_closure_gate' (keyword overlap=4), not yet migrated to canonical -- M5+ pool item"
CL-0280,L5_DGVA_v23_IMPLEMENTATION_STRICT_Autonomous_Remote_Transport_Recovery.md,FilesystemReferenceDifferential_PASS,INVARIANT_TOKEN,exact,V7,140,Filesystem Differential,2272,`FilesystemReferenceDifferential_PASS = true`,CANONICAL_EQUIVALENT,MEDIUM,"Parent-only module 'irq_reference_differential' (keyword overlap=2), not yet migrated to canonical -- M5+ pool item"
CL-0281,L5_DGVA_v23_IMPLEMENTATION_STRICT_Autonomous_Remote_Transport_Recovery.md,MakefileCapabilityReferenceDifferential_PASS,INVARIANT_TOKEN,exact,V7,141,Makefile Capability Differential,2281,`MakefileCapabilityReferenceDifferential_PASS = true`,CANONICAL_EQUIVALENT,MEDIUM,"Parent-only module 'irq_reference_differential' (keyword overlap=2), not yet migrated to canonical -- M5+ pool item"
CL-0282,L5_DGVA_v23_IMPLEMENTATION_STRICT_Autonomous_Remote_Transport_Recovery.md,PatternArchitectureReferenceDifferential_PASS,INVARIANT_TOKEN,exact,V7,142,Pattern Architecture Differential,2293,`PatternArchitectureReferenceDifferential_PASS = true`,CANONICAL_EQUIVALENT,HIGH,canonical module 'reference_pattern_audit' (keyword overlap=2)
CL-0283,L5_DGVA_v23_IMPLEMENTATION_STRICT_Autonomous_Remote_Transport_Recovery.md,ControlPlaneReferenceDifferential_PASS,INVARIANT_TOKEN,exact,V7,143,Control-Plane Differential,2304,`ControlPlaneReferenceDifferential_PASS = true`,CANONICAL_EQUIVALENT,HIGH,canonical module 'control_plane' (keyword overlap=2)
CL-0284,L5_DGVA_v23_IMPLEMENTATION_STRICT_Autonomous_Remote_Transport_Recovery.md,Heuristic::143::366,MUST_NOT_STATEMENT,heuristic,V7,143,Control-Plane Differential,2304,For AXI/other buses compare their own ProtocolProfile semantics; do not,UNKNOWN,LOW,did not match any defined bucket; not individually reviewed
CL-0285,L5_DGVA_v23_IMPLEMENTATION_STRICT_Autonomous_Remote_Transport_Recovery.md,VIPArchitectureReferenceDifferential_PASS,INVARIANT_TOKEN,exact,V7,144,VIP Architecture Differential,2318,`VIPArchitectureReferenceDifferential_PASS = true`,CANONICAL_EQUIVALENT,MEDIUM,"Parent-only module 'v7_ss144_vip_architecture_reference_differential' (keyword overlap=4), not yet migrated to canonical -- M5+ pool item"
CL-0286,L5_DGVA_v23_IMPLEMENTATION_STRICT_Autonomous_Remote_Transport_Recovery.md,VerificationQualityReferenceDifferential_PASS,INVARIANT_TOKEN,exact,V7,145,Checking / Coverage / Performance Differential,2329,`VerificationQualityReferenceDifferential_PASS = true`,CANONICAL_EQUIVALENT,MEDIUM,"Parent-only module 'irq_reference_differential' (keyword overlap=2), not yet migrated to canonical -- M5+ pool item"
CL-0287,L5_DGVA_v23_IMPLEMENTATION_STRICT_Autonomous_Remote_Transport_Recovery.md,Heuristic::145::369,MUST_NOT_STATEMENT,heuristic,V7,145,Checking / Coverage / Performance Differential,2329,Do not require identical implementation when target semantics differ.,UNKNOWN,LOW,did not match any defined bucket; not individually reviewed
CL-0288,L5_DGVA_v23_IMPLEMENTATION_STRICT_Autonomous_Remote_Transport_Recovery.md,BuildRuntimeDebugReferenceDifferential_PASS,INVARIANT_TOKEN,exact,V7,146,Build / Runtime / Debug Differential,2339,`BuildRuntimeDebugReferenceDifferential_PASS = true`,CANONICAL_EQUIVALENT,MEDIUM,"Parent-only module 'v7_ss146_build_runtime_debug_reference_differential' (keyword overlap=5), not yet migrated to canonical -- M5+ pool item"
CL-0289,L5_DGVA_v23_IMPLEMENTATION_STRICT_Autonomous_Remote_Transport_Recovery.md,IPReferenceDifferentialFlow_PASS,INVARIANT_TOKEN,exact,V7,147,IP-Level Differential Flow,2349,`IPReferenceDifferentialFlow_PASS = true`,CANONICAL_EQUIVALENT,MEDIUM,"Parent-only module 'irq_reference_differential' (keyword overlap=2), not yet migrated to canonical -- M5+ pool item"
CL-0290,L5_DGVA_v23_IMPLEMENTATION_STRICT_Autonomous_Remote_Transport_Recovery.md,Heuristic::147::372,MUST_NOT_STATEMENT,heuristic,V7,147,IP-Level Differential Flow,2349,Do not require Subsystem/System-only capabilities unless activated by,UNKNOWN,LOW,did not match any defined bucket; not individually reviewed
CL-0291,L5_DGVA_v23_IMPLEMENTATION_STRICT_Autonomous_Remote_Transport_Recovery.md,SubsystemReferenceDifferentialFlow_PASS,INVARIANT_TOKEN,exact,V7,148,Subsystem Differential Flow,2360,`SubsystemReferenceDifferentialFlow_PASS = true`,CANONICAL_EQUIVALENT,MEDIUM,"Parent-only module 'irq_reference_differential' (keyword overlap=2), not yet migrated to canonical -- M5+ pool item"
CL-0292,L5_DGVA_v23_IMPLEMENTATION_STRICT_Autonomous_Remote_Transport_Recovery.md,SystemLevelReferenceDifferentialFlow_PASS,INVARIANT_TOKEN,exact,V7,149,System-Level Differential Flow,2369,`SystemLevelReferenceDifferentialFlow_PASS = true`,CANONICAL_EQUIVALENT,MEDIUM,"Parent-only module 'irq_reference_differential' (keyword overlap=2), not yet migrated to canonical -- M5+ pool item"
CL-0293,L5_DGVA_v23_IMPLEMENTATION_STRICT_Autonomous_Remote_Transport_Recovery.md,CompositionAwareReferenceComparison_PASS,INVARIANT_TOKEN,exact,V7,150,Composition-Aware Reference Comparison,2379,`CompositionAwareReferenceComparison_PASS = true`,UNKNOWN,LOW,"weak fuzzy match only (Parent module 'atb_reference_inventory', overlap=1) -- insufficient confidence, needs individual semantic review"
CL-0294,L5_DGVA_v23_IMPLEMENTATION_STRICT_Autonomous_Remote_Transport_Recovery.md,Heuristic::150::376,MUST_NOT_STATEMENT,heuristic,V7,150,Composition-Aware Reference Comparison,2379,Do not flatten the reference set into one copied environment.,UNKNOWN,LOW,did not match any defined bucket; not individually reviewed
CL-0295,L5_DGVA_v23_IMPLEMENTATION_STRICT_Autonomous_Remote_Transport_Recovery.md,DifferentialMethodExtraction_PASS,INVARIANT_TOKEN,exact,V7,151,Differential → Method Extraction,2390,`DifferentialMethodExtraction_PASS = true`,CANONICAL_EQUIVALENT,MEDIUM,"Parent-only module 'reference_differential_kc_extraction' (keyword overlap=2), not yet migrated to canonical -- M5+ pool item"
CL-0296,L5_DGVA_v23_IMPLEMENTATION_STRICT_Autonomous_Remote_Transport_Recovery.md,DifferentialKCGeneralization_PASS,INVARIANT_TOKEN,exact,V7,152,KC Generalization After Differential,2403,`DifferentialKCGeneralization_PASS = true`,UNKNOWN,LOW,"weak fuzzy match only (Parent module 'debug_kc_generalization_truth_gate', overlap=1) -- insufficient confidence, needs individual semantic review"
CL-0297,L5_DGVA_v23_IMPLEMENTATION_STRICT_Autonomous_Remote_Transport_Recovery.md,Heuristic::152::379,MUST_NOT_STATEMENT,heuristic,V7,152,KC Generalization After Differential,2403,"Do not encode project paths, PIDs, credentials or",CANONICAL_EXISTING_RULE_STRONGER,MEDIUM,"Canonical's SSH/Remote Transport Connection Intake + Remote Linux Execution ALWAYS_ON rules already extensively cover credential/secret non-exposure/non-persistence, more thoroughly than this one sentence."
CL-0298,L5_DGVA_v23_IMPLEMENTATION_STRICT_Autonomous_Remote_Transport_Recovery.md,DifferentialKCSemanticDedup_PASS,INVARIANT_TOKEN,exact,V7,153,Semantic KC Dedup,2414,`DifferentialKCSemanticDedup_PASS = true`,CANONICAL_EQUIVALENT,MEDIUM,"Parent-only module 'l5dgva_kc_semantic_dedup' (keyword overlap=2), not yet migrated to canonical -- M5+ pool item"
CL-0299,L5_DGVA_v23_IMPLEMENTATION_STRICT_Autonomous_Remote_Transport_Recovery.md,Heuristic::153::381,MUST_NOT_STATEMENT,heuristic,V7,153,Semantic KC Dedup,2414,Do not use low textual similarity alone as proof of novelty.,UNKNOWN,LOW,did not match any defined bucket; not individually reviewed
CL-0300,L5_DGVA_v23_IMPLEMENTATION_STRICT_Autonomous_Remote_Transport_Recovery.md,DifferentialKCPersistence_PASS,INVARIANT_TOKEN,exact,V7,154,KC Persistence and Promotion,2424,`DifferentialKCPersistence_PASS = true`,UNKNOWN,LOW,"weak fuzzy match only (Parent module 'irq_reference_differential', overlap=1) -- insufficient confidence, needs individual semantic review"
CL-0301,L5_DGVA_v23_IMPLEMENTATION_STRICT_Autonomous_Remote_Transport_Recovery.md,KCRuntimeTriggerRegistration_PASS,INVARIANT_TOKEN,exact,V7,155,Runtime Trigger Registration,2432,`KCRuntimeTriggerRegistration_PASS = true`,CANONICAL_EQUIVALENT,MEDIUM,"Parent-only module 'kc_extraction_trigger_and_outcome_registration_gap' (keyword overlap=2), not yet migrated to canonical -- M5+ pool item"
CL-0302,L5_DGVA_v23_IMPLEMENTATION_STRICT_Autonomous_Remote_Transport_Recovery.md,ContinuousKCEvolutionOutcomeVerification_PASS,INVARIANT_TOKEN,exact,V7,156,KC Outcome Verification,2444,`ContinuousKCEvolutionOutcomeVerification_PASS = true`,UNKNOWN,LOW,"weak fuzzy match only (Parent module 'capability_evolution', overlap=1) -- insufficient confidence, needs individual semantic review"
CL-0303,L5_DGVA_v23_IMPLEMENTATION_STRICT_Autonomous_Remote_Transport_Recovery.md,ContinuousCapabilityEvolution_PASS,INVARIANT_TOKEN,exact,V7,157,Continuous Capability Evolution,2452,`ContinuousCapabilityEvolution_PASS = true`,CANONICAL_EQUIVALENT,HIGH,canonical module 'capability_evolution' (keyword overlap=2)
CL-0304,L5_DGVA_v23_IMPLEMENTATION_STRICT_Autonomous_Remote_Transport_Recovery.md,Heuristic::157::386,MUST_NOT_STATEMENT,heuristic,V7,157,Continuous Capability Evolution,2452,Do not build a large new framework when a bounded extension is,UNKNOWN,LOW,did not match any defined bucket; not individually reviewed
CL-0305,L5_DGVA_v23_IMPLEMENTATION_STRICT_Autonomous_Remote_Transport_Recovery.md,QualifiedReferenceEvolution_PASS,INVARIANT_TOKEN,exact,V7,158,Reference Qualification Evolution,2465,`QualifiedReferenceEvolution_PASS = true`,CANONICAL_EQUIVALENT,MEDIUM,"Parent-only module 'l5dgva_qualified_reference_producer_discovery_order' (keyword overlap=2), not yet migrated to canonical -- M5+ pool item"
CL-0306,L5_DGVA_v23_IMPLEMENTATION_STRICT_Autonomous_Remote_Transport_Recovery.md,Heuristic::158::388,MUST_NOT_STATEMENT,heuristic,V7,158,Reference Qualification Evolution,2465,registry governance; do not automatically promote every passing,UNKNOWN,LOW,did not match any defined bucket; not individually reviewed
CL-0307,L5_DGVA_v23_IMPLEMENTATION_STRICT_Autonomous_Remote_Transport_Recovery.md,QualifiedReferenceConflictHandling_PASS,INVARIANT_TOKEN,exact,V7,159,Reference Conflict Handling,2476,`QualifiedReferenceConflictHandling_PASS = true`,CANONICAL_EQUIVALENT,MEDIUM,"Parent-only module 'l5dgva_qualified_reference_producer_discovery_order' (keyword overlap=2), not yet migrated to canonical -- M5+ pool item"
CL-0308,L5_DGVA_v23_IMPLEMENTATION_STRICT_Autonomous_Remote_Transport_Recovery.md,Heuristic::159::390,MUST_NOT_STATEMENT,heuristic,V7,159,Reference Conflict Handling,2476,"If two qualified references disagree materially, do not silently choose",UNKNOWN,LOW,did not match any defined bucket; not individually reviewed
CL-0309,L5_DGVA_v23_IMPLEMENTATION_STRICT_Autonomous_Remote_Transport_Recovery.md,ReferenceDefectHandling_PASS,INVARIANT_TOKEN,exact,V7,160,Reference Defect Handling,2485,`ReferenceDefectHandling_PASS = true`,UNKNOWN,LOW,"weak fuzzy match only (Parent module 'atb_reference_inventory', overlap=1) -- insufficient confidence, needs individual semantic review"
CL-0310,L5_DGVA_v23_IMPLEMENTATION_STRICT_Autonomous_Remote_Transport_Recovery.md,Heuristic::160::392,MUST_NOT_STATEMENT,heuristic,V7,160,Reference Defect Handling,2485,"the defect, and do not weaken target qualification merely for parity.",UNKNOWN,LOW,did not match any defined bucket; not individually reviewed
CL-0311,L5_DGVA_v23_IMPLEMENTATION_STRICT_Autonomous_Remote_Transport_Recovery.md,ZeroReminderReferenceDifferential_PASS,INVARIANT_TOKEN,exact,V7,161,Zero-Reminder Differential Governance,2493,`ZeroReminderReferenceDifferential_PASS = true`,CANONICAL_EQUIVALENT,MEDIUM,"Parent-only module 'v7_differential_zero_reminder_governance_composite' (keyword overlap=3), not yet migrated to canonical -- M5+ pool item"
CL-0312,L5_DGVA_v23_IMPLEMENTATION_STRICT_Autonomous_Remote_Transport_Recovery.md,ReferenceDifferentialGovernanceSelfRepair_PASS,INVARIANT_TOKEN,exact,V7,161,Zero-Reminder Differential Governance,2493,`ReferenceDifferentialGovernanceSelfRepair_PASS = true`,CANONICAL_EQUIVALENT,MEDIUM,"Parent-only module 'irq_reference_differential' (keyword overlap=2), not yet migrated to canonical -- M5+ pool item"
CL-0313,L5_DGVA_v23_IMPLEMENTATION_STRICT_Autonomous_Remote_Transport_Recovery.md,ReferenceDifferentialRegressionSuite_PASS,INVARIANT_TOKEN,exact,V7,162,Differential Regression Tests,2506,`ReferenceDifferentialRegressionSuite_PASS = true`,CANONICAL_EQUIVALENT,MEDIUM,"Parent-only module 'ss202_vplan_test_suite_reference_differential_precondition' (keyword overlap=3), not yet migrated to canonical -- M5+ pool item"
CL-0314,L5_DGVA_v23_IMPLEMENTATION_STRICT_Autonomous_Remote_Transport_Recovery.md,PhaseDifferentialClosureArtifact_PASS,INVARIANT_TOKEN,exact,V7,163,Phase Closure Artifact,2517,`PhaseDifferentialClosureArtifact_PASS = true`,CANONICAL_EQUIVALENT,MEDIUM,"Parent-only module 'reference_differential_phase_closure_artifact' (keyword overlap=4), not yet migrated to canonical -- M5+ pool item"
CL-0315,L5_DGVA_v23_IMPLEMENTATION_STRICT_Autonomous_Remote_Transport_Recovery.md,Artifact::PhaseDifferentialClosureArtifact,ARTIFACT_REQUIREMENT,exact,V7,163,Phase Closure Artifact,2517,Create/reconcile `PhaseDifferentialClosureArtifact`,CANONICAL_EQUIVALENT,MEDIUM,reference_differential_phase_closure_artifact.py / phase_differential_closure_gate.py
CL-0316,L5_DGVA_v23_IMPLEMENTATION_STRICT_Autonomous_Remote_Transport_Recovery.md,GenericContinuousReferenceKCLoop_PASS,INVARIANT_TOKEN,exact,V7,164,Generic Continuous Loop,2530,`GenericContinuousReferenceKCLoop_PASS = true`,CANONICAL_EQUIVALENT,MEDIUM,"Parent-only module 'generic_continuous_reference_kc_loop' (keyword overlap=4), not yet migrated to canonical -- M5+ pool item"
CL-0317,L5_DGVA_v23_IMPLEMENTATION_STRICT_Autonomous_Remote_Transport_Recovery.md,UnjustifiedDivergence_Count,INVARIANT_TOKEN,exact,V7,165,Final V7 Governing Invariants,2545,`UnjustifiedDivergence_Count = 0`,UNKNOWN,LOW,"weak fuzzy match only (Parent module 'reference_divergence_control_plane_extension', overlap=1) -- insufficient confidence, needs individual semantic review"
CL-0318,L5_DGVA_v23_IMPLEMENTATION_STRICT_Autonomous_Remote_Transport_Recovery.md,ExhaustiveDECommandMigration_PASS,INVARIANT_TOKEN,exact,V8,,(preamble),2574,`ExhaustiveDECommandMigration_PASS = true`,CANONICAL_EQUIVALENT,MEDIUM,"Parent-only module 'de_command_migration_completion_gate' (keyword overlap=2), not yet migrated to canonical -- M5+ pool item"
CL-0319,L5_DGVA_v23_IMPLEMENTATION_STRICT_Autonomous_Remote_Transport_Recovery.md,DECommandInventoryComplete_PASS,INVARIANT_TOKEN,exact,V8,166,Exhaustive Inventory and Original Preservation,2594,`DECommandInventoryComplete_PASS = true`,UNKNOWN,LOW,"weak fuzzy match only (Parent module 'amba_command_txt_extension', overlap=1) -- insufficient confidence, needs individual semantic review"
CL-0320,L5_DGVA_v23_IMPLEMENTATION_STRICT_Autonomous_Remote_Transport_Recovery.md,UninventoriedApplicableDECommand_Count,INVARIANT_TOKEN,exact,V8,166,Exhaustive Inventory and Original Preservation,2594,`UninventoriedApplicableDECommand_Count = 0`,UNKNOWN,LOW,"weak fuzzy match only (Parent module 'amba_command_txt_extension', overlap=1) -- insufficient confidence, needs individual semantic review"
CL-0321,L5_DGVA_v23_IMPLEMENTATION_STRICT_Autonomous_Remote_Transport_Recovery.md,OriginalDEIntentPreservation_PASS,INVARIANT_TOKEN,exact,V8,166,Exhaustive Inventory and Original Preservation,2594,`OriginalDEIntentPreservation_PASS = true`,UNKNOWN,LOW,"weak fuzzy match only (Parent module 'design_intent', overlap=1) -- insufficient confidence, needs individual semantic review"
CL-0322,L5_DGVA_v23_IMPLEMENTATION_STRICT_Autonomous_Remote_Transport_Recovery.md,DeletedOriginalDEIntent_Count,INVARIANT_TOKEN,exact,V8,166,Exhaustive Inventory and Original Preservation,2594,`DeletedOriginalDEIntent_Count = 0`,UNKNOWN,LOW,"weak fuzzy match only (Parent module 'design_intent', overlap=1) -- insufficient confidence, needs individual semantic review"
CL-0323,L5_DGVA_v23_IMPLEMENTATION_STRICT_Autonomous_Remote_Transport_Recovery.md,Heuristic::166::427,MUST_NOT_STATEMENT,heuristic,V8,166,Exhaustive Inventory and Original Preservation,2594,Inventory every applicable DE command/pattern; do not sample only,UNKNOWN,LOW,did not match any defined bucket; not individually reviewed
CL-0324,L5_DGVA_v23_IMPLEMENTATION_STRICT_Autonomous_Remote_Transport_Recovery.md,ReferenceUSBDEPatternMigrationDiscovery_PASS,INVARIANT_TOKEN,exact,V8,167,Reference USB Migration Discovery,2609,`ReferenceUSBDEPatternMigrationDiscovery_PASS = true`,CANONICAL_EQUIVALENT,HIGH,canonical module 'reference_pattern_audit' (keyword overlap=2)
CL-0325,L5_DGVA_v23_IMPLEMENTATION_STRICT_Autonomous_Remote_Transport_Recovery.md,ReferenceUSBMigrationGeneralizationClassification_PASS,INVARIANT_TOKEN,exact,V8,167,Reference USB Migration Discovery,2609,`ReferenceUSBMigrationGeneralizationClassification_PASS = true`,CANONICAL_EQUIVALENT,MEDIUM,"Parent-only module 'reference_de_migration_discovery' (keyword overlap=2), not yet migrated to canonical -- M5+ pool item"
CL-0326,L5_DGVA_v23_IMPLEMENTATION_STRICT_Autonomous_Remote_Transport_Recovery.md,EveryDECommandAnalyzed_PASS,INVARIANT_TOKEN,exact,V8,168,Every Pattern Semantic Analysis,2625,`EveryDECommandAnalyzed_PASS = true`,UNKNOWN,LOW,"weak fuzzy match only (Parent module 'amba_command_txt_extension', overlap=1) -- insufficient confidence, needs individual semantic review"
CL-0327,L5_DGVA_v23_IMPLEMENTATION_STRICT_Autonomous_Remote_Transport_Recovery.md,UnanalyzedApplicableDECommand_Count,INVARIANT_TOKEN,exact,V8,168,Every Pattern Semantic Analysis,2625,`UnanalyzedApplicableDECommand_Count = 0`,UNKNOWN,LOW,"weak fuzzy match only (Parent module 'amba_command_txt_extension', overlap=1) -- insufficient confidence, needs individual semantic review"
CL-0328,L5_DGVA_v23_IMPLEMENTATION_STRICT_Autonomous_Remote_Transport_Recovery.md,DEPatternSemanticManifest_PASS,INVARIANT_TOKEN,exact,V8,168,Every Pattern Semantic Analysis,2625,`DEPatternSemanticManifest_PASS = true`,CANONICAL_EQUIVALENT,MEDIUM,"Parent-only module 'reference_pattern_architecture_manifest' (keyword overlap=2), not yet migrated to canonical -- M5+ pool item"
CL-0329,L5_DGVA_v23_IMPLEMENTATION_STRICT_Autonomous_Remote_Transport_Recovery.md,Artifact::DEPatternSemanticManifest,ARTIFACT_REQUIREMENT,exact,V8,168,Every Pattern Semantic Analysis,2625,Create `DEPatternSemanticManifest`,UNKNOWN,MEDIUM,no clear Parent module match found by name
CL-0330,L5_DGVA_v23_IMPLEMENTATION_STRICT_Autonomous_Remote_Transport_Recovery.md,EveryDECommandBranchClassified_PASS,INVARIANT_TOKEN,exact,V8,169,Branch and Task Classification,2639,`EveryDECommandBranchClassified_PASS = true`,CANONICAL_EQUIVALENT,MEDIUM,"Parent-only module 'reference_de_command_block_branch_integration_manifest' (keyword overlap=2), not yet migrated to canonical -- M5+ pool item"
CL-0331,L5_DGVA_v23_IMPLEMENTATION_STRICT_Autonomous_Remote_Transport_Recovery.md,DETaskSemanticClassification_PASS,INVARIANT_TOKEN,exact,V8,169,Branch and Task Classification,2639,`DETaskSemanticClassification_PASS = true`,UNKNOWN,LOW,"weak fuzzy match only (Parent module 'amba_performance_classification', overlap=1) -- insufficient confidence, needs individual semantic review"
CL-0332,L5_DGVA_v23_IMPLEMENTATION_STRICT_Autonomous_Remote_Transport_Recovery.md,UnclassifiedMaterialDECommand_Count,INVARIANT_TOKEN,exact,V8,169,Branch and Task Classification,2639,`UnclassifiedMaterialDECommand_Count = 0`,UNKNOWN,LOW,"weak fuzzy match only (Parent module 'amba_command_txt_extension', overlap=1) -- insufficient confidence, needs individual semantic review"
CL-0333,L5_DGVA_v23_IMPLEMENTATION_STRICT_Autonomous_Remote_Transport_Recovery.md,DETaskMigrationDisposition_PASS,INVARIANT_TOKEN,exact,V8,170,Task Migration Disposition,2654,`DETaskMigrationDisposition_PASS = true`,UNKNOWN,LOW,"weak fuzzy match only (Parent module 'command_task_trace', overlap=1) -- insufficient confidence, needs individual semantic review"
CL-0334,L5_DGVA_v23_IMPLEMENTATION_STRICT_Autonomous_Remote_Transport_Recovery.md,EveryDECommandControlPlanePreserved_PASS,INVARIANT_TOKEN,exact,V8,170,Task Migration Disposition,2654,`EveryDECommandControlPlanePreserved_PASS = true`,CANONICAL_EQUIVALENT,HIGH,canonical module 'control_plane' (keyword overlap=2)
CL-0335,L5_DGVA_v23_IMPLEMENTATION_STRICT_Autonomous_Remote_Transport_Recovery.md,EveryDECommandFWIntentPreserved_PASS,INVARIANT_TOKEN,exact,V8,170,Task Migration Disposition,2654,`EveryDECommandFWIntentPreserved_PASS = true`,UNKNOWN,LOW,"weak fuzzy match only (Parent module 'amba_command_txt_extension', overlap=1) -- insufficient confidence, needs individual semantic review"
CL-0336,L5_DGVA_v23_IMPLEMENTATION_STRICT_Autonomous_Remote_Transport_Recovery.md,EveryDEProtocolDriveTaskIdentified_PASS,INVARIANT_TOKEN,exact,V8,171,Protocol-Driving Task Replacement,2669,`EveryDEProtocolDriveTaskIdentified_PASS = true`,CANONICAL_EQUIVALENT,MEDIUM,"Parent-only module 'branch_b_protocol_drive_replacement' (keyword overlap=2), not yet migrated to canonical -- M5+ pool item"
CL-0337,L5_DGVA_v23_IMPLEMENTATION_STRICT_Autonomous_Remote_Transport_Recovery.md,OriginalProtocolTaskReferencePreserved_PASS,INVARIANT_TOKEN,exact,V8,171,Protocol-Driving Task Replacement,2669,`OriginalProtocolTaskReferencePreserved_PASS = true`,UNKNOWN,LOW,"weak fuzzy match only (Parent module 'atb_reference_inventory', overlap=1) -- insufficient confidence, needs individual semantic review"
CL-0338,L5_DGVA_v23_IMPLEMENTATION_STRICT_Autonomous_Remote_Transport_Recovery.md,EveryDEProtocolDriveTaskVIPMapped_PASS,INVARIANT_TOKEN,exact,V8,171,Protocol-Driving Task Replacement,2669,`EveryDEProtocolDriveTaskVIPMapped_PASS = true`,CANONICAL_EQUIVALENT,MEDIUM,"Parent-only module 'branch_b_protocol_drive_replacement' (keyword overlap=2), not yet migrated to canonical -- M5+ pool item"
CL-0339,L5_DGVA_v23_IMPLEMENTATION_STRICT_Autonomous_Remote_Transport_Recovery.md,ProtocolNeutralDETaskVIPReplacement_PASS,INVARIANT_TOKEN,exact,V8,171,Protocol-Driving Task Replacement,2669,`ProtocolNeutralDETaskVIPReplacement_PASS = true`,CANONICAL_EQUIVALENT,MEDIUM,"Parent-only module 'branch_b_protocol_drive_replacement' (keyword overlap=2), not yet migrated to canonical -- M5+ pool item"
CL-0340,L5_DGVA_v23_IMPLEMENTATION_STRICT_Autonomous_Remote_Transport_Recovery.md,UnmappedProtocolDriveTask_Count,INVARIANT_TOKEN,exact,V8,171,Protocol-Driving Task Replacement,2669,`UnmappedProtocolDriveTask_Count = 0`,CANONICAL_EQUIVALENT,MEDIUM,"Parent-only module 'branch_b_protocol_drive_replacement' (keyword overlap=2), not yet migrated to canonical -- M5+ pool item"
CL-0341,L5_DGVA_v23_IMPLEMENTATION_STRICT_Autonomous_Remote_Transport_Recovery.md,Heuristic::171::445,MUST_NOT_STATEMENT,heuristic,V8,171,Protocol-Driving Task Replacement,2669,Do not delete original intent.,UNKNOWN,LOW,did not match any defined bucket; not individually reviewed
CL-0342,L5_DGVA_v23_IMPLEMENTATION_STRICT_Autonomous_Remote_Transport_Recovery.md,Heuristic::171::446,MUST_NOT_STATEMENT,heuristic,V8,171,Protocol-Driving Task Replacement,2669,Do not hardcode Host/Device;,UNKNOWN,LOW,did not match any defined bucket; not individually reviewed
CL-0343,L5_DGVA_v23_IMPLEMENTATION_STRICT_Autonomous_Remote_Transport_Recovery.md,DEProtocolTaskMigrationAnnotation_PASS,INVARIANT_TOKEN,exact,V8,172,Migration Annotation and Mapping Artifact,2688,`DEProtocolTaskMigrationAnnotation_PASS = true`,UNKNOWN,LOW,"weak fuzzy match only (Parent module 'bind_protocol_boundary_rule', overlap=1) -- insufficient confidence, needs individual semantic review"
CL-0344,L5_DGVA_v23_IMPLEMENTATION_STRICT_Autonomous_Remote_Transport_Recovery.md,DETaskVIPSequenceMapping_PASS,INVARIANT_TOKEN,exact,V8,172,Migration Annotation and Mapping Artifact,2688,`DETaskVIPSequenceMapping_PASS = true`,UNKNOWN,LOW,"weak fuzzy match only (Parent module 'command_task_trace', overlap=1) -- insufficient confidence, needs individual semantic review"
CL-0345,L5_DGVA_v23_IMPLEMENTATION_STRICT_Autonomous_Remote_Transport_Recovery.md,Artifact::DETaskVIPSequenceMapping,ARTIFACT_REQUIREMENT,exact,V8,172,Migration Annotation and Mapping Artifact,2688,Create `DETaskVIPSequenceMapping`,UNKNOWN,MEDIUM,no clear Parent module match found by name
CL-0346,L5_DGVA_v23_IMPLEMENTATION_STRICT_Autonomous_Remote_Transport_Recovery.md,DEProceduralUsability_PASS,INVARIANT_TOKEN,exact,V8,173,DE Procedural Usability,2702,`DEProceduralUsability_PASS = true`,NEW_VALID_GOVERNANCE_REQUIREMENT,LOW,no fuzzy keyword match (0 overlap) against any of 498 Parent or canonical module names -- candidate for individual verification
CL-0347,L5_DGVA_v23_IMPLEMENTATION_STRICT_Autonomous_Remote_Transport_Recovery.md,DEPatternTransformationPipeline_PASS,INVARIANT_TOKEN,exact,V8,174,Exhaustive Transformation Pipeline,2711,`DEPatternTransformationPipeline_PASS = true`,UNKNOWN,LOW,"weak fuzzy match only (Parent module 'de_pattern_scenario_seed_gap_model', overlap=1) -- insufficient confidence, needs individual semantic review"
CL-0348,L5_DGVA_v23_IMPLEMENTATION_STRICT_Autonomous_Remote_Transport_Recovery.md,EveryDECommandBuildValidated_PASS,INVARIANT_TOKEN,exact,V8,175,Build / Execution / Semantic Validation,2722,`EveryDECommandBuildValidated_PASS = true`,UNKNOWN,LOW,"weak fuzzy match only (Parent module 'amba_command_txt_extension', overlap=1) -- insufficient confidence, needs individual semantic review"
CL-0349,L5_DGVA_v23_IMPLEMENTATION_STRICT_Autonomous_Remote_Transport_Recovery.md,EveryDECommandExecutionValidated_PASS,INVARIANT_TOKEN,exact,V8,175,Build / Execution / Semantic Validation,2722,`EveryDECommandExecutionValidated_PASS = true`,UNKNOWN,LOW,"weak fuzzy match only (Parent module 'amba_command_txt_extension', overlap=1) -- insufficient confidence, needs individual semantic review"
CL-0350,L5_DGVA_v23_IMPLEMENTATION_STRICT_Autonomous_Remote_Transport_Recovery.md,DEPatternSemanticIntentEquivalence_PASS,INVARIANT_TOKEN,exact,V8,175,Build / Execution / Semantic Validation,2722,`DEPatternSemanticIntentEquivalence_PASS = true`,UNKNOWN,LOW,"weak fuzzy match only (Parent module 'design_intent', overlap=1) -- insufficient confidence, needs individual semantic review"
CL-0351,L5_DGVA_v23_IMPLEMENTATION_STRICT_Autonomous_Remote_Transport_Recovery.md,DEPatternMigrationDifferential_PASS,INVARIANT_TOKEN,exact,V8,176,Pattern Differential and Auto-Repair,2736,`DEPatternMigrationDifferential_PASS = true`,UNKNOWN,LOW,"weak fuzzy match only (Parent module 'de_command_migration_completion_gate', overlap=1) -- insufficient confidence, needs individual semantic review"
CL-0352,L5_DGVA_v23_IMPLEMENTATION_STRICT_Autonomous_Remote_Transport_Recovery.md,DEPatternMigrationAutoRepair_PASS,INVARIANT_TOKEN,exact,V8,176,Pattern Differential and Auto-Repair,2736,`DEPatternMigrationAutoRepair_PASS = true`,UNKNOWN,LOW,"weak fuzzy match only (Parent module 'de_command_migration_completion_gate', overlap=1) -- insufficient confidence, needs individual semantic review"
CL-0353,L5_DGVA_v23_IMPLEMENTATION_STRICT_Autonomous_Remote_Transport_Recovery.md,Heuristic::176::457,MUST_NOT_STATEMENT,heuristic,V8,176,Pattern Differential and Auto-Repair,2736,Do not ask user for routine,UNKNOWN,LOW,did not match any defined bucket; not individually reviewed
CL-0354,L5_DGVA_v23_IMPLEMENTATION_STRICT_Autonomous_Remote_Transport_Recovery.md,DEPatternTargetExtension_PASS,INVARIANT_TOKEN,exact,V8,177,Add / Modify Without Intent Weakening,2749,`DEPatternTargetExtension_PASS = true`,UNKNOWN,LOW,"weak fuzzy match only (Parent module 'amba_command_txt_extension', overlap=1) -- insufficient confidence, needs individual semantic review"
CL-0355,L5_DGVA_v23_IMPLEMENTATION_STRICT_Autonomous_Remote_Transport_Recovery.md,DEPatternModificationTraceability_PASS,INVARIANT_TOKEN,exact,V8,177,Add / Modify Without Intent Weakening,2749,`DEPatternModificationTraceability_PASS = true`,UNKNOWN,LOW,"weak fuzzy match only (Parent module 'de_pattern_scenario_seed_gap_model', overlap=1) -- insufficient confidence, needs individual semantic review"
CL-0356,L5_DGVA_v23_IMPLEMENTATION_STRICT_Autonomous_Remote_Transport_Recovery.md,NoDEIntentWeakening_PASS,INVARIANT_TOKEN,exact,V8,177,Add / Modify Without Intent Weakening,2749,`NoDEIntentWeakening_PASS = true`,UNKNOWN,LOW,"weak fuzzy match only (Parent module 'design_intent', overlap=1) -- insufficient confidence, needs individual semantic review"
CL-0357,L5_DGVA_v23_IMPLEMENTATION_STRICT_Autonomous_Remote_Transport_Recovery.md,Heuristic::177::461,MUST_NOT_STATEMENT,heuristic,V8,177,Add / Modify Without Intent Weakening,2749,"Never pass migration by deleting required waits, error cases, protocol",UNKNOWN,LOW,did not match any defined bucket; not individually reviewed
CL-0358,L5_DGVA_v23_IMPLEMENTATION_STRICT_Autonomous_Remote_Transport_Recovery.md,DEPatternLineage_PASS,INVARIANT_TOKEN,exact,V8,178,Pattern Lineage and Reference Pattern Library,2766,`DEPatternLineage_PASS = true`,UNKNOWN,LOW,"weak fuzzy match only (Parent module 'de_pattern_scenario_seed_gap_model', overlap=1) -- insufficient confidence, needs individual semantic review"
CL-0359,L5_DGVA_v23_IMPLEMENTATION_STRICT_Autonomous_Remote_Transport_Recovery.md,DEReferencePatternLibrary_PASS,INVARIANT_TOKEN,exact,V8,178,Pattern Lineage and Reference Pattern Library,2766,`DEReferencePatternLibrary_PASS = true`,CANONICAL_EQUIVALENT,HIGH,canonical module 'reference_pattern_audit' (keyword overlap=2)
CL-0360,L5_DGVA_v23_IMPLEMENTATION_STRICT_Autonomous_Remote_Transport_Recovery.md,DEReferencePatternQualificationState_PASS,INVARIANT_TOKEN,exact,V8,178,Pattern Lineage and Reference Pattern Library,2766,`DEReferencePatternQualificationState_PASS = true`,CANONICAL_EQUIVALENT,HIGH,canonical module 'pattern_runtime_state_machine' (keyword overlap=2)
CL-0361,L5_DGVA_v23_IMPLEMENTATION_STRICT_Autonomous_Remote_Transport_Recovery.md,Artifact::DEReferencePatternLibrary,ARTIFACT_REQUIREMENT,exact,V8,178,Pattern Lineage and Reference Pattern Library,2766,Create `DEReferencePatternLibrary`,UNKNOWN,MEDIUM,no clear Parent module match found by name
CL-0362,L5_DGVA_v23_IMPLEMENTATION_STRICT_Autonomous_Remote_Transport_Recovery.md,DECommandMigrationCompletionGate_PASS,INVARIANT_TOKEN,exact,V8,179,Migration Completion Gate,2785,`DECommandMigrationCompletionGate_PASS = true`,CANONICAL_EQUIVALENT,HIGH,canonical module 'command_precondition_gate' (keyword overlap=2)
CL-0363,L5_DGVA_v23_IMPLEMENTATION_STRICT_Autonomous_Remote_Transport_Recovery.md,IPDEPatternMigration_PASS,INVARIANT_TOKEN,exact,V8,180,Scope-Aware Migration,2795,`IPDEPatternMigration_PASS = true`,UNKNOWN,LOW,"weak fuzzy match only (Parent module 'de_command_migration_completion_gate', overlap=1) -- insufficient confidence, needs individual semantic review"
CL-0364,L5_DGVA_v23_IMPLEMENTATION_STRICT_Autonomous_Remote_Transport_Recovery.md,SubsystemDEPatternMigration_PASS,INVARIANT_TOKEN,exact,V8,180,Scope-Aware Migration,2795,`SubsystemDEPatternMigration_PASS = true`,UNKNOWN,LOW,"weak fuzzy match only (Parent module 'de_command_migration_completion_gate', overlap=1) -- insufficient confidence, needs individual semantic review"
CL-0365,L5_DGVA_v23_IMPLEMENTATION_STRICT_Autonomous_Remote_Transport_Recovery.md,SystemLevelDEPatternMigration_PASS,INVARIANT_TOKEN,exact,V8,180,Scope-Aware Migration,2795,`SystemLevelDEPatternMigration_PASS = true`,UNKNOWN,LOW,"weak fuzzy match only (Parent module 'de_command_migration_completion_gate', overlap=1) -- insufficient confidence, needs individual semantic review"
CL-0366,L5_DGVA_v23_IMPLEMENTATION_STRICT_Autonomous_Remote_Transport_Recovery.md,HierarchicalDEPatternReuse_PASS,INVARIANT_TOKEN,exact,V8,180,Scope-Aware Migration,2795,`HierarchicalDEPatternReuse_PASS = true`,UNKNOWN,LOW,"weak fuzzy match only (Parent module 'de_pattern_scenario_seed_gap_model', overlap=1) -- insufficient confidence, needs individual semantic review"
CL-0367,L5_DGVA_v23_IMPLEMENTATION_STRICT_Autonomous_Remote_Transport_Recovery.md,Heuristic::180::471,MUST_NOT_STATEMENT,heuristic,V8,180,Scope-Aware Migration,2795,Do not regenerate lower-level,UNKNOWN,LOW,did not match any defined bucket; not individually reviewed
CL-0368,L5_DGVA_v23_IMPLEMENTATION_STRICT_Autonomous_Remote_Transport_Recovery.md,MultiProtocolDEPatternMigration_PASS,INVARIANT_TOKEN,exact,V8,181,Multi-Protocol and Shared Bridge Migration,2815,`MultiProtocolDEPatternMigration_PASS = true`,UNKNOWN,LOW,"weak fuzzy match only (Parent module 'bind_protocol_boundary_rule', overlap=1) -- insufficient confidence, needs individual semantic review"
CL-0369,L5_DGVA_v23_IMPLEMENTATION_STRICT_Autonomous_Remote_Transport_Recovery.md,DEPatternControlPlaneBridgeReuse_PASS,INVARIANT_TOKEN,exact,V8,181,Multi-Protocol and Shared Bridge Migration,2815,`DEPatternControlPlaneBridgeReuse_PASS = true`,CANONICAL_EQUIVALENT,HIGH,canonical module 'control_plane' (keyword overlap=2)
CL-0370,L5_DGVA_v23_IMPLEMENTATION_STRICT_Autonomous_Remote_Transport_Recovery.md,DEPatternMultiAPBFairService_PASS,INVARIANT_TOKEN,exact,V8,182,Multi-APB / Fork-Join / IRQ Preservation,2825,`DEPatternMultiAPBFairService_PASS = true`,CANONICAL_EQUIVALENT,MEDIUM,"Parent-only module 'multi_apb_scheduler_generation_readiness_gate' (keyword overlap=2), not yet migrated to canonical -- M5+ pool item"
CL-0371,L5_DGVA_v23_IMPLEMENTATION_STRICT_Autonomous_Remote_Transport_Recovery.md,DEPatternForkJoinPreservation_PASS,INVARIANT_TOKEN,exact,V8,182,Multi-APB / Fork-Join / IRQ Preservation,2825,`DEPatternForkJoinPreservation_PASS = true`,UNKNOWN,LOW,"weak fuzzy match only (Parent module 'de_pattern_scenario_seed_gap_model', overlap=1) -- insufficient confidence, needs individual semantic review"
CL-0372,L5_DGVA_v23_IMPLEMENTATION_STRICT_Autonomous_Remote_Transport_Recovery.md,DEPatternIRQEventPreservation_PASS,INVARIANT_TOKEN,exact,V8,182,Multi-APB / Fork-Join / IRQ Preservation,2825,`DEPatternIRQEventPreservation_PASS = true`,CANONICAL_EQUIVALENT,MEDIUM,"Parent-only module 'reference_irq_event_to_service_flow_discovery' (keyword overlap=2), not yet migrated to canonical -- M5+ pool item"
CL-0373,L5_DGVA_v23_IMPLEMENTATION_STRICT_Autonomous_Remote_Transport_Recovery.md,DEPatternMigrationDebugMethod_PASS,INVARIANT_TOKEN,exact,V8,183,Migration Debug Method,2840,`DEPatternMigrationDebugMethod_PASS = true`,UNKNOWN,LOW,"weak fuzzy match only (Parent module 'debug_evidence_behavioral_firewall_gate', overlap=1) -- insufficient confidence, needs individual semantic review"
CL-0374,L5_DGVA_v23_IMPLEMENTATION_STRICT_Autonomous_Remote_Transport_Recovery.md,DEPatternVPlanTraceability_PASS,INVARIANT_TOKEN,exact,V8,184,vPlan / Coverage / Signoff Traceability,2851,`DEPatternVPlanTraceability_PASS = true`,UNKNOWN,LOW,"weak fuzzy match only (Parent module 'de_pattern_scenario_seed_gap_model', overlap=1) -- insufficient confidence, needs individual semantic review"
CL-0375,L5_DGVA_v23_IMPLEMENTATION_STRICT_Autonomous_Remote_Transport_Recovery.md,DEPatternCoverageTraceability_PASS,INVARIANT_TOKEN,exact,V8,184,vPlan / Coverage / Signoff Traceability,2851,`DEPatternCoverageTraceability_PASS = true`,CANONICAL_EQUIVALENT,HIGH,canonical module 'pattern_coverage_contribution' (keyword overlap=2)
CL-0376,L5_DGVA_v23_IMPLEMENTATION_STRICT_Autonomous_Remote_Transport_Recovery.md,DEPatternSignoffTraceability_PASS,INVARIANT_TOKEN,exact,V8,184,vPlan / Coverage / Signoff Traceability,2851,`DEPatternSignoffTraceability_PASS = true`,UNKNOWN,LOW,"weak fuzzy match only (Parent module 'de_pattern_scenario_seed_gap_model', overlap=1) -- insufficient confidence, needs individual semantic review"
CL-0377,L5_DGVA_v23_IMPLEMENTATION_STRICT_Autonomous_Remote_Transport_Recovery.md,DEPatternMigrationMethodExtraction_PASS,INVARIANT_TOKEN,exact,V8,185,Migration Method → KC,2866,`DEPatternMigrationMethodExtraction_PASS = true`,UNKNOWN,LOW,"weak fuzzy match only (Parent module 'de_command_migration_completion_gate', overlap=1) -- insufficient confidence, needs individual semantic review"
CL-0378,L5_DGVA_v23_IMPLEMENTATION_STRICT_Autonomous_Remote_Transport_Recovery.md,DEPatternMigrationKCSemanticDedup_PASS,INVARIANT_TOKEN,exact,V8,185,Migration Method → KC,2866,`DEPatternMigrationKCSemanticDedup_PASS = true`,CANONICAL_EQUIVALENT,MEDIUM,"Parent-only module 'l5dgva_kc_semantic_dedup' (keyword overlap=2), not yet migrated to canonical -- M5+ pool item"
CL-0379,L5_DGVA_v23_IMPLEMENTATION_STRICT_Autonomous_Remote_Transport_Recovery.md,DEPatternMigrationKCPersistence_PASS,INVARIANT_TOKEN,exact,V8,185,Migration Method → KC,2866,`DEPatternMigrationKCPersistence_PASS = true`,UNKNOWN,LOW,"weak fuzzy match only (Parent module 'de_command_migration_completion_gate', overlap=1) -- insufficient confidence, needs individual semantic review"
CL-0380,L5_DGVA_v23_IMPLEMENTATION_STRICT_Autonomous_Remote_Transport_Recovery.md,DEPatternMigrationKCRuntimeTrigger_PASS,INVARIANT_TOKEN,exact,V8,185,Migration Method → KC,2866,`DEPatternMigrationKCRuntimeTrigger_PASS = true`,CANONICAL_EQUIVALENT,HIGH,canonical module 'pattern_runtime_state_machine' (keyword overlap=2)
CL-0381,L5_DGVA_v23_IMPLEMENTATION_STRICT_Autonomous_Remote_Transport_Recovery.md,DEPatternContinuousDifferentialLoop_PASS,INVARIANT_TOKEN,exact,V8,186,Continuous Reference Differential Integration,2884,`DEPatternContinuousDifferentialLoop_PASS = true`,CANONICAL_EQUIVALENT,MEDIUM,"Parent-only module 'generic_continuous_reference_kc_loop' (keyword overlap=2), not yet migrated to canonical -- M5+ pool item"
CL-0382,L5_DGVA_v23_IMPLEMENTATION_STRICT_Autonomous_Remote_Transport_Recovery.md,Heuristic::186::486,MUST_NOT_STATEMENT,heuristic,V8,186,Continuous Reference Differential Integration,2884,Do not wait until all patterns finish to discover recurring structural,UNKNOWN,LOW,did not match any defined bucket; not individually reviewed
CL-0383,L5_DGVA_v23_IMPLEMENTATION_STRICT_Autonomous_Remote_Transport_Recovery.md,ZeroReminderDEPatternMigration_PASS,INVARIANT_TOKEN,exact,V8,187,Zero-Reminder Migration Governance,2897,`ZeroReminderDEPatternMigration_PASS = true`,CANONICAL_EQUIVALENT,MEDIUM,"Parent-only module 'e_domain_zero_reminder_governance_composite' (keyword overlap=2), not yet migrated to canonical -- M5+ pool item"
CL-0384,L5_DGVA_v23_IMPLEMENTATION_STRICT_Autonomous_Remote_Transport_Recovery.md,DEPatternMigrationGovernanceSelfRepair_PASS,INVARIANT_TOKEN,exact,V8,187,Zero-Reminder Migration Governance,2897,`DEPatternMigrationGovernanceSelfRepair_PASS = true`,UNKNOWN,LOW,"weak fuzzy match only (Parent module 'autonomy_governance_failure_classifier', overlap=1) -- insufficient confidence, needs individual semantic review"
CL-0385,L5_DGVA_v23_IMPLEMENTATION_STRICT_Autonomous_Remote_Transport_Recovery.md,DEPatternMigrationRegressionSuite_PASS,INVARIANT_TOKEN,exact,V8,188,Migration Regression Suite,2911,`DEPatternMigrationRegressionSuite_PASS = true`,UNKNOWN,LOW,"weak fuzzy match only (Parent module 'de_command_migration_completion_gate', overlap=1) -- insufficient confidence, needs individual semantic review"
CL-0386,L5_DGVA_v23_IMPLEMENTATION_STRICT_Autonomous_Remote_Transport_Recovery.md,EvidenceDrivenVPlanAndTestSuiteObjective_PASS,INVARIANT_TOKEN,exact,V9,,(preamble),2954,`EvidenceDrivenVPlanAndTestSuiteObjective_PASS = true`,CANONICAL_EQUIVALENT,HIGH,canonical module 'test_suite_lifecycle' (keyword overlap=2)
CL-0387,L5_DGVA_v23_IMPLEMENTATION_STRICT_Autonomous_Remote_Transport_Recovery.md,VerificationEvidenceFusionEngine_PASS,INVARIANT_TOKEN,exact,V9,190,Verification Evidence Fusion,2970,`VerificationEvidenceFusionEngine_PASS = true`,CANONICAL_EQUIVALENT,HIGH,canonical module 'org_verification_policy_engine' (keyword overlap=2)
CL-0388,L5_DGVA_v23_IMPLEMENTATION_STRICT_Autonomous_Remote_Transport_Recovery.md,VerificationEvidenceRoleClassification_PASS,INVARIANT_TOKEN,exact,V9,190,Verification Evidence Fusion,2970,`VerificationEvidenceRoleClassification_PASS = true`,UNKNOWN,LOW,"weak fuzzy match only (Parent module 'amba_performance_classification', overlap=1) -- insufficient confidence, needs individual semantic review"
CL-0389,L5_DGVA_v23_IMPLEMENTATION_STRICT_Autonomous_Remote_Transport_Recovery.md,ProtocolStandardKnowledgeDiscovery_PASS,INVARIANT_TOKEN,exact,V9,191,Protocol / VIP / DUT / PHY / Register Knowledge,2989,`ProtocolStandardKnowledgeDiscovery_PASS = true`,UNKNOWN,LOW,"weak fuzzy match only (Parent module 'amba_discovery_report', overlap=1) -- insufficient confidence, needs individual semantic review"
CL-0390,L5_DGVA_v23_IMPLEMENTATION_STRICT_Autonomous_Remote_Transport_Recovery.md,VIPKnowledgeFusion_PASS,INVARIANT_TOKEN,exact,V9,191,Protocol / VIP / DUT / PHY / Register Knowledge,2989,`VIPKnowledgeFusion_PASS = true`,UNKNOWN,LOW,"weak fuzzy match only (Parent module 'control_plane_vip_bridge_discovery', overlap=1) -- insufficient confidence, needs individual semantic review"
CL-0391,L5_DGVA_v23_IMPLEMENTATION_STRICT_Autonomous_Remote_Transport_Recovery.md,DUTPHYKnowledgeFusion_PASS,INVARIANT_TOKEN,exact,V9,191,Protocol / VIP / DUT / PHY / Register Knowledge,2989,`DUTPHYKnowledgeFusion_PASS = true`,UNKNOWN,LOW,"weak fuzzy match only (Parent module 'design_knowledge_correlation', overlap=1) -- insufficient confidence, needs individual semantic review"
CL-0392,L5_DGVA_v23_IMPLEMENTATION_STRICT_Autonomous_Remote_Transport_Recovery.md,RegisterProgrammingKnowledgeDiscovery_PASS,INVARIANT_TOKEN,exact,V9,191,Protocol / VIP / DUT / PHY / Register Knowledge,2989,`RegisterProgrammingKnowledgeDiscovery_PASS = true`,UNKNOWN,LOW,"weak fuzzy match only (Parent module 'amba_discovery_report', overlap=1) -- insufficient confidence, needs individual semantic review"
CL-0393,L5_DGVA_v23_IMPLEMENTATION_STRICT_Autonomous_Remote_Transport_Recovery.md,UserEvidenceInventoryComplete_PASS,INVARIANT_TOKEN,exact,V9,192,User Evidence Exhaustiveness and Requirement Extraction,3008,`UserEvidenceInventoryComplete_PASS = true`,UNKNOWN,LOW,"weak fuzzy match only (Parent module 'atb_reference_inventory', overlap=1) -- insufficient confidence, needs individual semantic review"
CL-0394,L5_DGVA_v23_IMPLEMENTATION_STRICT_Autonomous_Remote_Transport_Recovery.md,UnclassifiedApplicableUserEvidence_Count,INVARIANT_TOKEN,exact,V9,192,User Evidence Exhaustiveness and Requirement Extraction,3008,`UnclassifiedApplicableUserEvidence_Count = 0`,UNKNOWN,LOW,"weak fuzzy match only (Parent module 'command_deep_study_evidence_gate', overlap=1) -- insufficient confidence, needs individual semantic review"
CL-0395,L5_DGVA_v23_IMPLEMENTATION_STRICT_Autonomous_Remote_Transport_Recovery.md,VerificationRequirementExtraction_PASS,INVARIANT_TOKEN,exact,V9,192,User Evidence Exhaustiveness and Requirement Extraction,3008,`VerificationRequirementExtraction_PASS = true`,CANONICAL_EQUIVALENT,HIGH,canonical module 'timing_requirement_extraction' (keyword overlap=2)
CL-0396,L5_DGVA_v23_IMPLEMENTATION_STRICT_Autonomous_Remote_Transport_Recovery.md,VerificationRequirementConflictReconciliation_PASS,INVARIANT_TOKEN,exact,V9,192,User Evidence Exhaustiveness and Requirement Extraction,3008,`VerificationRequirementConflictReconciliation_PASS = true`,UNKNOWN,LOW,"weak fuzzy match only (Parent module 'amba_performance_requirement_checker', overlap=1) -- insufficient confidence, needs individual semantic review"
CL-0397,L5_DGVA_v23_IMPLEMENTATION_STRICT_Autonomous_Remote_Transport_Recovery.md,VerificationCapabilityModel_PASS,INVARIANT_TOKEN,exact,V9,193,Capability Model and DE Scenario Seeds,3027,`VerificationCapabilityModel_PASS = true`,CANONICAL_EQUIVALENT,MEDIUM,"Parent-only module 'verification_capability_model' (keyword overlap=3), not yet migrated to canonical -- M5+ pool item"
CL-0398,L5_DGVA_v23_IMPLEMENTATION_STRICT_Autonomous_Remote_Transport_Recovery.md,DEPatternScenarioSeedModel_PASS,INVARIANT_TOKEN,exact,V9,193,Capability Model and DE Scenario Seeds,3027,`DEPatternScenarioSeedModel_PASS = true`,CANONICAL_EQUIVALENT,HIGH,canonical module 'scenario_pattern_command_txt_correspondence' (keyword overlap=2)
CL-0399,L5_DGVA_v23_IMPLEMENTATION_STRICT_Autonomous_Remote_Transport_Recovery.md,DEPatternRequirementGapDiscovery_PASS,INVARIANT_TOKEN,exact,V9,193,Capability Model and DE Scenario Seeds,3027,`DEPatternRequirementGapDiscovery_PASS = true`,CANONICAL_EQUIVALENT,MEDIUM,"Parent-only module 'de_pattern_scenario_seed_gap_model' (keyword overlap=2), not yet migrated to canonical -- M5+ pool item"
CL-0400,L5_DGVA_v23_IMPLEMENTATION_STRICT_Autonomous_Remote_Transport_Recovery.md,Artifact::VerificationCapabilityModel,ARTIFACT_REQUIREMENT,exact,V9,193,Capability Model and DE Scenario Seeds,3027,Create `VerificationCapabilityModel`,CANONICAL_EQUIVALENT,MEDIUM,l5dgva_ss193_capability_model_composite.py
CL-0401,L5_DGVA_v23_IMPLEMENTATION_STRICT_Autonomous_Remote_Transport_Recovery.md,EvidenceDrivenVPlanSynthesis_PASS,INVARIANT_TOKEN,exact,V9,194,Evidence-Driven vPlan,3045,`EvidenceDrivenVPlanSynthesis_PASS = true`,UNKNOWN,LOW,"weak fuzzy match only (Parent module 'command_deep_study_evidence_gate', overlap=1) -- insufficient confidence, needs individual semantic review"
CL-0402,L5_DGVA_v23_IMPLEMENTATION_STRICT_Autonomous_Remote_Transport_Recovery.md,VPlanItemSchema_PASS,INVARIANT_TOKEN,exact,V9,194,Evidence-Driven vPlan,3045,`VPlanItemSchema_PASS = true`,UNKNOWN,LOW,"weak fuzzy match only (Parent module 'intake_schema', overlap=1) -- insufficient confidence, needs individual semantic review"
CL-0403,L5_DGVA_v23_IMPLEMENTATION_STRICT_Autonomous_Remote_Transport_Recovery.md,EveryRequiredVPlanItemHasSourceEvidence_PASS,INVARIANT_TOKEN,exact,V9,194,Evidence-Driven vPlan,3045,`EveryRequiredVPlanItemHasSourceEvidence_PASS = true`,UNKNOWN,LOW,"weak fuzzy match only (Parent module 'command_deep_study_evidence_gate', overlap=1) -- insufficient confidence, needs individual semantic review"
CL-0404,L5_DGVA_v23_IMPLEMENTATION_STRICT_Autonomous_Remote_Transport_Recovery.md,SourceFreeRequiredVPlanItem_Count,INVARIANT_TOKEN,exact,V9,194,Evidence-Driven vPlan,3045,`SourceFreeRequiredVPlanItem_Count = 0`,UNKNOWN,LOW,"weak fuzzy match only (Parent module 'design_source_inventory', overlap=1) -- insufficient confidence, needs individual semantic review"
CL-0405,L5_DGVA_v23_IMPLEMENTATION_STRICT_Autonomous_Remote_Transport_Recovery.md,VPlanScenarioSufficiencyAnalysis_PASS,INVARIANT_TOKEN,exact,V9,195,Scenario Sufficiency and Planner,3068,`VPlanScenarioSufficiencyAnalysis_PASS = true`,CANONICAL_EQUIVALENT,MEDIUM,"Parent-only module 'scenario_sufficiency' (keyword overlap=2), not yet migrated to canonical -- M5+ pool item"
CL-0406,L5_DGVA_v23_IMPLEMENTATION_STRICT_Autonomous_Remote_Transport_Recovery.md,VerificationScenarioPlan_PASS,INVARIANT_TOKEN,exact,V9,195,Scenario Sufficiency and Planner,3068,`VerificationScenarioPlan_PASS = true`,UNKNOWN,LOW,"weak fuzzy match only (Parent module 'de_pattern_scenario_seed_gap_model', overlap=1) -- insufficient confidence, needs individual semantic review"
CL-0407,L5_DGVA_v23_IMPLEMENTATION_STRICT_Autonomous_Remote_Transport_Recovery.md,Artifact::VerificationScenarioPlan,ARTIFACT_REQUIREMENT,exact,V9,195,Scenario Sufficiency and Planner,3068,Create `VerificationScenarioPlan`,CANONICAL_EQUIVALENT,MEDIUM,scenario_sufficiency.py
CL-0408,L5_DGVA_v23_IMPLEMENTATION_STRICT_Autonomous_Remote_Transport_Recovery.md,DEPatternFirstScenarioReuse_PASS,INVARIANT_TOKEN,exact,V9,196,Reuse DE Patterns and VIP Examples First,3086,`DEPatternFirstScenarioReuse_PASS = true`,CANONICAL_EQUIVALENT,HIGH,canonical module 'scenario_pattern_command_txt_correspondence' (keyword overlap=2)
CL-0409,L5_DGVA_v23_IMPLEMENTATION_STRICT_Autonomous_Remote_Transport_Recovery.md,VIPExampleSequenceReuse_PASS,INVARIANT_TOKEN,exact,V9,196,Reuse DE Patterns and VIP Examples First,3086,`VIPExampleSequenceReuse_PASS = true`,UNKNOWN,LOW,"weak fuzzy match only (Parent module 'control_plane_vip_bridge_discovery', overlap=1) -- insufficient confidence, needs individual semantic review"
CL-0410,L5_DGVA_v23_IMPLEMENTATION_STRICT_Autonomous_Remote_Transport_Recovery.md,EvidenceDrivenTestSuiteSynthesis_PASS,INVARIANT_TOKEN,exact,V9,197,Test Suite Synthesis and Traceability,3100,`EvidenceDrivenTestSuiteSynthesis_PASS = true`,CANONICAL_EQUIVALENT,HIGH,canonical module 'test_suite_lifecycle' (keyword overlap=2)
CL-0411,L5_DGVA_v23_IMPLEMENTATION_STRICT_Autonomous_Remote_Transport_Recovery.md,EveryTestTraceable_PASS,INVARIANT_TOKEN,exact,V9,197,Test Suite Synthesis and Traceability,3100,`EveryTestTraceable_PASS = true`,UNKNOWN,LOW,"weak fuzzy match only (Parent module 'ss202_vplan_test_suite_reference_differential_precondition', overlap=1) -- insufficient confidence, needs individual semantic review"
CL-0412,L5_DGVA_v23_IMPLEMENTATION_STRICT_Autonomous_Remote_Transport_Recovery.md,EveryRequiredVPlanItemHasScenarioSet_PASS,INVARIANT_TOKEN,exact,V9,197,Test Suite Synthesis and Traceability,3100,`EveryRequiredVPlanItemHasScenarioSet_PASS = true`,UNKNOWN,LOW,"weak fuzzy match only (Parent module 'de_pattern_scenario_seed_gap_model', overlap=1) -- insufficient confidence, needs individual semantic review"
CL-0413,L5_DGVA_v23_IMPLEMENTATION_STRICT_Autonomous_Remote_Transport_Recovery.md,EveryRequiredVPlanItemHasExecutableTest_PASS,INVARIANT_TOKEN,exact,V9,197,Test Suite Synthesis and Traceability,3100,`EveryRequiredVPlanItemHasExecutableTest_PASS = true`,UNKNOWN,LOW,"weak fuzzy match only (Parent module 'l5dgva_executable_directive_detection', overlap=1) -- insufficient confidence, needs individual semantic review"
CL-0414,L5_DGVA_v23_IMPLEMENTATION_STRICT_Autonomous_Remote_Transport_Recovery.md,MissingRequiredScenario_Count,INVARIANT_TOKEN,exact,V9,197,Test Suite Synthesis and Traceability,3100,`MissingRequiredScenario_Count = 0`,UNKNOWN,LOW,"weak fuzzy match only (Parent module 'de_pattern_scenario_seed_gap_model', overlap=1) -- insufficient confidence, needs individual semantic review"
CL-0415,L5_DGVA_v23_IMPLEMENTATION_STRICT_Autonomous_Remote_Transport_Recovery.md,MissingRequiredTest_Count,INVARIANT_TOKEN,exact,V9,197,Test Suite Synthesis and Traceability,3100,`MissingRequiredTest_Count = 0`,UNKNOWN,LOW,"weak fuzzy match only (Parent module 'ss202_vplan_test_suite_reference_differential_precondition', overlap=1) -- insufficient confidence, needs individual semantic review"
CL-0416,L5_DGVA_v23_IMPLEMENTATION_STRICT_Autonomous_Remote_Transport_Recovery.md,EveryRequiredVPlanItemHasExpectedBehavior_PASS,INVARIANT_TOKEN,exact,V9,198,Expected Behavior and Checking,3116,`EveryRequiredVPlanItemHasExpectedBehavior_PASS = true`,UNKNOWN,LOW,"weak fuzzy match only (Parent module 'debug_kc_prohibited_behavior_registry', overlap=1) -- insufficient confidence, needs individual semantic review"
CL-0417,L5_DGVA_v23_IMPLEMENTATION_STRICT_Autonomous_Remote_Transport_Recovery.md,EveryRequiredVPlanItemHasChecker_PASS,INVARIANT_TOKEN,exact,V9,198,Expected Behavior and Checking,3116,`EveryRequiredVPlanItemHasChecker_PASS = true`,UNKNOWN,LOW,"weak fuzzy match only (Parent module 'address_map_integrity_checker', overlap=1) -- insufficient confidence, needs individual semantic review"
CL-0418,L5_DGVA_v23_IMPLEMENTATION_STRICT_Autonomous_Remote_Transport_Recovery.md,MissingRequiredChecker_Count,INVARIANT_TOKEN,exact,V9,198,Expected Behavior and Checking,3116,`MissingRequiredChecker_Count = 0`,UNKNOWN,LOW,"weak fuzzy match only (Parent module 'address_map_integrity_checker', overlap=1) -- insufficient confidence, needs individual semantic review"
CL-0419,L5_DGVA_v23_IMPLEMENTATION_STRICT_Autonomous_Remote_Transport_Recovery.md,EveryRequiredVPlanItemHasCoverageGoal_PASS,INVARIANT_TOKEN,exact,V9,199,Functional Coverage Mapping,3129,`EveryRequiredVPlanItemHasCoverageGoal_PASS = true`,UNKNOWN,LOW,"weak fuzzy match only (Parent module 'amba_functional_coverage_ir', overlap=1) -- insufficient confidence, needs individual semantic review"
CL-0420,L5_DGVA_v23_IMPLEMENTATION_STRICT_Autonomous_Remote_Transport_Recovery.md,MissingRequiredCoverageGoal_Count,INVARIANT_TOKEN,exact,V9,199,Functional Coverage Mapping,3129,`MissingRequiredCoverageGoal_Count = 0`,UNKNOWN,LOW,"weak fuzzy match only (Parent module 'amba_functional_coverage_ir', overlap=1) -- insufficient confidence, needs individual semantic review"
CL-0421,L5_DGVA_v23_IMPLEMENTATION_STRICT_Autonomous_Remote_Transport_Recovery.md,FunctionalVsCodeCoverageSeparation_PASS,INVARIANT_TOKEN,exact,V9,199,Functional Coverage Mapping,3129,`FunctionalVsCodeCoverageSeparation_PASS = true`,CANONICAL_EQUIVALENT,HIGH,canonical module 'amba_functional_coverage_ir' (keyword overlap=2)
CL-0422,L5_DGVA_v23_IMPLEMENTATION_STRICT_Autonomous_Remote_Transport_Recovery.md,FunctionalCoverageGoalSchema_PASS,INVARIANT_TOKEN,exact,V9,199,Functional Coverage Mapping,3129,`FunctionalCoverageGoalSchema_PASS = true`,CANONICAL_EQUIVALENT,HIGH,canonical module 'amba_functional_coverage_ir' (keyword overlap=2)
CL-0423,L5_DGVA_v23_IMPLEMENTATION_STRICT_Autonomous_Remote_Transport_Recovery.md,RequiredCrossCoverageModel_PASS,INVARIANT_TOKEN,exact,V9,200,Cross / Error / Recovery / Performance,3147,`RequiredCrossCoverageModel_PASS = true`,CANONICAL_EQUIVALENT,HIGH,canonical module 'cross_subsystem_coverage_ir' (keyword overlap=2)
CL-0424,L5_DGVA_v23_IMPLEMENTATION_STRICT_Autonomous_Remote_Transport_Recovery.md,ErrorRecoveryVPlanCoverage_PASS,INVARIANT_TOKEN,exact,V9,200,Cross / Error / Recovery / Performance,3147,`ErrorRecoveryVPlanCoverage_PASS = true`,CANONICAL_EQUIVALENT,HIGH,canonical module 'error_recovery_flow_extraction' (keyword overlap=2)
CL-0425,L5_DGVA_v23_IMPLEMENTATION_STRICT_Autonomous_Remote_Transport_Recovery.md,PerformanceVPlanIntegration_PASS,INVARIANT_TOKEN,exact,V9,200,Cross / Error / Recovery / Performance,3147,`PerformanceVPlanIntegration_PASS = true`,CANONICAL_EQUIVALENT,MEDIUM,"Parent-only module 'target_uvm_dut_top_integration_plan' (keyword overlap=2), not yet migrated to canonical -- M5+ pool item"
CL-0426,L5_DGVA_v23_IMPLEMENTATION_STRICT_Autonomous_Remote_Transport_Recovery.md,Heuristic::200::547,MUST_NOT_STATEMENT,heuristic,V9,200,Cross / Error / Recovery / Performance,3147,individual bins do not prove cross closure.,UNKNOWN,LOW,did not match any defined bucket; not individually reviewed
CL-0427,L5_DGVA_v23_IMPLEMENTATION_STRICT_Autonomous_Remote_Transport_Recovery.md,IPVPlanSynthesis_PASS,INVARIANT_TOKEN,exact,V9,201,Scope-Aware vPlan,3162,`IPVPlanSynthesis_PASS = true`,UNKNOWN,LOW,"weak fuzzy match only (Parent module 'l5dgva_v5_ss86_understanding_plan_contradiction_taxonomy', overlap=1) -- insufficient confidence, needs individual semantic review"
CL-0428,L5_DGVA_v23_IMPLEMENTATION_STRICT_Autonomous_Remote_Transport_Recovery.md,SubsystemVPlanSynthesis_PASS,INVARIANT_TOKEN,exact,V9,201,Scope-Aware vPlan,3162,`SubsystemVPlanSynthesis_PASS = true`,UNKNOWN,LOW,"weak fuzzy match only (Parent module 'l5dgva_v5_ss86_understanding_plan_contradiction_taxonomy', overlap=1) -- insufficient confidence, needs individual semantic review"
CL-0429,L5_DGVA_v23_IMPLEMENTATION_STRICT_Autonomous_Remote_Transport_Recovery.md,SystemLevelVPlanSynthesis_PASS,INVARIANT_TOKEN,exact,V9,201,Scope-Aware vPlan,3162,`SystemLevelVPlanSynthesis_PASS = true`,CANONICAL_EQUIVALENT,HIGH,canonical module 'system_command_plan' (keyword overlap=2)
CL-0430,L5_DGVA_v23_IMPLEMENTATION_STRICT_Autonomous_Remote_Transport_Recovery.md,HierarchicalVPlanOwnership_PASS,INVARIANT_TOKEN,exact,V9,201,Scope-Aware vPlan,3162,`HierarchicalVPlanOwnership_PASS = true`,UNKNOWN,LOW,"weak fuzzy match only (Parent module 'branch_ownership_resolver', overlap=1) -- insufficient confidence, needs individual semantic review"
CL-0431,L5_DGVA_v23_IMPLEMENTATION_STRICT_Autonomous_Remote_Transport_Recovery.md,VPlanReferenceDifferential_PASS,INVARIANT_TOKEN,exact,V9,202,Reference Differential for vPlan/Test Suite,3183,`VPlanReferenceDifferential_PASS = true`,CANONICAL_EQUIVALENT,MEDIUM,"Parent-only module 'irq_reference_differential' (keyword overlap=2), not yet migrated to canonical -- M5+ pool item"
CL-0432,L5_DGVA_v23_IMPLEMENTATION_STRICT_Autonomous_Remote_Transport_Recovery.md,TestSuiteReferenceDifferential_PASS,INVARIANT_TOKEN,exact,V9,202,Reference Differential for vPlan/Test Suite,3183,`TestSuiteReferenceDifferential_PASS = true`,CANONICAL_EQUIVALENT,HIGH,canonical module 'test_suite_lifecycle' (keyword overlap=2)
CL-0433,L5_DGVA_v23_IMPLEMENTATION_STRICT_Autonomous_Remote_Transport_Recovery.md,EvidenceGroundedRegressionExecution_PASS,INVARIANT_TOKEN,exact,V9,203,Regression and Coverage Evidence,3193,`EvidenceGroundedRegressionExecution_PASS = true`,CANONICAL_EQUIVALENT,HIGH,canonical module 'pattern_execution_evidence' (keyword overlap=2)
CL-0434,L5_DGVA_v23_IMPLEMENTATION_STRICT_Autonomous_Remote_Transport_Recovery.md,FunctionalCoverageMerge_PASS,INVARIANT_TOKEN,exact,V9,203,Regression and Coverage Evidence,3193,`FunctionalCoverageMerge_PASS = true`,CANONICAL_EQUIVALENT,HIGH,canonical module 'amba_functional_coverage_ir' (keyword overlap=2)
CL-0435,L5_DGVA_v23_IMPLEMENTATION_STRICT_Autonomous_Remote_Transport_Recovery.md,CoverageHoleAnalysis_PASS,INVARIANT_TOKEN,exact,V9,204,Coverage Hole Analysis and Next Action,3206,`CoverageHoleAnalysis_PASS = true`,CANONICAL_EQUIVALENT,HIGH,canonical module 'coverage_analysis' (keyword overlap=2)
CL-0436,L5_DGVA_v23_IMPLEMENTATION_STRICT_Autonomous_Remote_Transport_Recovery.md,CoverageHoleNextBestAction_PASS,INVARIANT_TOKEN,exact,V9,204,Coverage Hole Analysis and Next Action,3206,`CoverageHoleNextBestAction_PASS = true`,CANONICAL_EQUIVALENT,HIGH,canonical module 'coverage_closure_action_utility' (keyword overlap=2)
CL-0437,L5_DGVA_v23_IMPLEMENTATION_STRICT_Autonomous_Remote_Transport_Recovery.md,CoverageHoleAutoTestGeneration_PASS,INVARIANT_TOKEN,exact,V9,205,Autonomous Hole-Driven Test Generation,3222,`CoverageHoleAutoTestGeneration_PASS = true`,CANONICAL_EQUIVALENT,HIGH,canonical module 'coverage_hole_generation_candidate_queue' (keyword overlap=3)
CL-0438,L5_DGVA_v23_IMPLEMENTATION_STRICT_Autonomous_Remote_Transport_Recovery.md,NoCoverageGoalpostMoving_PASS,INVARIANT_TOKEN,exact,V9,206,No Coverage Goalpost Moving,3231,`NoCoverageGoalpostMoving_PASS = true`,CANONICAL_EQUIVALENT,MEDIUM,"Parent-only module 'coverage_goalpost_change_detector' (keyword overlap=2), not yet migrated to canonical -- M5+ pool item"
CL-0439,L5_DGVA_v23_IMPLEMENTATION_STRICT_Autonomous_Remote_Transport_Recovery.md,CoverageGoalWeakening_Count,INVARIANT_TOKEN,exact,V9,206,No Coverage Goalpost Moving,3231,`CoverageGoalWeakening_Count = 0`,UNKNOWN,LOW,"weak fuzzy match only (Parent module 'amba_functional_coverage_ir', overlap=1) -- insufficient confidence, needs individual semantic review"
CL-0440,L5_DGVA_v23_IMPLEMENTATION_STRICT_Autonomous_Remote_Transport_Recovery.md,CoverageUnreachableEvidence_PASS,INVARIANT_TOKEN,exact,V9,206,No Coverage Goalpost Moving,3231,`CoverageUnreachableEvidence_PASS = true`,CANONICAL_EQUIVALENT,MEDIUM,"Parent-only module 'irq_coverage_evidence_gate' (keyword overlap=2), not yet migrated to canonical -- M5+ pool item"
CL-0441,L5_DGVA_v23_IMPLEMENTATION_STRICT_Autonomous_Remote_Transport_Recovery.md,CoverageWaiverGovernance_PASS,INVARIANT_TOKEN,exact,V9,206,No Coverage Goalpost Moving,3231,`CoverageWaiverGovernance_PASS = true`,UNKNOWN,LOW,"weak fuzzy match only (Parent module 'amba_functional_coverage_ir', overlap=1) -- insufficient confidence, needs individual semantic review"
CL-0442,L5_DGVA_v23_IMPLEMENTATION_STRICT_Autonomous_Remote_Transport_Recovery.md,Heuristic::206::564,MUST_NOT_STATEMENT,heuristic,V9,206,No Coverage Goalpost Moving,3231,"Do not reach 100% by deleting required bins, removing crosses, weakening",UNKNOWN,LOW,did not match any defined bucket; not individually reviewed
CL-0443,L5_DGVA_v23_IMPLEMENTATION_STRICT_Autonomous_Remote_Transport_Recovery.md,AutonomousFunctionalCoverageClosureLoop_PASS,INVARIANT_TOKEN,exact,V9,207,Autonomous Functional Coverage Closure,3243,`AutonomousFunctionalCoverageClosureLoop_PASS = true`,CANONICAL_EQUIVALENT,HIGH,canonical module 'amba_functional_coverage_ir' (keyword overlap=2)
CL-0444,L5_DGVA_v23_IMPLEMENTATION_STRICT_Autonomous_Remote_Transport_Recovery.md,RequiredVPlanFunctionalClosureDefinition_PASS,INVARIANT_TOKEN,exact,V9,208,100% Required vPlan Functional Closure,3254,`RequiredVPlanFunctionalClosureDefinition_PASS = true`,UNKNOWN,LOW,"weak fuzzy match only (Parent module 'amba_functional_coverage_ir', overlap=1) -- insufficient confidence, needs individual semantic review"
CL-0445,L5_DGVA_v23_IMPLEMENTATION_STRICT_Autonomous_Remote_Transport_Recovery.md,RequiredVPlanFunctionalClosure100_PASS,INVARIANT_TOKEN,exact,V9,208,100% Required vPlan Functional Closure,3254,`RequiredVPlanFunctionalClosure100_PASS = true`,UNKNOWN,LOW,"weak fuzzy match only (Parent module 'amba_functional_coverage_ir', overlap=1) -- insufficient confidence, needs individual semantic review"
CL-0446,L5_DGVA_v23_IMPLEMENTATION_STRICT_Autonomous_Remote_Transport_Recovery.md,EndToEndVerificationTraceability_PASS,INVARIANT_TOKEN,exact,V9,209,End-to-End Traceability and Completeness Artifacts,3271,`EndToEndVerificationTraceability_PASS = true`,UNKNOWN,LOW,"weak fuzzy match only (Parent module 'l5dgva_ss583_contract_to_runtime_traceability', overlap=1) -- insufficient confidence, needs individual semantic review"
CL-0447,L5_DGVA_v23_IMPLEMENTATION_STRICT_Autonomous_Remote_Transport_Recovery.md,VerificationRequirementsTraceabilityMatrix_PASS,INVARIANT_TOKEN,exact,V9,209,End-to-End Traceability and Completeness Artifacts,3271,`VerificationRequirementsTraceabilityMatrix_PASS = true`,CANONICAL_EQUIVALENT,MEDIUM,"Parent-only module 'v14_meta_self_healing_and_traceability_leg_matrix' (keyword overlap=2), not yet migrated to canonical -- M5+ pool item"
CL-0448,L5_DGVA_v23_IMPLEMENTATION_STRICT_Autonomous_Remote_Transport_Recovery.md,VPlanCompletenessArtifact_PASS,INVARIANT_TOKEN,exact,V9,209,End-to-End Traceability and Completeness Artifacts,3271,`VPlanCompletenessArtifact_PASS = true`,CANONICAL_EQUIVALENT,HIGH,canonical module 'artifact_completeness' (keyword overlap=2)
CL-0449,L5_DGVA_v23_IMPLEMENTATION_STRICT_Autonomous_Remote_Transport_Recovery.md,TestSuiteCompletenessArtifact_PASS,INVARIANT_TOKEN,exact,V9,209,End-to-End Traceability and Completeness Artifacts,3271,`TestSuiteCompletenessArtifact_PASS = true`,CANONICAL_EQUIVALENT,HIGH,canonical module 'artifact_completeness' (keyword overlap=2)
CL-0450,L5_DGVA_v23_IMPLEMENTATION_STRICT_Autonomous_Remote_Transport_Recovery.md,VerificationEvidenceConflictArtifact_PASS,INVARIANT_TOKEN,exact,V9,209,End-to-End Traceability and Completeness Artifacts,3271,`VerificationEvidenceConflictArtifact_PASS = true`,CANONICAL_EQUIVALENT,MEDIUM,"Parent-only module 'irq_evidence_contradiction_artifact' (keyword overlap=2), not yet migrated to canonical -- M5+ pool item"
CL-0451,L5_DGVA_v23_IMPLEMENTATION_STRICT_Autonomous_Remote_Transport_Recovery.md,VPlanTestSuiteChangeImpact_PASS,INVARIANT_TOKEN,exact,V9,210,Change Impact,3288,`VPlanTestSuiteChangeImpact_PASS = true`,CANONICAL_EQUIVALENT,HIGH,canonical module 'change_impact' (keyword overlap=2)
CL-0452,L5_DGVA_v23_IMPLEMENTATION_STRICT_Autonomous_Remote_Transport_Recovery.md,VPlanTestCoverageKCExtraction_PASS,INVARIANT_TOKEN,exact,V9,211,KC from vPlan/Test/Coverage Closure,3298,`VPlanTestCoverageKCExtraction_PASS = true`,UNKNOWN,LOW,"weak fuzzy match only (Parent module 'amba_functional_coverage_ir', overlap=1) -- insufficient confidence, needs individual semantic review"
CL-0453,L5_DGVA_v23_IMPLEMENTATION_STRICT_Autonomous_Remote_Transport_Recovery.md,VPlanTestCoverageKCRuntimeTrigger_PASS,INVARIANT_TOKEN,exact,V9,211,KC from vPlan/Test/Coverage Closure,3298,`VPlanTestCoverageKCRuntimeTrigger_PASS = true`,CANONICAL_EQUIVALENT,MEDIUM,"Parent-only module 'l5dgva_runtime_coverage_dimensions' (keyword overlap=2), not yet migrated to canonical -- M5+ pool item"
CL-0454,L5_DGVA_v23_IMPLEMENTATION_STRICT_Autonomous_Remote_Transport_Recovery.md,ZeroReminderVPlanTestCoverage_PASS,INVARIANT_TOKEN,exact,V9,212,Zero-Reminder Final-Objective Governance,3310,`ZeroReminderVPlanTestCoverage_PASS = true`,CANONICAL_EQUIVALENT,MEDIUM,"Parent-only module 'e_domain_zero_reminder_governance_composite' (keyword overlap=2), not yet migrated to canonical -- M5+ pool item"
CL-0455,L5_DGVA_v23_IMPLEMENTATION_STRICT_Autonomous_Remote_Transport_Recovery.md,VPlanTestCoverageGovernanceSelfRepair_PASS,INVARIANT_TOKEN,exact,V9,212,Zero-Reminder Final-Objective Governance,3310,`VPlanTestCoverageGovernanceSelfRepair_PASS = true`,UNKNOWN,LOW,"weak fuzzy match only (Parent module 'amba_functional_coverage_ir', overlap=1) -- insufficient confidence, needs individual semantic review"
CL-0456,L5_DGVA_v23_IMPLEMENTATION_STRICT_Autonomous_Remote_Transport_Recovery.md,VerificationCompletionFalsePassGuard_PASS,INVARIANT_TOKEN,exact,V9,213,Completion False-Pass Guards,3326,`VerificationCompletionFalsePassGuard_PASS = true`,UNKNOWN,LOW,"weak fuzzy match only (Parent module 'de_command_migration_completion_gate', overlap=1) -- insufficient confidence, needs individual semantic review"
CL-0457,L5_DGVA_v23_IMPLEMENTATION_STRICT_Autonomous_Remote_Transport_Recovery.md,L5DGVAFinalVerificationCompletionGate_PASS,INVARIANT_TOKEN,exact,V9,214,Final L5-DGVA Completion Gate,3335,`L5DGVAFinalVerificationCompletionGate_PASS = true`,CANONICAL_EQUIVALENT,MEDIUM,"Parent-only module 'de_command_migration_completion_gate' (keyword overlap=2), not yet migrated to canonical -- M5+ pool item"
CL-0458,L5_DGVA_v23_IMPLEMENTATION_STRICT_Autonomous_Remote_Transport_Recovery.md,AutonomousExecutableOrchestrator_PASS,INVARIANT_TOKEN,exact,V10,,(preamble),3383,`AutonomousExecutableOrchestrator_PASS = true`,UNKNOWN,LOW,"weak fuzzy match only (Parent module 'autonomous_resume_next_action_arbitration', overlap=1) -- insufficient confidence, needs individual semantic review"
CL-0459,L5_DGVA_v23_IMPLEMENTATION_STRICT_Autonomous_Remote_Transport_Recovery.md,GoverningContractRuntimeBinding_PASS,INVARIANT_TOKEN,exact,V10,216,Runtime State Machine,3401,`GoverningContractRuntimeBinding_PASS = true`,CANONICAL_EQUIVALENT,MEDIUM,"Parent-only module 'l5dgva_ss583_contract_to_runtime_traceability' (keyword overlap=2), not yet migrated to canonical -- M5+ pool item"
CL-0460,L5_DGVA_v23_IMPLEMENTATION_STRICT_Autonomous_Remote_Transport_Recovery.md,AutonomousVerificationStateMachine_PASS,INVARIANT_TOKEN,exact,V10,216,Runtime State Machine,3401,`AutonomousVerificationStateMachine_PASS = true`,CANONICAL_EQUIVALENT,HIGH,canonical module 'pattern_runtime_state_machine' (keyword overlap=2)
CL-0461,L5_DGVA_v23_IMPLEMENTATION_STRICT_Autonomous_Remote_Transport_Recovery.md,VerificationStateContract_PASS,INVARIANT_TOKEN,exact,V10,216,Runtime State Machine,3401,`VerificationStateContract_PASS = true`,CANONICAL_EQUIVALENT,HIGH,canonical module 'system_verification_contract' (keyword overlap=2)
CL-0462,L5_DGVA_v23_IMPLEMENTATION_STRICT_Autonomous_Remote_Transport_Recovery.md,PersistentExecutionState_PASS,INVARIANT_TOKEN,exact,V10,217,Persistent Current State,3422,`PersistentExecutionState_PASS = true`,UNKNOWN,LOW,"weak fuzzy match only (Parent module 'engine_maturity_state', overlap=1) -- insufficient confidence, needs individual semantic review"
CL-0463,L5_DGVA_v23_IMPLEMENTATION_STRICT_Autonomous_Remote_Transport_Recovery.md,Heuristic::217::601,MUST_NOT_STATEMENT,heuristic,V10,217,Persistent Current State,3422,Do not rely on conversational context,UNKNOWN,LOW,did not match any defined bucket; not individually reviewed
CL-0464,L5_DGVA_v23_IMPLEMENTATION_STRICT_Autonomous_Remote_Transport_Recovery.md,AutomaticPhaseRecall_PASS,INVARIANT_TOKEN,exact,V10,218,Automatic Phase Entry Recall and Understanding,3431,`AutomaticPhaseRecall_PASS = true`,UNKNOWN,LOW,"weak fuzzy match only (Parent module 'kc_harvest_phase_closure_coverage', overlap=1) -- insufficient confidence, needs individual semantic review"
CL-0465,L5_DGVA_v23_IMPLEMENTATION_STRICT_Autonomous_Remote_Transport_Recovery.md,RuntimePhaseUnderstandingGate_PASS,INVARIANT_TOKEN,exact,V10,218,Automatic Phase Entry Recall and Understanding,3431,`RuntimePhaseUnderstandingGate_PASS = true`,CANONICAL_EQUIVALENT,HIGH,canonical module 'de_command_runtime_readiness_gate' (keyword overlap=2)
CL-0466,L5_DGVA_v23_IMPLEMENTATION_STRICT_Autonomous_Remote_Transport_Recovery.md,NextBestActionSelection_PASS,INVARIANT_TOKEN,exact,V10,219,Next-Best Action Auto-Execution,3445,`NextBestActionSelection_PASS = true`,CANONICAL_EQUIVALENT,MEDIUM,"Parent-only module 'autonomous_resume_next_action_arbitration' (keyword overlap=2), not yet migrated to canonical -- M5+ pool item"
CL-0467,L5_DGVA_v23_IMPLEMENTATION_STRICT_Autonomous_Remote_Transport_Recovery.md,NextBestActionAutoExecution_PASS,INVARIANT_TOKEN,exact,V10,219,Next-Best Action Auto-Execution,3445,`NextBestActionAutoExecution_PASS = true`,CANONICAL_EQUIVALENT,MEDIUM,"Parent-only module 'autonomous_resume_next_action_arbitration' (keyword overlap=2), not yet migrated to canonical -- M5+ pool item"
CL-0468,L5_DGVA_v23_IMPLEMENTATION_STRICT_Autonomous_Remote_Transport_Recovery.md,Heuristic::219::606,MUST_NOT_STATEMENT,heuristic,V10,219,Next-Best Action Auto-Execution,3445,Do not ask whether to perform an action already required by the,CANONICAL_EQUIVALENT,MEDIUM,Canonical's Autonomous Wave Execution discipline (project memory) + Trust Progression + 'actionable findings must close before Final Deep Audit' already codify this.
CL-0469,L5_DGVA_v23_IMPLEMENTATION_STRICT_Autonomous_Remote_Transport_Recovery.md,RoutineProgressStop_Count,INVARIANT_TOKEN,exact,V10,220,No Routine Stops or Questions,3458,`RoutineProgressStop_Count = 0`,UNKNOWN,LOW,"weak fuzzy match only (Parent module 'fabric_progress_ir', overlap=1) -- insufficient confidence, needs individual semantic review"
CL-0470,L5_DGVA_v23_IMPLEMENTATION_STRICT_Autonomous_Remote_Transport_Recovery.md,RoutineConfirmationQuestion_Count,INVARIANT_TOKEN,exact,V10,220,No Routine Stops or Questions,3458,`RoutineConfirmationQuestion_Count = 0`,UNKNOWN,LOW,"weak fuzzy match only (Parent module 'intake_question_priority', overlap=1) -- insufficient confidence, needs individual semantic review"
CL-0471,L5_DGVA_v23_IMPLEMENTATION_STRICT_Autonomous_Remote_Transport_Recovery.md,UserContinueRequired_Count,INVARIANT_TOKEN,exact,V10,220,No Routine Stops or Questions,3458,`UserContinueRequired_Count = 0`,UNKNOWN,LOW,"weak fuzzy match only (Parent module 'multi_user_coordination', overlap=1) -- insufficient confidence, needs individual semantic review"
CL-0472,L5_DGVA_v23_IMPLEMENTATION_STRICT_Autonomous_Remote_Transport_Recovery.md,Heuristic::220::610,MUST_NOT_STATEMENT,heuristic,V10,220,No Routine Stops or Questions,3458,Do not stop at ordinary milestones: discovery/reference comparison/APB,UNKNOWN,LOW,did not match any defined bucket; not individually reviewed
CL-0473,L5_DGVA_v23_IMPLEMENTATION_STRICT_Autonomous_Remote_Transport_Recovery.md,Heuristic::220::611,MUST_NOT_STATEMENT,heuristic,V10,220,No Routine Stops or Questions,3458,"Do not ask ""continue?"", ""run regression?"", ""use reference?"", ""migrate",UNKNOWN,LOW,did not match any defined bucket; not individually reviewed
CL-0474,L5_DGVA_v23_IMPLEMENTATION_STRICT_Autonomous_Remote_Transport_Recovery.md,FindingWithoutAuthorizedFollowupAction_Count,INVARIANT_TOKEN,exact,V10,221,Findings Require Action,3472,`FindingWithoutAuthorizedFollowupAction_Count = 0`,UNKNOWN,LOW,"weak fuzzy match only (Parent module 'autonomous_resume_next_action_arbitration', overlap=1) -- insufficient confidence, needs individual semantic review"
CL-0475,L5_DGVA_v23_IMPLEMENTATION_STRICT_Autonomous_Remote_Transport_Recovery.md,ReportingOnlyClosure_Count,INVARIANT_TOKEN,exact,V10,221,Findings Require Action,3472,`ReportingOnlyClosure_Count = 0`,UNKNOWN,LOW,"weak fuzzy match only (Parent module 'coverage_closure_action_utility', overlap=1) -- insufficient confidence, needs individual semantic review"
CL-0476,L5_DGVA_v23_IMPLEMENTATION_STRICT_Autonomous_Remote_Transport_Recovery.md,IndependentWorkContinuation_PASS,INVARIANT_TOKEN,exact,V10,222,Independent Work Continuation,3483,`IndependentWorkContinuation_PASS = true`,CANONICAL_EQUIVALENT,MEDIUM,"Parent-only module 'independent_work_continuation' (keyword overlap=3), not yet migrated to canonical -- M5+ pool item"
CL-0477,L5_DGVA_v23_IMPLEMENTATION_STRICT_Autonomous_Remote_Transport_Recovery.md,HumanInterventionBoundaryArtifact_PASS,INVARIANT_TOKEN,exact,V10,223,Genuine Human Boundary,3492,`HumanInterventionBoundaryArtifact_PASS = true`,CANONICAL_EQUIVALENT,MEDIUM,"Parent-only module 'human_intervention_boundary_artifact' (keyword overlap=4), not yet migrated to canonical -- M5+ pool item"
CL-0478,L5_DGVA_v23_IMPLEMENTATION_STRICT_Autonomous_Remote_Transport_Recovery.md,Artifact::HumanInterventionBoundaryArtifact,ARTIFACT_REQUIREMENT,exact,V10,223,Genuine Human Boundary,3492,Create `HumanInterventionBoundaryArtifact`,CANONICAL_EQUIVALENT,MEDIUM,human_intervention_boundary_artifact.py
CL-0479,L5_DGVA_v23_IMPLEMENTATION_STRICT_Autonomous_Remote_Transport_Recovery.md,DeterministicResumeCheckpoint_PASS,INVARIANT_TOKEN,exact,V10,224,Deterministic Auto-Resume,3512,`DeterministicResumeCheckpoint_PASS = true`,CANONICAL_EQUIVALENT,MEDIUM,"Parent-only module 'l5dgva_directive_checkpoint_resume' (keyword overlap=2), not yet migrated to canonical -- M5+ pool item"
CL-0480,L5_DGVA_v23_IMPLEMENTATION_STRICT_Autonomous_Remote_Transport_Recovery.md,AutomaticResume_PASS,INVARIANT_TOKEN,exact,V10,224,Deterministic Auto-Resume,3512,`AutomaticResume_PASS = true`,UNKNOWN,LOW,"weak fuzzy match only (Parent module 'autonomous_resume_next_action_arbitration', overlap=1) -- insufficient confidence, needs individual semantic review"
CL-0481,L5_DGVA_v23_IMPLEMENTATION_STRICT_Autonomous_Remote_Transport_Recovery.md,AutonomousDEPatternMigration_PASS,INVARIANT_TOKEN,exact,V10,225,Autonomous DE Pattern Migration,3525,`AutonomousDEPatternMigration_PASS = true`,UNKNOWN,LOW,"weak fuzzy match only (Parent module 'autonomous_resume_next_action_arbitration', overlap=1) -- insufficient confidence, needs individual semantic review"
CL-0482,L5_DGVA_v23_IMPLEMENTATION_STRICT_Autonomous_Remote_Transport_Recovery.md,Heuristic::225::622,MUST_NOT_STATEMENT,heuristic,V10,225,Autonomous DE Pattern Migration,3525,Do not stop after first successful pattern.,CANONICAL_EQUIVALENT,MEDIUM,Canonical's Autonomous Wave Execution discipline (project memory) + Trust Progression + 'actionable findings must close before Final Deep Audit' already codify this.
CL-0483,L5_DGVA_v23_IMPLEMENTATION_STRICT_Autonomous_Remote_Transport_Recovery.md,AutomaticReferenceDifferential_PASS,INVARIANT_TOKEN,exact,V10,226,Automatic Reference Differential and Repair,3537,`AutomaticReferenceDifferential_PASS = true`,CANONICAL_EQUIVALENT,MEDIUM,"Parent-only module 'irq_reference_differential' (keyword overlap=2), not yet migrated to canonical -- M5+ pool item"
CL-0484,L5_DGVA_v23_IMPLEMENTATION_STRICT_Autonomous_Remote_Transport_Recovery.md,AutomaticReferenceGapRepair_PASS,INVARIANT_TOKEN,exact,V10,226,Automatic Reference Differential and Repair,3537,`AutomaticReferenceGapRepair_PASS = true`,UNKNOWN,LOW,"weak fuzzy match only (Parent module 'atb_reference_inventory', overlap=1) -- insufficient confidence, needs individual semantic review"
CL-0485,L5_DGVA_v23_IMPLEMENTATION_STRICT_Autonomous_Remote_Transport_Recovery.md,AutomaticFilesystemParity_PASS,INVARIANT_TOKEN,exact,V10,227,Automatic Filesystem / Makefile Preservation,3548,`AutomaticFilesystemParity_PASS = true`,CANONICAL_EQUIVALENT,MEDIUM,"Parent-only module 'reference_filesystem_parity_manifest' (keyword overlap=2), not yet migrated to canonical -- M5+ pool item"
CL-0486,L5_DGVA_v23_IMPLEMENTATION_STRICT_Autonomous_Remote_Transport_Recovery.md,AutomaticMakefileCapabilityPreservation_PASS,INVARIANT_TOKEN,exact,V10,227,Automatic Filesystem / Makefile Preservation,3548,`AutomaticMakefileCapabilityPreservation_PASS = true`,CANONICAL_EQUIVALENT,MEDIUM,"Parent-only module 'makefile_capability_parity_gate' (keyword overlap=2), not yet migrated to canonical -- M5+ pool item"
CL-0487,L5_DGVA_v23_IMPLEMENTATION_STRICT_Autonomous_Remote_Transport_Recovery.md,AutomaticVerificationArchitectureDiscovery_PASS,INVARIANT_TOKEN,exact,V10,228,Automatic Verification Architecture,3559,`AutomaticVerificationArchitectureDiscovery_PASS = true`,CANONICAL_EQUIVALENT,HIGH,canonical module 'verification_architecture' (keyword overlap=2)
CL-0488,L5_DGVA_v23_IMPLEMENTATION_STRICT_Autonomous_Remote_Transport_Recovery.md,AutomaticVPlanSynthesis_PASS,INVARIANT_TOKEN,exact,V10,229,Automatic vPlan / Test / Checking / Coverage Synthesis,3567,`AutomaticVPlanSynthesis_PASS = true`,UNKNOWN,LOW,"weak fuzzy match only (Parent module 'l5dgva_v5_ss86_understanding_plan_contradiction_taxonomy', overlap=1) -- insufficient confidence, needs individual semantic review"
CL-0489,L5_DGVA_v23_IMPLEMENTATION_STRICT_Autonomous_Remote_Transport_Recovery.md,AutomaticTestSuiteSynthesis_PASS,INVARIANT_TOKEN,exact,V10,229,Automatic vPlan / Test / Checking / Coverage Synthesis,3567,`AutomaticTestSuiteSynthesis_PASS = true`,CANONICAL_EQUIVALENT,HIGH,canonical module 'test_suite_lifecycle' (keyword overlap=2)
CL-0490,L5_DGVA_v23_IMPLEMENTATION_STRICT_Autonomous_Remote_Transport_Recovery.md,AutomaticCheckingSynthesis_PASS,INVARIANT_TOKEN,exact,V10,229,Automatic vPlan / Test / Checking / Coverage Synthesis,3567,`AutomaticCheckingSynthesis_PASS = true`,NEW_VALID_GOVERNANCE_REQUIREMENT,LOW,no fuzzy keyword match (0 overlap) against any of 498 Parent or canonical module names -- candidate for individual verification
CL-0491,L5_DGVA_v23_IMPLEMENTATION_STRICT_Autonomous_Remote_Transport_Recovery.md,AutomaticFunctionalCoverageModel_PASS,INVARIANT_TOKEN,exact,V10,229,Automatic vPlan / Test / Checking / Coverage Synthesis,3567,`AutomaticFunctionalCoverageModel_PASS = true`,CANONICAL_EQUIVALENT,HIGH,canonical module 'amba_functional_coverage_ir' (keyword overlap=2)
CL-0492,L5_DGVA_v23_IMPLEMENTATION_STRICT_Autonomous_Remote_Transport_Recovery.md,AutomaticBuildExecution_PASS,INVARIANT_TOKEN,exact,V10,230,Automatic Build / Smoke / Regression,3580,`AutomaticBuildExecution_PASS = true`,UNKNOWN,LOW,"weak fuzzy match only (Parent module 'l5dgva_directive_execution_counters', overlap=1) -- insufficient confidence, needs individual semantic review"
CL-0493,L5_DGVA_v23_IMPLEMENTATION_STRICT_Autonomous_Remote_Transport_Recovery.md,AutomaticSmokeExecution_PASS,INVARIANT_TOKEN,exact,V10,230,Automatic Build / Smoke / Regression,3580,`AutomaticSmokeExecution_PASS = true`,UNKNOWN,LOW,"weak fuzzy match only (Parent module 'l5dgva_directive_execution_counters', overlap=1) -- insufficient confidence, needs individual semantic review"
CL-0494,L5_DGVA_v23_IMPLEMENTATION_STRICT_Autonomous_Remote_Transport_Recovery.md,AutomaticRegressionExecution_PASS,INVARIANT_TOKEN,exact,V10,230,Automatic Build / Smoke / Regression,3580,`AutomaticRegressionExecution_PASS = true`,UNKNOWN,LOW,"weak fuzzy match only (Parent module 'kc_v18_harness_regression_qualification_gate', overlap=1) -- insufficient confidence, needs individual semantic review"
CL-0495,L5_DGVA_v23_IMPLEMENTATION_STRICT_Autonomous_Remote_Transport_Recovery.md,AutomaticRegressionMonitoring_PASS,INVARIANT_TOKEN,exact,V10,230,Automatic Build / Smoke / Regression,3580,`AutomaticRegressionMonitoring_PASS = true`,UNKNOWN,LOW,"weak fuzzy match only (Parent module 'kc_v18_harness_regression_qualification_gate', overlap=1) -- insufficient confidence, needs individual semantic review"
CL-0496,L5_DGVA_v23_IMPLEMENTATION_STRICT_Autonomous_Remote_Transport_Recovery.md,AutomaticFailureTriage_PASS,INVARIANT_TOKEN,exact,V10,231,Automatic Failure Triage / fsdbreport / Debug,3594,`AutomaticFailureTriage_PASS = true`,CANONICAL_EQUIVALENT,HIGH,canonical module 'system_failure_triage' (keyword overlap=2)
CL-0497,L5_DGVA_v23_IMPLEMENTATION_STRICT_Autonomous_Remote_Transport_Recovery.md,AutomaticFsdbReportDebug_PASS,INVARIANT_TOKEN,exact,V10,231,Automatic Failure Triage / fsdbreport / Debug,3594,`AutomaticFsdbReportDebug_PASS = true`,CANONICAL_EQUIVALENT,HIGH,canonical module 'fsdb_report' (keyword overlap=2)
CL-0498,L5_DGVA_v23_IMPLEMENTATION_STRICT_Autonomous_Remote_Transport_Recovery.md,EvidenceGatedAutomaticDebugEscalation_PASS,INVARIANT_TOKEN,exact,V10,231,Automatic Failure Triage / fsdbreport / Debug,3594,`EvidenceGatedAutomaticDebugEscalation_PASS = true`,CANONICAL_EQUIVALENT,HIGH,canonical module 'debug_evidence_behavioral_firewall_gate' (keyword overlap=2)
CL-0499,L5_DGVA_v23_IMPLEMENTATION_STRICT_Autonomous_Remote_Transport_Recovery.md,AutomaticDebugRepairLoop_PASS,INVARIANT_TOKEN,exact,V10,231,Automatic Failure Triage / fsdbreport / Debug,3594,`AutomaticDebugRepairLoop_PASS = true`,UNKNOWN,LOW,"weak fuzzy match only (Parent module 'coverage_closure_loop_leg_matrix', overlap=1) -- insufficient confidence, needs individual semantic review"
CL-0500,L5_DGVA_v23_IMPLEMENTATION_STRICT_Autonomous_Remote_Transport_Recovery.md,AutomaticCoverageMerge_PASS,INVARIANT_TOKEN,exact,V10,232,Automatic Coverage Closure,3612,`AutomaticCoverageMerge_PASS = true`,UNKNOWN,LOW,"weak fuzzy match only (Parent module 'amba_functional_coverage_ir', overlap=1) -- insufficient confidence, needs individual semantic review"
CL-0501,L5_DGVA_v23_IMPLEMENTATION_STRICT_Autonomous_Remote_Transport_Recovery.md,AutomaticCoverageHoleAnalysis_PASS,INVARIANT_TOKEN,exact,V10,232,Automatic Coverage Closure,3612,`AutomaticCoverageHoleAnalysis_PASS = true`,CANONICAL_EQUIVALENT,HIGH,canonical module 'coverage_analysis' (keyword overlap=2)
CL-0502,L5_DGVA_v23_IMPLEMENTATION_STRICT_Autonomous_Remote_Transport_Recovery.md,AutomaticCoverageHoleClosure_PASS,INVARIANT_TOKEN,exact,V10,232,Automatic Coverage Closure,3612,`AutomaticCoverageHoleClosure_PASS = true`,CANONICAL_EQUIVALENT,HIGH,canonical module 'coverage_closure_hole_correlation' (keyword overlap=3)
CL-0503,L5_DGVA_v23_IMPLEMENTATION_STRICT_Autonomous_Remote_Transport_Recovery.md,CoverageClosureTermination_PASS,INVARIANT_TOKEN,exact,V10,232,Automatic Coverage Closure,3612,`CoverageClosureTermination_PASS = true`,CANONICAL_EQUIVALENT,HIGH,canonical module 'coverage_closure_action_utility' (keyword overlap=2)
CL-0504,L5_DGVA_v23_IMPLEMENTATION_STRICT_Autonomous_Remote_Transport_Recovery.md,Heuristic::232::644,MUST_NOT_STATEMENT,heuristic,V10,232,Automatic Coverage Closure,3612,Do not stop because coverage is,CANONICAL_EQUIVALENT,MEDIUM,Canonical's Autonomous Wave Execution discipline (project memory) + Trust Progression + 'actionable findings must close before Final Deep Audit' already codify this.
CL-0505,L5_DGVA_v23_IMPLEMENTATION_STRICT_Autonomous_Remote_Transport_Recovery.md,AutomaticSignoffPreparation_PASS,INVARIANT_TOKEN,exact,V10,233,Automatic Signoff,3629,`AutomaticSignoffPreparation_PASS = true`,UNKNOWN,LOW,"weak fuzzy match only (Parent module 'functional_coverage_signoff', overlap=1) -- insufficient confidence, needs individual semantic review"
CL-0506,L5_DGVA_v23_IMPLEMENTATION_STRICT_Autonomous_Remote_Transport_Recovery.md,EvidenceGatedFinalCompletion_PASS,INVARIANT_TOKEN,exact,V10,233,Automatic Signoff,3629,`EvidenceGatedFinalCompletion_PASS = true`,UNKNOWN,LOW,"weak fuzzy match only (Parent module 'command_deep_study_evidence_gate', overlap=1) -- insufficient confidence, needs individual semantic review"
CL-0507,L5_DGVA_v23_IMPLEMENTATION_STRICT_Autonomous_Remote_Transport_Recovery.md,Heuristic::233::647,MUST_NOT_STATEMENT,heuristic,V10,233,Automatic Signoff,3629,Do not declare COMPLETE from job PASS alone; V9 final completion gate,UNKNOWN,LOW,did not match any defined bucket; not individually reviewed
CL-0508,L5_DGVA_v23_IMPLEMENTATION_STRICT_Autonomous_Remote_Transport_Recovery.md,AutomaticKCRuntimeRecall_PASS,INVARIANT_TOKEN,exact,V10,234,Automatic KC Runtime / Harvest / Trigger,3641,`AutomaticKCRuntimeRecall_PASS = true`,UNKNOWN,LOW,"weak fuzzy match only (Parent module 'de_command_runtime_readiness_gate', overlap=1) -- insufficient confidence, needs individual semantic review"
CL-0509,L5_DGVA_v23_IMPLEMENTATION_STRICT_Autonomous_Remote_Transport_Recovery.md,AutomaticKCHarvestEvaluation_PASS,INVARIANT_TOKEN,exact,V10,234,Automatic KC Runtime / Harvest / Trigger,3641,`AutomaticKCHarvestEvaluation_PASS = true`,UNKNOWN,LOW,"weak fuzzy match only (Parent module 'kc_harvest_phase_closure_coverage', overlap=1) -- insufficient confidence, needs individual semantic review"
CL-0510,L5_DGVA_v23_IMPLEMENTATION_STRICT_Autonomous_Remote_Transport_Recovery.md,AutomaticKCRuntimeTriggerRegistration_PASS,INVARIANT_TOKEN,exact,V10,234,Automatic KC Runtime / Harvest / Trigger,3641,`AutomaticKCRuntimeTriggerRegistration_PASS = true`,CANONICAL_EQUIVALENT,MEDIUM,"Parent-only module 'kc_extraction_trigger_and_outcome_registration_gap' (keyword overlap=2), not yet migrated to canonical -- M5+ pool item"
CL-0511,L5_DGVA_v23_IMPLEMENTATION_STRICT_Autonomous_Remote_Transport_Recovery.md,AutomaticAutonomyGovernanceDetection_PASS,INVARIANT_TOKEN,exact,V10,235,Automatic Governance Failure Detection and Self-Repair,3654,`AutomaticAutonomyGovernanceDetection_PASS = true`,CANONICAL_EQUIVALENT,MEDIUM,"Parent-only module 'autonomy_governance_failure_classifier' (keyword overlap=2), not yet migrated to canonical -- M5+ pool item"
CL-0512,L5_DGVA_v23_IMPLEMENTATION_STRICT_Autonomous_Remote_Transport_Recovery.md,AutomaticAutonomyGovernanceSelfRepair_PASS,INVARIANT_TOKEN,exact,V10,235,Automatic Governance Failure Detection and Self-Repair,3654,`AutomaticAutonomyGovernanceSelfRepair_PASS = true`,CANONICAL_EQUIVALENT,MEDIUM,"Parent-only module 'autonomy_governance_failure_classifier' (keyword overlap=2), not yet migrated to canonical -- M5+ pool item"
CL-0513,L5_DGVA_v23_IMPLEMENTATION_STRICT_Autonomous_Remote_Transport_Recovery.md,NoPrematureExternalization_PASS,INVARIANT_TOKEN,exact,V10,236,No Premature Externalization / Blind Retry,3666,`NoPrematureExternalization_PASS = true`,NEW_VALID_GOVERNANCE_REQUIREMENT,LOW,no fuzzy keyword match (0 overlap) against any of 498 Parent or canonical module names -- candidate for individual verification
CL-0514,L5_DGVA_v23_IMPLEMENTATION_STRICT_Autonomous_Remote_Transport_Recovery.md,BlindRetry_Count,INVARIANT_TOKEN,exact,V10,236,No Premature Externalization / Blind Retry,3666,`BlindRetry_Count = 0`,UNKNOWN,LOW,"weak fuzzy match only (Parent module 'no_blind_implementation_gate', overlap=1) -- insufficient confidence, needs individual semantic review"
CL-0515,L5_DGVA_v23_IMPLEMENTATION_STRICT_Autonomous_Remote_Transport_Recovery.md,BoundedDiagnosticExperiment_PASS,INVARIANT_TOKEN,exact,V10,236,No Premature Externalization / Blind Retry,3666,`BoundedDiagnosticExperiment_PASS = true`,UNKNOWN,LOW,"weak fuzzy match only (Parent module 'diagnostic_bound_compatibility', overlap=1) -- insufficient confidence, needs individual semantic review"
CL-0516,L5_DGVA_v23_IMPLEMENTATION_STRICT_Autonomous_Remote_Transport_Recovery.md,Heuristic::236::656,MUST_NOT_STATEMENT,heuristic,V10,236,No Premature Externalization / Blind Retry,3666,Do not classify external merely because diagnosis is difficult.,UNKNOWN,LOW,did not match any defined bucket; not individually reviewed
CL-0517,L5_DGVA_v23_IMPLEMENTATION_STRICT_Autonomous_Remote_Transport_Recovery.md,Heuristic::236::657,MUST_NOT_STATEMENT,heuristic,V10,236,No Premature Externalization / Blind Retry,3666,Do not repeat relay restart/build/sim/regression/debug,CANONICAL_EQUIVALENT,MEDIUM,Canonical's Remote Linux Execution (Persistent Relay) section already codifies bounded-reconnect/no-blind-retry discipline (the 'Known residual' clause).
CL-0518,L5_DGVA_v23_IMPLEMENTATION_STRICT_Autonomous_Remote_Transport_Recovery.md,ExternalOwnerHandoff_PASS,INVARIANT_TOKEN,exact,V10,237,External Owner Handoff,3682,`ExternalOwnerHandoff_PASS = true`,UNKNOWN,LOW,"weak fuzzy match only (Parent module 'codex_kc_handoff_package', overlap=1) -- insufficient confidence, needs individual semantic review"
CL-0519,L5_DGVA_v23_IMPLEMENTATION_STRICT_Autonomous_Remote_Transport_Recovery.md,AutomaticTransportResourceRecovery_PASS,INVARIANT_TOKEN,exact,V10,238,Transport / Resource Recovery,3690,`AutomaticTransportResourceRecovery_PASS = true`,UNKNOWN,LOW,"weak fuzzy match only (Parent module 'remote_recovery_hypothesis_matrix', overlap=1) -- insufficient confidence, needs individual semantic review"
CL-0520,L5_DGVA_v23_IMPLEMENTATION_STRICT_Autonomous_Remote_Transport_Recovery.md,ResourceAwareParallelism_PASS,INVARIANT_TOKEN,exact,V10,239,Resource-Aware Parallelism,3699,`ResourceAwareParallelism_PASS = true`,UNKNOWN,LOW,"weak fuzzy match only (Parent module 'resource_orchestrator', overlap=1) -- insufficient confidence, needs individual semantic review"
CL-0521,L5_DGVA_v23_IMPLEMENTATION_STRICT_Autonomous_Remote_Transport_Recovery.md,ExecutionResourcePreflight_PASS,INVARIANT_TOKEN,exact,V10,239,Resource-Aware Parallelism,3699,`ExecutionResourcePreflight_PASS = true`,UNKNOWN,LOW,"weak fuzzy match only (Parent module 'irq_openspec_preflight_gate', overlap=1) -- insufficient confidence, needs individual semantic review"
CL-0522,L5_DGVA_v23_IMPLEMENTATION_STRICT_Autonomous_Remote_Transport_Recovery.md,AutomaticArtifactLifecycle_PASS,INVARIANT_TOKEN,exact,V10,240,Automatic Artifact Lifecycle,3711,`AutomaticArtifactLifecycle_PASS = true`,UNKNOWN,LOW,"weak fuzzy match only (Parent module 'behavioral_violation_artifact_registry', overlap=1) -- insufficient confidence, needs individual semantic review"
CL-0523,L5_DGVA_v23_IMPLEMENTATION_STRICT_Autonomous_Remote_Transport_Recovery.md,Heuristic::240::663,MUST_NOT_STATEMENT,heuristic,V10,240,Automatic Artifact Lifecycle,3711,Artifacts must feed subsequent state decisions automatically; do not,UNKNOWN,LOW,did not match any defined bucket; not individually reviewed
CL-0524,L5_DGVA_v23_IMPLEMENTATION_STRICT_Autonomous_Remote_Transport_Recovery.md,StateExitGateTruth_PASS,INVARIANT_TOKEN,exact,V10,241,State Exit Gate,3721,`StateExitGateTruth_PASS = true`,CANONICAL_EQUIVALENT,MEDIUM,"Parent-only module 'debug_kc_generalization_truth_gate' (keyword overlap=2), not yet migrated to canonical -- M5+ pool item"
CL-0525,L5_DGVA_v23_IMPLEMENTATION_STRICT_Autonomous_Remote_Transport_Recovery.md,Heuristic::241::665,MUST_NOT_STATEMENT,heuristic,V10,241,State Exit Gate,3721,Do not advance because a shell command returned zero if semantic,UNKNOWN,LOW,did not match any defined bucket; not individually reviewed
CL-0526,L5_DGVA_v23_IMPLEMENTATION_STRICT_Autonomous_Remote_Transport_Recovery.md,TerminalStateDiscipline_PASS,INVARIANT_TOKEN,exact,V10,242,Terminal States,3731,`TerminalStateDiscipline_PASS = true`,UNKNOWN,LOW,"weak fuzzy match only (Parent module 'engine_maturity_state', overlap=1) -- insufficient confidence, needs individual semantic review"
CL-0527,L5_DGVA_v23_IMPLEMENTATION_STRICT_Autonomous_Remote_Transport_Recovery.md,AutonomousFinalCompletionTruth_PASS,INVARIANT_TOKEN,exact,V10,243,COMPLETE Definition,3741,`AutonomousFinalCompletionTruth_PASS = true`,UNKNOWN,LOW,"weak fuzzy match only (Parent module 'autonomous_resume_next_action_arbitration', overlap=1) -- insufficient confidence, needs individual semantic review"
CL-0528,L5_DGVA_v23_IMPLEMENTATION_STRICT_Autonomous_Remote_Transport_Recovery.md,AutonomousZeroReminderMetrics_PASS,INVARIANT_TOKEN,exact,V10,244,Zero-Reminder Autonomous Metrics,3752,`AutonomousZeroReminderMetrics_PASS = true`,CANONICAL_EQUIVALENT,MEDIUM,"Parent-only module 'v10_autonomous_zero_reminder_metrics' (keyword overlap=4), not yet migrated to canonical -- M5+ pool item"
CL-0529,L5_DGVA_v23_IMPLEMENTATION_STRICT_Autonomous_Remote_Transport_Recovery.md,StrictContractCompliance_PASS,INVARIANT_TOKEN,exact,V11,,(preamble),3806,`StrictContractCompliance_PASS = true`,CANONICAL_EQUIVALENT,MEDIUM,"Parent-only module 'contract_compliance_artifact' (keyword overlap=2), not yet migrated to canonical -- M5+ pool item"
CL-0530,L5_DGVA_v23_IMPLEMENTATION_STRICT_Autonomous_Remote_Transport_Recovery.md,SilentContractViolation_Count,INVARIANT_TOKEN,exact,V11,,(preamble),3806,`SilentContractViolation_Count = 0`,UNKNOWN,LOW,"weak fuzzy match only (Parent module 'behavioral_violation_artifact_registry', overlap=1) -- insufficient confidence, needs individual semantic review"
CL-0531,L5_DGVA_v23_IMPLEMENTATION_STRICT_Autonomous_Remote_Transport_Recovery.md,Heuristic::(preamble)::704,MUST_NOT_STATEMENT,heuristic,V11,,(preamble),3806,"Claude CLI MUST NOT knowingly bypass, weaken,",UNKNOWN,LOW,did not match any defined bucket; not individually reviewed
CL-0532,L5_DGVA_v23_IMPLEMENTATION_STRICT_Autonomous_Remote_Transport_Recovery.md,ReferenceUVMDUTTopIntegrationCanonicalBaseline_PASS,INVARIANT_TOKEN,exact,V11,246,Canonical Reference Integration,3825,`ReferenceUVMDUTTopIntegrationCanonicalBaseline_PASS = true`,CANONICAL_EQUIVALENT,MEDIUM,"Parent-only module 'canonical_reference_integration_baseline_gate' (keyword overlap=4), not yet migrated to canonical -- M5+ pool item"
CL-0533,L5_DGVA_v23_IMPLEMENTATION_STRICT_Autonomous_Remote_Transport_Recovery.md,DETopTestbenchPreservation_PASS,INVARIANT_TOKEN,exact,V11,247,Preserve DE Known-Good Top TB,3835,`DETopTestbenchPreservation_PASS = true`,UNKNOWN,LOW,"weak fuzzy match only (Parent module 'expected_difference_preservation_gate', overlap=1) -- insufficient confidence, needs individual semantic review"
CL-0534,L5_DGVA_v23_IMPLEMENTATION_STRICT_Autonomous_Remote_Transport_Recovery.md,NoUnnecessaryTopTBReplacement_PASS,INVARIANT_TOKEN,exact,V11,247,Preserve DE Known-Good Top TB,3835,`NoUnnecessaryTopTBReplacement_PASS = true`,CANONICAL_EQUIVALENT,MEDIUM,"Parent-only module 'uvm_dut_top_parallel_replacement_disclosure' (keyword overlap=2), not yet migrated to canonical -- M5+ pool item"
CL-0535,L5_DGVA_v23_IMPLEMENTATION_STRICT_Autonomous_Remote_Transport_Recovery.md,Heuristic::247::708,MUST_NOT_STATEMENT,heuristic,V11,247,Preserve DE Known-Good Top TB,3835,Do not generate a replacement Top TB unless evidence proves integration,UNKNOWN,LOW,did not match any defined bucket; not individually reviewed
CL-0536,L5_DGVA_v23_IMPLEMENTATION_STRICT_Autonomous_Remote_Transport_Recovery.md,ReferenceUVMTopIntegrationDiscovery_PASS,INVARIANT_TOKEN,exact,V11,248,Mandatory Reference Integration Discovery,3847,`ReferenceUVMTopIntegrationDiscovery_PASS = true`,CANONICAL_EQUIVALENT,MEDIUM,"Parent-only module 'reference_uvm_dut_top_integration_manifest' (keyword overlap=4), not yet migrated to canonical -- M5+ pool item"
CL-0537,L5_DGVA_v23_IMPLEMENTATION_STRICT_Autonomous_Remote_Transport_Recovery.md,ReferenceDUTTopTBIntegrationDiscovery_PASS,INVARIANT_TOKEN,exact,V11,248,Mandatory Reference Integration Discovery,3847,`ReferenceDUTTopTBIntegrationDiscovery_PASS = true`,CANONICAL_EQUIVALENT,MEDIUM,"Parent-only module 'reference_uvm_dut_top_integration_manifest' (keyword overlap=4), not yet migrated to canonical -- M5+ pool item"
CL-0538,L5_DGVA_v23_IMPLEMENTATION_STRICT_Autonomous_Remote_Transport_Recovery.md,ReferenceUVMDUTTopIntegrationManifest_PASS,INVARIANT_TOKEN,exact,V11,248,Mandatory Reference Integration Discovery,3847,`ReferenceUVMDUTTopIntegrationManifest_PASS = true`,CANONICAL_EQUIVALENT,MEDIUM,"Parent-only module 'reference_uvm_dut_top_integration_manifest' (keyword overlap=4), not yet migrated to canonical -- M5+ pool item"
CL-0539,L5_DGVA_v23_IMPLEMENTATION_STRICT_Autonomous_Remote_Transport_Recovery.md,Artifact::ReferenceUVMDUTTopIntegrationManifest,ARTIFACT_REQUIREMENT,exact,V11,248,Mandatory Reference Integration Discovery,3847,Create `ReferenceUVMDUTTopIntegrationManifest`,CANONICAL_EQUIVALENT,MEDIUM,reference_uvm_active_passive_vip_ownership_manifest.py family
CL-0540,L5_DGVA_v23_IMPLEMENTATION_STRICT_Autonomous_Remote_Transport_Recovery.md,ReferenceTwoHooksDiscovery_PASS,INVARIANT_TOKEN,exact,V11,249,Two-Hooks + Bridges,3863,`ReferenceTwoHooksDiscovery_PASS = true`,CANONICAL_EQUIVALENT,MEDIUM,"Parent-only module 'l5dgva_qualified_reference_producer_discovery_order' (keyword overlap=2), not yet migrated to canonical -- M5+ pool item"
CL-0541,L5_DGVA_v23_IMPLEMENTATION_STRICT_Autonomous_Remote_Transport_Recovery.md,TwoHooksBridgeIntegrationPreservation_PASS,INVARIANT_TOKEN,exact,V11,249,Two-Hooks + Bridges,3863,`TwoHooksBridgeIntegrationPreservation_PASS = true`,CANONICAL_EQUIVALENT,MEDIUM,"Parent-only module 'two_hooks_bridge_architecture' (keyword overlap=3), not yet migrated to canonical -- M5+ pool item"
CL-0542,L5_DGVA_v23_IMPLEMENTATION_STRICT_Autonomous_Remote_Transport_Recovery.md,EvidenceGroundedHookPlacement_PASS,INVARIANT_TOKEN,exact,V11,249,Two-Hooks + Bridges,3863,`EvidenceGroundedHookPlacement_PASS = true`,UNKNOWN,LOW,"weak fuzzy match only (Parent module 'command_deep_study_evidence_gate', overlap=1) -- insufficient confidence, needs individual semantic review"
CL-0543,L5_DGVA_v23_IMPLEMENTATION_STRICT_Autonomous_Remote_Transport_Recovery.md,Heuristic::249::716,MUST_NOT_STATEMENT,heuristic,V11,249,Two-Hooks + Bridges,3863,Do not replace with pure UVM virtual-sequence-only architecture if DE,UNKNOWN,LOW,did not match any defined bucket; not individually reviewed
CL-0544,L5_DGVA_v23_IMPLEMENTATION_STRICT_Autonomous_Remote_Transport_Recovery.md,ReferenceUVMFilelistIntegration_PASS,INVARIANT_TOKEN,exact,V11,250,Build and UVM Top Integration,3878,`ReferenceUVMFilelistIntegration_PASS = true`,CANONICAL_EQUIVALENT,MEDIUM,"Parent-only module 'reference_uvm_debug_coverage_regression_integration_manifest' (keyword overlap=3), not yet migrated to canonical -- M5+ pool item"
CL-0545,L5_DGVA_v23_IMPLEMENTATION_STRICT_Autonomous_Remote_Transport_Recovery.md,UVMTopIntegrationParity_PASS,INVARIANT_TOKEN,exact,V11,250,Build and UVM Top Integration,3878,`UVMTopIntegrationParity_PASS = true`,CANONICAL_EQUIVALENT,MEDIUM,"Parent-only module 'reference_uvm_dut_top_integration_manifest' (keyword overlap=3), not yet migrated to canonical -- M5+ pool item"
CL-0546,L5_DGVA_v23_IMPLEMENTATION_STRICT_Autonomous_Remote_Transport_Recovery.md,Heuristic::250::719,MUST_NOT_STATEMENT,heuristic,V11,250,Build and UVM Top Integration,3878,Do not create an independent simulation universe bypassing DE Top TB.,CANONICAL_EQUIVALENT,MEDIUM,Canonical's Engineering Discipline Rules already codifies the block/branch_a*/branch_fw/branch_b* architecture-conformance naming/ownership rules.
CL-0547,L5_DGVA_v23_IMPLEMENTATION_STRICT_Autonomous_Remote_Transport_Recovery.md,DUTTopClockOwnership_PASS,INVARIANT_TOKEN,exact,V11,251,Clock / Reset / Model Ownership,3887,`DUTTopClockOwnership_PASS = true`,CANONICAL_EQUIVALENT,MEDIUM,"Parent-only module 'uvm_dut_top_clock_reset_ownership' (keyword overlap=4), not yet migrated to canonical -- M5+ pool item"
CL-0548,L5_DGVA_v23_IMPLEMENTATION_STRICT_Autonomous_Remote_Transport_Recovery.md,DUTTopResetOwnership_PASS,INVARIANT_TOKEN,exact,V11,251,Clock / Reset / Model Ownership,3887,`DUTTopResetOwnership_PASS = true`,CANONICAL_EQUIVALENT,MEDIUM,"Parent-only module 'uvm_dut_top_clock_reset_ownership' (keyword overlap=4), not yet migrated to canonical -- M5+ pool item"
CL-0549,L5_DGVA_v23_IMPLEMENTATION_STRICT_Autonomous_Remote_Transport_Recovery.md,DUTPHYModelIntegrationPreservation_PASS,INVARIANT_TOKEN,exact,V11,251,Clock / Reset / Model Ownership,3887,`DUTPHYModelIntegrationPreservation_PASS = true`,UNKNOWN,LOW,"weak fuzzy match only (Parent module 'backpressure_model', overlap=1) -- insufficient confidence, needs individual semantic review"
CL-0550,L5_DGVA_v23_IMPLEMENTATION_STRICT_Autonomous_Remote_Transport_Recovery.md,DuplicateClockOwner_Count,INVARIANT_TOKEN,exact,V11,251,Clock / Reset / Model Ownership,3887,`DuplicateClockOwner_Count = 0`,UNKNOWN,LOW,"weak fuzzy match only (Parent module 'interrupt_dma_clock_reset_extraction', overlap=1) -- insufficient confidence, needs individual semantic review"
CL-0551,L5_DGVA_v23_IMPLEMENTATION_STRICT_Autonomous_Remote_Transport_Recovery.md,DuplicateResetOwner_Count,INVARIANT_TOKEN,exact,V11,251,Clock / Reset / Model Ownership,3887,`DuplicateResetOwner_Count = 0`,UNKNOWN,LOW,"weak fuzzy match only (Parent module 'interrupt_dma_clock_reset_extraction', overlap=1) -- insufficient confidence, needs individual semantic review"
CL-0552,L5_DGVA_v23_IMPLEMENTATION_STRICT_Autonomous_Remote_Transport_Recovery.md,ExternalVIPTopIOIntegration_PASS,INVARIANT_TOKEN,exact,V11,252,Verification Boundaries,3897,`ExternalVIPTopIOIntegration_PASS = true`,CANONICAL_EQUIVALENT,MEDIUM,"Parent-only module 'reference_uvm_dut_top_integration_manifest' (keyword overlap=2), not yet migrated to canonical -- M5+ pool item"
CL-0553,L5_DGVA_v23_IMPLEMENTATION_STRICT_Autonomous_Remote_Transport_Recovery.md,InternalAMBAVIPIntegration_PASS,INVARIANT_TOKEN,exact,V11,252,Verification Boundaries,3897,`InternalAMBAVIPIntegration_PASS = true`,UNKNOWN,LOW,"weak fuzzy match only (Parent module 'canonical_reference_integration_baseline_gate', overlap=1) -- insufficient confidence, needs individual semantic review"
CL-0554,L5_DGVA_v23_IMPLEMENTATION_STRICT_Autonomous_Remote_Transport_Recovery.md,Heuristic::252::727,MUST_NOT_STATEMENT,heuristic,V11,252,Verification Boundaries,3897,Do not force internal AMBA to,UNKNOWN,LOW,did not match any defined bucket; not individually reviewed
CL-0555,L5_DGVA_v23_IMPLEMENTATION_STRICT_Autonomous_Remote_Transport_Recovery.md,ReferenceInterfaceIntegrationDiscovery_PASS,INVARIANT_TOKEN,exact,V11,253,Interface / Virtual Interface / Bind Integration,3910,`ReferenceInterfaceIntegrationDiscovery_PASS = true`,CANONICAL_EQUIVALENT,MEDIUM,"Parent-only module 'reference_interface_bind_integration_manifest' (keyword overlap=3), not yet migrated to canonical -- M5+ pool item"
CL-0556,L5_DGVA_v23_IMPLEMENTATION_STRICT_Autonomous_Remote_Transport_Recovery.md,ReferenceVirtualInterfaceIntegration_PASS,INVARIANT_TOKEN,exact,V11,253,Interface / Virtual Interface / Bind Integration,3910,`ReferenceVirtualInterfaceIntegration_PASS = true`,CANONICAL_EQUIVALENT,MEDIUM,"Parent-only module 'reference_interface_bind_integration_manifest' (keyword overlap=3), not yet migrated to canonical -- M5+ pool item"
CL-0557,L5_DGVA_v23_IMPLEMENTATION_STRICT_Autonomous_Remote_Transport_Recovery.md,ReferenceVIPBindIntegration_PASS,INVARIANT_TOKEN,exact,V11,253,Interface / Virtual Interface / Bind Integration,3910,`ReferenceVIPBindIntegration_PASS = true`,CANONICAL_EQUIVALENT,HIGH,canonical module 'iface_contract_vip_bind_validator' (keyword overlap=2)
CL-0558,L5_DGVA_v23_IMPLEMENTATION_STRICT_Autonomous_Remote_Transport_Recovery.md,ReferenceActiveVIPDriveIntegration_PASS,INVARIANT_TOKEN,exact,V11,254,Active / Passive VIP Ownership,3922,`ReferenceActiveVIPDriveIntegration_PASS = true`,CANONICAL_EQUIVALENT,MEDIUM,"Parent-only module 'reference_uvm_active_passive_vip_ownership_manifest' (keyword overlap=3), not yet migrated to canonical -- M5+ pool item"
CL-0559,L5_DGVA_v23_IMPLEMENTATION_STRICT_Autonomous_Remote_Transport_Recovery.md,ActiveVIPDriveOwnershipTruth_PASS,INVARIANT_TOKEN,exact,V11,254,Active / Passive VIP Ownership,3922,`ActiveVIPDriveOwnershipTruth_PASS = true`,CANONICAL_EQUIVALENT,MEDIUM,"Parent-only module 'reference_uvm_active_passive_vip_ownership_manifest' (keyword overlap=3), not yet migrated to canonical -- M5+ pool item"
CL-0560,L5_DGVA_v23_IMPLEMENTATION_STRICT_Autonomous_Remote_Transport_Recovery.md,PassiveVIPObservationIntegration_PASS,INVARIANT_TOKEN,exact,V11,254,Active / Passive VIP Ownership,3922,`PassiveVIPObservationIntegration_PASS = true`,CANONICAL_EQUIVALENT,MEDIUM,"Parent-only module 'reference_uvm_active_passive_vip_ownership_manifest' (keyword overlap=2), not yet migrated to canonical -- M5+ pool item"
CL-0561,L5_DGVA_v23_IMPLEMENTATION_STRICT_Autonomous_Remote_Transport_Recovery.md,ReferenceControlPlaneBridgeIntegration_PASS,INVARIANT_TOKEN,exact,V11,255,Control-Plane / Multi-APB Integration,3937,`ReferenceControlPlaneBridgeIntegration_PASS = true`,CANONICAL_EQUIVALENT,HIGH,canonical module 'control_plane' (keyword overlap=2)
CL-0562,L5_DGVA_v23_IMPLEMENTATION_STRICT_Autonomous_Remote_Transport_Recovery.md,ReferenceMultiAPBIntegration_PASS,INVARIANT_TOKEN,exact,V11,255,Control-Plane / Multi-APB Integration,3937,`ReferenceMultiAPBIntegration_PASS = true`,CANONICAL_EQUIVALENT,MEDIUM,"Parent-only module 'reference_multi_apb_bridge_discovery' (keyword overlap=3), not yet migrated to canonical -- M5+ pool item"
CL-0563,L5_DGVA_v23_IMPLEMENTATION_STRICT_Autonomous_Remote_Transport_Recovery.md,DECommandEntryIntegration_PASS,INVARIANT_TOKEN,exact,V11,256,DE Command and BLOCK/Branch Integration,3949,`DECommandEntryIntegration_PASS = true`,CANONICAL_EQUIVALENT,MEDIUM,"Parent-only module 'reference_de_command_block_branch_integration_manifest' (keyword overlap=2), not yet migrated to canonical -- M5+ pool item"
CL-0564,L5_DGVA_v23_IMPLEMENTATION_STRICT_Autonomous_Remote_Transport_Recovery.md,BlockBranchIntegration_PASS,INVARIANT_TOKEN,exact,V11,256,DE Command and BLOCK/Branch Integration,3949,`BlockBranchIntegration_PASS = true`,CANONICAL_EQUIVALENT,MEDIUM,"Parent-only module 'reference_de_command_block_branch_integration_manifest' (keyword overlap=3), not yet migrated to canonical -- M5+ pool item"
CL-0565,L5_DGVA_v23_IMPLEMENTATION_STRICT_Autonomous_Remote_Transport_Recovery.md,ReferenceRunControlIntegration_PASS,INVARIANT_TOKEN,exact,V11,257,Run / Completion / Timeout,3961,`ReferenceRunControlIntegration_PASS = true`,CANONICAL_EQUIVALENT,MEDIUM,"Parent-only module 'reference_uvm_run_completion_timeout_integration_manifest' (keyword overlap=3), not yet migrated to canonical -- M5+ pool item"
CL-0566,L5_DGVA_v23_IMPLEMENTATION_STRICT_Autonomous_Remote_Transport_Recovery.md,ReferenceTestCompletionIntegration_PASS,INVARIANT_TOKEN,exact,V11,257,Run / Completion / Timeout,3961,`ReferenceTestCompletionIntegration_PASS = true`,CANONICAL_EQUIVALENT,MEDIUM,"Parent-only module 'reference_uvm_run_completion_timeout_integration_manifest' (keyword overlap=3), not yet migrated to canonical -- M5+ pool item"
CL-0567,L5_DGVA_v23_IMPLEMENTATION_STRICT_Autonomous_Remote_Transport_Recovery.md,ReferenceTimeoutIntegration_PASS,INVARIANT_TOKEN,exact,V11,257,Run / Completion / Timeout,3961,`ReferenceTimeoutIntegration_PASS = true`,CANONICAL_EQUIVALENT,MEDIUM,"Parent-only module 'reference_uvm_run_completion_timeout_integration_manifest' (keyword overlap=3), not yet migrated to canonical -- M5+ pool item"
CL-0568,L5_DGVA_v23_IMPLEMENTATION_STRICT_Autonomous_Remote_Transport_Recovery.md,Heuristic::257::742,MUST_NOT_STATEMENT,heuristic,V11,257,Run / Completion / Timeout,3961,Do not invent arbitrary,CONSTITUTION_ALREADY_COVERS,MEDIUM,Canonical's Evidence Truth Rule + Article 0 EVIDENCE_GROUNDED dimension already establish this exact general principle.
CL-0569,L5_DGVA_v23_IMPLEMENTATION_STRICT_Autonomous_Remote_Transport_Recovery.md,ReferenceWaveDebugIntegration_PASS,INVARIANT_TOKEN,exact,V11,258,Debug / Coverage / Regression Integration,3975,`ReferenceWaveDebugIntegration_PASS = true`,CANONICAL_EQUIVALENT,MEDIUM,"Parent-only module 'reference_uvm_debug_coverage_regression_integration_manifest' (keyword overlap=3), not yet migrated to canonical -- M5+ pool item"
CL-0570,L5_DGVA_v23_IMPLEMENTATION_STRICT_Autonomous_Remote_Transport_Recovery.md,UVMTopCoverageIntegration_PASS,INVARIANT_TOKEN,exact,V11,258,Debug / Coverage / Regression Integration,3975,`UVMTopCoverageIntegration_PASS = true`,CANONICAL_EQUIVALENT,MEDIUM,"Parent-only module 'reference_uvm_debug_coverage_regression_integration_manifest' (keyword overlap=3), not yet migrated to canonical -- M5+ pool item"
CL-0571,L5_DGVA_v23_IMPLEMENTATION_STRICT_Autonomous_Remote_Transport_Recovery.md,UVMTopRegressionIntegration_PASS,INVARIANT_TOKEN,exact,V11,258,Debug / Coverage / Regression Integration,3975,`UVMTopRegressionIntegration_PASS = true`,CANONICAL_EQUIVALENT,MEDIUM,"Parent-only module 'reference_uvm_debug_coverage_regression_integration_manifest' (keyword overlap=3), not yet migrated to canonical -- M5+ pool item"
CL-0572,L5_DGVA_v23_IMPLEMENTATION_STRICT_Autonomous_Remote_Transport_Recovery.md,NoParallelReplacementSimulationTopology_PASS,INVARIANT_TOKEN,exact,V11,259,No Parallel Replacement Topology,3985,`NoParallelReplacementSimulationTopology_PASS = true`,CANONICAL_EQUIVALENT,MEDIUM,"Parent-only module 'uvm_dut_top_parallel_replacement_disclosure' (keyword overlap=2), not yet migrated to canonical -- M5+ pool item"
CL-0573,L5_DGVA_v23_IMPLEMENTATION_STRICT_Autonomous_Remote_Transport_Recovery.md,Heuristic::259::747,MUST_NOT_STATEMENT,heuristic,V11,259,No Parallel Replacement Topology,3985,Do not create competing DE Top TB + independent custom UVM Top TB +,CANONICAL_EQUIVALENT,MEDIUM,Canonical's Engineering Discipline Rules already codifies the block/branch_a*/branch_fw/branch_b* architecture-conformance naming/ownership rules.
CL-0574,L5_DGVA_v23_IMPLEMENTATION_STRICT_Autonomous_Remote_Transport_Recovery.md,TargetDUTTopIntegrationReconciliation_PASS,INVARIANT_TOKEN,exact,V11,260,Target Integration Plan,3992,`TargetDUTTopIntegrationReconciliation_PASS = true`,CANONICAL_EQUIVALENT,MEDIUM,"Parent-only module 'target_uvm_dut_top_integration_plan' (keyword overlap=4), not yet migrated to canonical -- M5+ pool item"
CL-0575,L5_DGVA_v23_IMPLEMENTATION_STRICT_Autonomous_Remote_Transport_Recovery.md,Artifact::TargetUVMDUTTopIntegrationPlan,ARTIFACT_REQUIREMENT,exact,V11,260,Target Integration Plan,3992,Create `TargetUVMDUTTopIntegrationPlan`,CANONICAL_EQUIVALENT,MEDIUM,target_uvm_dut_top_integration_plan.py
CL-0576,L5_DGVA_v23_IMPLEMENTATION_STRICT_Autonomous_Remote_Transport_Recovery.md,UVMTopIntegrationReuseDisposition_PASS,INVARIANT_TOKEN,exact,V11,261,Reuse / Minimal-Diff Policy,4004,`UVMTopIntegrationReuseDisposition_PASS = true`,CANONICAL_EQUIVALENT,MEDIUM,"Parent-only module 'uvm_dut_top_integration_reuse_minimal_diff_policy' (keyword overlap=4), not yet migrated to canonical -- M5+ pool item"
CL-0577,L5_DGVA_v23_IMPLEMENTATION_STRICT_Autonomous_Remote_Transport_Recovery.md,UVMTopIntegrationMinimalDiff_PASS,INVARIANT_TOKEN,exact,V11,261,Reuse / Minimal-Diff Policy,4004,`UVMTopIntegrationMinimalDiff_PASS = true`,CANONICAL_EQUIVALENT,MEDIUM,"Parent-only module 'uvm_dut_top_integration_reuse_minimal_diff_policy' (keyword overlap=5), not yet migrated to canonical -- M5+ pool item"
CL-0578,L5_DGVA_v23_IMPLEMENTATION_STRICT_Autonomous_Remote_Transport_Recovery.md,NoUnjustifiedIntegrationArchitectureDivergence_PASS,INVARIANT_TOKEN,exact,V11,261,Reuse / Minimal-Diff Policy,4004,`NoUnjustifiedIntegrationArchitectureDivergence_PASS = true`,UNKNOWN,LOW,"weak fuzzy match only (Parent module 'canonical_reference_integration_baseline_gate', overlap=1) -- insufficient confidence, needs individual semantic review"
CL-0579,L5_DGVA_v23_IMPLEMENTATION_STRICT_Autonomous_Remote_Transport_Recovery.md,UnjustifiedUVMTopIntegrationDivergence_Count,INVARIANT_TOKEN,exact,V11,261,Reuse / Minimal-Diff Policy,4004,`UnjustifiedUVMTopIntegrationDivergence_Count = 0`,CANONICAL_EQUIVALENT,MEDIUM,"Parent-only module 'reference_uvm_dut_top_integration_manifest' (keyword overlap=3), not yet migrated to canonical -- M5+ pool item"
CL-0580,L5_DGVA_v23_IMPLEMENTATION_STRICT_Autonomous_Remote_Transport_Recovery.md,UVMDUTTopIntegrationPreGenerationGate_PASS,INVARIANT_TOKEN,exact,V11,262,Hard Pre-Generation Gate,4019,`UVMDUTTopIntegrationPreGenerationGate_PASS = true`,CANONICAL_EQUIVALENT,MEDIUM,"Parent-only module 'uvm_dut_top_integration_pregeneration_gate' (keyword overlap=3), not yet migrated to canonical -- M5+ pool item"
CL-0581,L5_DGVA_v23_IMPLEMENTATION_STRICT_Autonomous_Remote_Transport_Recovery.md,AutomaticUVMDUTTopIntegrationImplementation_PASS,INVARIANT_TOKEN,exact,V11,263,Automatic Implementation and Validation,4029,`AutomaticUVMDUTTopIntegrationImplementation_PASS = true`,CANONICAL_EQUIVALENT,MEDIUM,"Parent-only module 'reference_uvm_dut_top_integration_manifest' (keyword overlap=2), not yet migrated to canonical -- M5+ pool item"
CL-0582,L5_DGVA_v23_IMPLEMENTATION_STRICT_Autonomous_Remote_Transport_Recovery.md,UVMDUTTopIntegrationBuildValidation_PASS,INVARIANT_TOKEN,exact,V11,263,Automatic Implementation and Validation,4029,`UVMDUTTopIntegrationBuildValidation_PASS = true`,CANONICAL_EQUIVALENT,MEDIUM,"Parent-only module 'uvm_dut_top_filelist_build_integration' (keyword overlap=3), not yet migrated to canonical -- M5+ pool item"
CL-0583,L5_DGVA_v23_IMPLEMENTATION_STRICT_Autonomous_Remote_Transport_Recovery.md,UVMDUTTopIntegrationElaborationValidation_PASS,INVARIANT_TOKEN,exact,V11,263,Automatic Implementation and Validation,4029,`UVMDUTTopIntegrationElaborationValidation_PASS = true`,CANONICAL_EQUIVALENT,MEDIUM,"Parent-only module 'reference_uvm_dut_top_integration_manifest' (keyword overlap=2), not yet migrated to canonical -- M5+ pool item"
CL-0584,L5_DGVA_v23_IMPLEMENTATION_STRICT_Autonomous_Remote_Transport_Recovery.md,UVMDUTTopIntegrationSmoke_PASS,INVARIANT_TOKEN,exact,V11,263,Automatic Implementation and Validation,4029,`UVMDUTTopIntegrationSmoke_PASS = true`,CANONICAL_EQUIVALENT,MEDIUM,"Parent-only module 'reference_uvm_dut_top_integration_manifest' (keyword overlap=2), not yet migrated to canonical -- M5+ pool item"
CL-0585,L5_DGVA_v23_IMPLEMENTATION_STRICT_Autonomous_Remote_Transport_Recovery.md,UVMDUTTopIntegrationReferenceDifferential_PASS,INVARIANT_TOKEN,exact,V11,264,Integration Differential / Auto-Repair / Closure,4044,`UVMDUTTopIntegrationReferenceDifferential_PASS = true`,CANONICAL_EQUIVALENT,MEDIUM,"Parent-only module 'reference_uvm_dut_top_integration_manifest' (keyword overlap=3), not yet migrated to canonical -- M5+ pool item"
CL-0586,L5_DGVA_v23_IMPLEMENTATION_STRICT_Autonomous_Remote_Transport_Recovery.md,UVMDUTTopIntegrationAutoRepair_PASS,INVARIANT_TOKEN,exact,V11,264,Integration Differential / Auto-Repair / Closure,4044,`UVMDUTTopIntegrationAutoRepair_PASS = true`,CANONICAL_EQUIVALENT,MEDIUM,"Parent-only module 'reference_uvm_dut_top_integration_manifest' (keyword overlap=2), not yet migrated to canonical -- M5+ pool item"
CL-0587,L5_DGVA_v23_IMPLEMENTATION_STRICT_Autonomous_Remote_Transport_Recovery.md,UVMDUTTopIntegrationClosureGate_PASS,INVARIANT_TOKEN,exact,V11,264,Integration Differential / Auto-Repair / Closure,4044,`UVMDUTTopIntegrationClosureGate_PASS = true`,CANONICAL_EQUIVALENT,MEDIUM,"Parent-only module 'uvm_dut_top_integration_pregeneration_gate' (keyword overlap=3), not yet migrated to canonical -- M5+ pool item"
CL-0588,L5_DGVA_v23_IMPLEMENTATION_STRICT_Autonomous_Remote_Transport_Recovery.md,ScopeAwareUVMDUTTopIntegration_PASS,INVARIANT_TOKEN,exact,V11,265,Scope / Protocol Generalization,4061,`ScopeAwareUVMDUTTopIntegration_PASS = true`,CANONICAL_EQUIVALENT,MEDIUM,"Parent-only module 'reference_uvm_dut_top_integration_manifest' (keyword overlap=2), not yet migrated to canonical -- M5+ pool item"
CL-0589,L5_DGVA_v23_IMPLEMENTATION_STRICT_Autonomous_Remote_Transport_Recovery.md,ProtocolAgnosticUVMDUTTopIntegration_PASS,INVARIANT_TOKEN,exact,V11,265,Scope / Protocol Generalization,4061,`ProtocolAgnosticUVMDUTTopIntegration_PASS = true`,CANONICAL_EQUIVALENT,MEDIUM,"Parent-only module 'reference_uvm_dut_top_integration_manifest' (keyword overlap=2), not yet migrated to canonical -- M5+ pool item"
CL-0590,L5_DGVA_v23_IMPLEMENTATION_STRICT_Autonomous_Remote_Transport_Recovery.md,HierarchicalUVMIntegrationReuse_PASS,INVARIANT_TOKEN,exact,V11,265,Scope / Protocol Generalization,4061,`HierarchicalUVMIntegrationReuse_PASS = true`,CANONICAL_EQUIVALENT,MEDIUM,"Parent-only module 'uvm_dut_top_integration_reuse_minimal_diff_policy' (keyword overlap=3), not yet migrated to canonical -- M5+ pool item"
CL-0591,L5_DGVA_v23_IMPLEMENTATION_STRICT_Autonomous_Remote_Transport_Recovery.md,UVMDUTTopIntegrationChangeImpact_PASS,INVARIANT_TOKEN,exact,V11,266,Integration Change Impact,4077,`UVMDUTTopIntegrationChangeImpact_PASS = true`,CANONICAL_EQUIVALENT,HIGH,canonical module 'change_impact' (keyword overlap=2)
CL-0592,L5_DGVA_v23_IMPLEMENTATION_STRICT_Autonomous_Remote_Transport_Recovery.md,UVMDUTTopIntegrationKC_PASS,INVARIANT_TOKEN,exact,V11,267,KC Runtime,4086,`UVMDUTTopIntegrationKC_PASS = true`,CANONICAL_EQUIVALENT,MEDIUM,"Parent-only module 'reference_uvm_dut_top_integration_manifest' (keyword overlap=2), not yet migrated to canonical -- M5+ pool item"
CL-0593,L5_DGVA_v23_IMPLEMENTATION_STRICT_Autonomous_Remote_Transport_Recovery.md,UVMDUTTopIntegrationKCRuntimeTrigger_PASS,INVARIANT_TOKEN,exact,V11,267,KC Runtime,4086,`UVMDUTTopIntegrationKCRuntimeTrigger_PASS = true`,CANONICAL_EQUIVALENT,MEDIUM,"Parent-only module 'reference_uvm_dut_top_integration_manifest' (keyword overlap=2), not yet migrated to canonical -- M5+ pool item"
CL-0594,L5_DGVA_v23_IMPLEMENTATION_STRICT_Autonomous_Remote_Transport_Recovery.md,ZeroReminderUVMDUTTopIntegration_PASS,INVARIANT_TOKEN,exact,V11,268,Zero-Reminder Integration Governance,4097,`ZeroReminderUVMDUTTopIntegration_PASS = true`,CANONICAL_EQUIVALENT,MEDIUM,"Parent-only module 'uvm_dut_top_zero_reminder_governance_composite' (keyword overlap=3), not yet migrated to canonical -- M5+ pool item"
CL-0595,L5_DGVA_v23_IMPLEMENTATION_STRICT_Autonomous_Remote_Transport_Recovery.md,UVMDUTTopIntegrationGovernanceSelfRepair_PASS,INVARIANT_TOKEN,exact,V11,268,Zero-Reminder Integration Governance,4097,`UVMDUTTopIntegrationGovernanceSelfRepair_PASS = true`,CANONICAL_EQUIVALENT,MEDIUM,"Parent-only module 'reference_uvm_dut_top_integration_manifest' (keyword overlap=2), not yet migrated to canonical -- M5+ pool item"
CL-0596,L5_DGVA_v23_IMPLEMENTATION_STRICT_Autonomous_Remote_Transport_Recovery.md,ContractComplianceArtifact_PASS,INVARIANT_TOKEN,exact,V11,269,STRICT Compliance Gate,4111,`ContractComplianceArtifact_PASS = true`,CANONICAL_EQUIVALENT,MEDIUM,"Parent-only module 'contract_compliance_artifact' (keyword overlap=3), not yet migrated to canonical -- M5+ pool item"
CL-0597,L5_DGVA_v23_IMPLEMENTATION_STRICT_Autonomous_Remote_Transport_Recovery.md,ContractComplianceGate_PASS,INVARIANT_TOKEN,exact,V11,269,STRICT Compliance Gate,4111,`ContractComplianceGate_PASS = true`,CANONICAL_EQUIVALENT,MEDIUM,"Parent-only module 'contract_compliance_artifact' (keyword overlap=2), not yet migrated to canonical -- M5+ pool item"
CL-0598,L5_DGVA_v23_IMPLEMENTATION_STRICT_Autonomous_Remote_Transport_Recovery.md,Artifact::ContractComplianceArtifact,ARTIFACT_REQUIREMENT,exact,V11,269,STRICT Compliance Gate,4111,Create `ContractComplianceArtifact`,UNKNOWN,MEDIUM,no clear Parent module match found by name
CL-0599,L5_DGVA_v23_IMPLEMENTATION_STRICT_Autonomous_Remote_Transport_Recovery.md,Heuristic::269::773,MUST_STATEMENT,heuristic,V11,269,STRICT Compliance Gate,4111,If an applicable MUST requirement is violated: - DO NOT mark phase,UNKNOWN,LOW,did not match any defined bucket; not individually reviewed
CL-0600,L5_DGVA_v23_IMPLEMENTATION_STRICT_Autonomous_Remote_Transport_Recovery.md,Heuristic::269::774,MUST_NOT_STATEMENT,heuristic,V11,269,STRICT Compliance Gate,4111,PASS; - DO NOT advance dependent state; - DO NOT hide/waive,UNKNOWN,LOW,did not match any defined bucket; not individually reviewed
CL-0601,L5_DGVA_v23_IMPLEMENTATION_STRICT_Autonomous_Remote_Transport_Recovery.md,ProhibitedBypassPattern_Count,INVARIANT_TOKEN,exact,V11,270,Prohibited Bypass Patterns,4128,`ProhibitedBypassPattern_Count = 0`,CANONICAL_EQUIVALENT,MEDIUM,"Parent-only module 'prohibited_bypass_pattern_registry' (keyword overlap=3), not yet migrated to canonical -- M5+ pool item"
CL-0602,L5_DGVA_v23_IMPLEMENTATION_STRICT_Autonomous_Remote_Transport_Recovery.md,Heuristic::270::776,MUST_STATEMENT,heuristic,V11,270,Prohibited Bypass Patterns,4128,stop routinely for user confirmation; - silently downgrade MUST to,UNKNOWN,LOW,did not match any defined bucket; not individually reviewed
CL-0603,L5_DGVA_v23_IMPLEMENTATION_STRICT_Autonomous_Remote_Transport_Recovery.md,ContractViolationGovernanceSelfRepair_PASS,INVARIANT_TOKEN,exact,V11,271,Contract Violation Is Governance Failure,4143,`ContractViolationGovernanceSelfRepair_PASS = true`,UNKNOWN,LOW,"weak fuzzy match only (Parent module 'autonomy_governance_failure_classifier', overlap=1) -- insufficient confidence, needs individual semantic review"
CL-0604,L5_DGVA_v23_IMPLEMENTATION_STRICT_Autonomous_Remote_Transport_Recovery.md,L5DGVAContractComplianceRegression_PASS,INVARIANT_TOKEN,exact,V11,272,Compliance Regression Suite,4152,`L5DGVAContractComplianceRegression_PASS = true`,CANONICAL_EQUIVALENT,MEDIUM,"Parent-only module 'contract_compliance_artifact' (keyword overlap=2), not yet migrated to canonical -- M5+ pool item"
CL-0605,L5_DGVA_v23_IMPLEMENTATION_STRICT_Autonomous_Remote_Transport_Recovery.md,StrictIRQFWServiceContract_PASS,INVARIANT_TOKEN,exact,V12,,(preamble),4189,`StrictIRQFWServiceContract_PASS = true`,UNKNOWN,LOW,"weak fuzzy match only (Parent module 'codex_full_contract_review_package', overlap=1) -- insufficient confidence, needs individual semantic review"
CL-0606,L5_DGVA_v23_IMPLEMENTATION_STRICT_Autonomous_Remote_Transport_Recovery.md,IRQFWContractViolation_Count,INVARIANT_TOKEN,exact,V12,,(preamble),4189,`IRQFWContractViolation_Count = 0`,UNKNOWN,LOW,"weak fuzzy match only (Parent module 'behavioral_violation_artifact_registry', overlap=1) -- insufficient confidence, needs individual semantic review"
CL-0607,L5_DGVA_v23_IMPLEMENTATION_STRICT_Autonomous_Remote_Transport_Recovery.md,Heuristic::(preamble)::797,MUST_STATEMENT,heuristic,V12,,(preamble),4189,branch-FW and branch-A MUST be analyzed first for the structural method.,UNKNOWN,LOW,did not match any defined bucket; not individually reviewed
CL-0608,L5_DGVA_v23_IMPLEMENTATION_STRICT_Autonomous_Remote_Transport_Recovery.md,ReferenceBranchFWMethodAnalyzed_PASS,INVARIANT_TOKEN,exact,V12,274,Mandatory Reference branch-FW / branch-A Analysis,4211,`ReferenceBranchFWMethodAnalyzed_PASS = true`,CANONICAL_EQUIVALENT,MEDIUM,"Parent-only module 'reference_de_block_branch_ownership_discovery' (keyword overlap=2), not yet migrated to canonical -- M5+ pool item"
CL-0609,L5_DGVA_v23_IMPLEMENTATION_STRICT_Autonomous_Remote_Transport_Recovery.md,ReferenceBranchAMethodAnalyzed_PASS,INVARIANT_TOKEN,exact,V12,274,Mandatory Reference branch-FW / branch-A Analysis,4211,`ReferenceBranchAMethodAnalyzed_PASS = true`,CANONICAL_EQUIVALENT,MEDIUM,"Parent-only module 'reference_de_block_branch_ownership_discovery' (keyword overlap=2), not yet migrated to canonical -- M5+ pool item"
CL-0610,L5_DGVA_v23_IMPLEMENTATION_STRICT_Autonomous_Remote_Transport_Recovery.md,Heuristic::274::800,MUST_NOT_STATEMENT,heuristic,V12,274,Mandatory Reference branch-FW / branch-A Analysis,4211,Do not invent an alternative first.,CONSTITUTION_ALREADY_COVERS,MEDIUM,Canonical's Evidence Truth Rule + Article 0 EVIDENCE_GROUNDED dimension already establish this exact general principle.
CL-0611,L5_DGVA_v23_IMPLEMENTATION_STRICT_Autonomous_Remote_Transport_Recovery.md,ReferenceIRQMethodTargetSemanticSeparation_PASS,INVARIANT_TOKEN,exact,V12,275,Reference Method vs Target Semantics,4223,`ReferenceIRQMethodTargetSemanticSeparation_PASS = true`,CANONICAL_EQUIVALENT,MEDIUM,"Parent-only module 'irq_branch_a_semantic_separation' (keyword overlap=3), not yet migrated to canonical -- M5+ pool item"
CL-0612,L5_DGVA_v23_IMPLEMENTATION_STRICT_Autonomous_Remote_Transport_Recovery.md,Heuristic::275::802,MUST_NOT_STATEMENT,heuristic,V12,275,Reference Method vs Target Semantics,4223,Never copy,NON_NORMATIVE,HIGH,regex sentence-splitting artifact (fragment with no independent content)
CL-0613,L5_DGVA_v23_IMPLEMENTATION_STRICT_Autonomous_Remote_Transport_Recovery.md,IRQRTLConnectivityDiscovery_PASS,INVARIANT_TOKEN,exact,V12,276,IRQ RTL Connectivity,4233,`IRQRTLConnectivityDiscovery_PASS = true`,UNKNOWN,LOW,"weak fuzzy match only (Parent module 'amba_discovery_report', overlap=1) -- insufficient confidence, needs individual semantic review"
CL-0614,L5_DGVA_v23_IMPLEMENTATION_STRICT_Autonomous_Remote_Transport_Recovery.md,IRQHierarchyPathDiscovery_PASS,INVARIANT_TOKEN,exact,V12,276,IRQ RTL Connectivity,4233,`IRQHierarchyPathDiscovery_PASS = true`,CANONICAL_EQUIVALENT,MEDIUM,"Parent-only module 'irq_rtl_hierarchy_reconciliation' (keyword overlap=2), not yet migrated to canonical -- M5+ pool item"
CL-0615,L5_DGVA_v23_IMPLEMENTATION_STRICT_Autonomous_Remote_Transport_Recovery.md,Artifact::IRQRTLConnectivityManifest,ARTIFACT_REQUIREMENT,exact,V12,276,IRQ RTL Connectivity,4233,Create `IRQRTLConnectivityManifest`,CANONICAL_EQUIVALENT,MEDIUM,irq_rtl_hierarchy_reconciliation.py
CL-0616,L5_DGVA_v23_IMPLEMENTATION_STRICT_Autonomous_Remote_Transport_Recovery.md,IRQPollingViaHierarchyReference_PASS,INVARIANT_TOKEN,exact,V12,277,Hierarchy Reference Only for IRQ Poll/Event,4243,`IRQPollingViaHierarchyReference_PASS = true`,CANONICAL_EQUIVALENT,MEDIUM,"Parent-only module 'irq_polling_causal_chain_gate' (keyword overlap=2), not yet migrated to canonical -- M5+ pool item"
CL-0617,L5_DGVA_v23_IMPLEMENTATION_STRICT_Autonomous_Remote_Transport_Recovery.md,Heuristic::277::807,MUST_NOT_STATEMENT,heuristic,V12,277,Hierarchy Reference Only for IRQ Poll/Event,4243,Do not scatter hardcoded hierarchy references through UVM classes when,UNKNOWN,LOW,did not match any defined bucket; not individually reviewed
CL-0618,L5_DGVA_v23_IMPLEMENTATION_STRICT_Autonomous_Remote_Transport_Recovery.md,IRQPollingAPBTransaction_Count,INVARIANT_TOKEN,exact,V12,278,No APB Polling While Waiting,4255,`IRQPollingAPBTransaction_Count = 0`,CANONICAL_EQUIVALENT,MEDIUM,"Parent-only module 'irq_polling_causal_chain_gate' (keyword overlap=2), not yet migrated to canonical -- M5+ pool item"
CL-0619,L5_DGVA_v23_IMPLEMENTATION_STRICT_Autonomous_Remote_Transport_Recovery.md,Heuristic::278::809,MUST_NOT_STATEMENT,heuristic,V12,278,No APB Polling While Waiting,4255,"When a qualified hierarchy-visible IRQ exists, do not continuously",CANONICAL_EQUIVALENT,MEDIUM,Parent's extensive irq_* module family (15+ real modules) already addresses IRQ-specific discipline; not yet migrated to canonical (M5+ pool item).
CL-0620,L5_DGVA_v23_IMPLEMENTATION_STRICT_Autonomous_Remote_Transport_Recovery.md,IRQEventToBranchFWWakeup_PASS,INVARIANT_TOKEN,exact,V12,279,Event-to-Service Flow,4265,`IRQEventToBranchFWWakeup_PASS = true`,CANONICAL_EQUIVALENT,MEDIUM,"Parent-only module 'irq_branch_a_semantic_separation' (keyword overlap=2), not yet migrated to canonical -- M5+ pool item"
CL-0621,L5_DGVA_v23_IMPLEMENTATION_STRICT_Autonomous_Remote_Transport_Recovery.md,IRQStatusReadViaCPUREAD_PASS,INVARIANT_TOKEN,exact,V12,280,Mandatory Frontdoor IRQ Register Access,4272,`IRQStatusReadViaCPUREAD_PASS = true`,UNKNOWN,LOW,"weak fuzzy match only (Parent module 'd_irq_domain_split_scoping_gap', overlap=1) -- insufficient confidence, needs individual semantic review"
CL-0622,L5_DGVA_v23_IMPLEMENTATION_STRICT_Autonomous_Remote_Transport_Recovery.md,IRQFlagReadViaCPUREAD_PASS,INVARIANT_TOKEN,exact,V12,280,Mandatory Frontdoor IRQ Register Access,4272,`IRQFlagReadViaCPUREAD_PASS = true`,UNKNOWN,LOW,"weak fuzzy match only (Parent module 'd_irq_domain_split_scoping_gap', overlap=1) -- insufficient confidence, needs individual semantic review"
CL-0623,L5_DGVA_v23_IMPLEMENTATION_STRICT_Autonomous_Remote_Transport_Recovery.md,IRQServiceRegisterAccessViaFrontdoor_PASS,INVARIANT_TOKEN,exact,V12,280,Mandatory Frontdoor IRQ Register Access,4272,`IRQServiceRegisterAccessViaFrontdoor_PASS = true`,CANONICAL_EQUIVALENT,MEDIUM,"Parent-only module 'irq_frontdoor_register_access_gate' (keyword overlap=4), not yet migrated to canonical -- M5+ pool item"
CL-0624,L5_DGVA_v23_IMPLEMENTATION_STRICT_Autonomous_Remote_Transport_Recovery.md,IRQClearAckViaCPUWRITE_PASS,INVARIANT_TOKEN,exact,V12,280,Mandatory Frontdoor IRQ Register Access,4272,`IRQClearAckViaCPUWRITE_PASS = true`,UNKNOWN,LOW,"weak fuzzy match only (Parent module 'd_irq_domain_split_scoping_gap', overlap=1) -- insufficient confidence, needs individual semantic review"
CL-0625,L5_DGVA_v23_IMPLEMENTATION_STRICT_Autonomous_Remote_Transport_Recovery.md,IRQStatusBackdoorRead_Count,INVARIANT_TOKEN,exact,V12,281,No Qualification Backdoor Service,4285,`IRQStatusBackdoorRead_Count = 0`,CANONICAL_EQUIVALENT,MEDIUM,"Parent-only module 'irq_backdoor_qualification_gate' (keyword overlap=2), not yet migrated to canonical -- M5+ pool item"
CL-0626,L5_DGVA_v23_IMPLEMENTATION_STRICT_Autonomous_Remote_Transport_Recovery.md,IRQFlagBackdoorRead_Count,INVARIANT_TOKEN,exact,V12,281,No Qualification Backdoor Service,4285,`IRQFlagBackdoorRead_Count = 0`,CANONICAL_EQUIVALENT,MEDIUM,"Parent-only module 'irq_backdoor_qualification_gate' (keyword overlap=2), not yet migrated to canonical -- M5+ pool item"
CL-0627,L5_DGVA_v23_IMPLEMENTATION_STRICT_Autonomous_Remote_Transport_Recovery.md,IRQServiceBackdoorWrite_Count,INVARIANT_TOKEN,exact,V12,281,No Qualification Backdoor Service,4285,`IRQServiceBackdoorWrite_Count = 0`,CANONICAL_EQUIVALENT,MEDIUM,"Parent-only module 'irq_backdoor_qualification_gate' (keyword overlap=2), not yet migrated to canonical -- M5+ pool item"
CL-0628,L5_DGVA_v23_IMPLEMENTATION_STRICT_Autonomous_Remote_Transport_Recovery.md,BranchAIRQConfiguration_PASS,INVARIANT_TOKEN,exact,V12,282,branch-A IRQ Setup,4295,`BranchAIRQConfiguration_PASS = true`,UNKNOWN,LOW,"weak fuzzy match only (Parent module 'branch_b_protocol_drive_replacement', overlap=1) -- insufficient confidence, needs individual semantic review"
CL-0629,L5_DGVA_v23_IMPLEMENTATION_STRICT_Autonomous_Remote_Transport_Recovery.md,IRQEndToEndCausalChain_PASS,INVARIANT_TOKEN,exact,V12,283,End-to-End IRQ Causal Chain,4303,`IRQEndToEndCausalChain_PASS = true`,CANONICAL_EQUIVALENT,MEDIUM,"Parent-only module 'irq_polling_causal_chain_gate' (keyword overlap=3), not yet migrated to canonical -- M5+ pool item"
CL-0630,L5_DGVA_v23_IMPLEMENTATION_STRICT_Autonomous_Remote_Transport_Recovery.md,IRQDocumentationPreflight_PASS,INVARIANT_TOKEN,exact,V12,284,IRQ Documentation Preflight,4313,`IRQDocumentationPreflight_PASS = true`,CANONICAL_EQUIVALENT,MEDIUM,"Parent-only module 'irq_branch_rtl_register_map_documentation_join' (keyword overlap=2), not yet migrated to canonical -- M5+ pool item"
CL-0631,L5_DGVA_v23_IMPLEMENTATION_STRICT_Autonomous_Remote_Transport_Recovery.md,IRQServiceSemanticsConfirmed_PASS,INVARIANT_TOKEN,exact,V12,285,Required IRQ Semantic Evidence,4321,`IRQServiceSemanticsConfirmed_PASS = true`,CANONICAL_EQUIVALENT,MEDIUM,"Parent-only module 'irq_de_command_service_sequence_join' (keyword overlap=2), not yet migrated to canonical -- M5+ pool item"
CL-0632,L5_DGVA_v23_IMPLEMENTATION_STRICT_Autonomous_Remote_Transport_Recovery.md,Heuristic::285::822,MUST_NOT_STATEMENT,heuristic,V12,285,Required IRQ Semantic Evidence,4321,Do not infer from names.,CONSTITUTION_ALREADY_COVERS,MEDIUM,Canonical's Evidence Truth Rule + Article 0 EVIDENCE_GROUNDED dimension already establish this exact general principle.
CL-0633,L5_DGVA_v23_IMPLEMENTATION_STRICT_Autonomous_Remote_Transport_Recovery.md,MissingIRQDocumentationBoundary_PASS,INVARIANT_TOKEN,exact,V12,286,Missing Documentation Hard Gate,4330,`MissingIRQDocumentationBoundary_PASS = true`,CANONICAL_EQUIVALENT,MEDIUM,"Parent-only module 'irq_branch_rtl_register_map_documentation_join' (keyword overlap=2), not yet migrated to canonical -- M5+ pool item"
CL-0634,L5_DGVA_v23_IMPLEMENTATION_STRICT_Autonomous_Remote_Transport_Recovery.md,NoGuessedIRQRegisterSemantics_PASS,INVARIANT_TOKEN,exact,V12,286,Missing Documentation Hard Gate,4330,`NoGuessedIRQRegisterSemantics_PASS = true`,CANONICAL_EQUIVALENT,MEDIUM,"Parent-only module 'irq_branch_rtl_register_map_documentation_join' (keyword overlap=2), not yet migrated to canonical -- M5+ pool item"
CL-0635,L5_DGVA_v23_IMPLEMENTATION_STRICT_Autonomous_Remote_Transport_Recovery.md,Heuristic::286::825,MUST_NOT_STATEMENT,heuristic,V12,286,Missing Documentation Hard Gate,4330,Do not guess.,CONSTITUTION_ALREADY_COVERS,MEDIUM,Canonical's Evidence Truth Rule + Article 0 EVIDENCE_GROUNDED dimension already establish this exact general principle.
CL-0636,L5_DGVA_v23_IMPLEMENTATION_STRICT_Autonomous_Remote_Transport_Recovery.md,OpenSpecIRQIntakeSchema_PASS,INVARIANT_TOKEN,exact,V12,287,OpenSpec INTAKE IRQ Fields,4343,`OpenSpecIRQIntakeSchema_PASS = true`,CANONICAL_EQUIVALENT,MEDIUM,"Parent-only module 'intake_schema' (keyword overlap=2), not yet migrated to canonical -- M5+ pool item"
CL-0637,L5_DGVA_v23_IMPLEMENTATION_STRICT_Autonomous_Remote_Transport_Recovery.md,Heuristic::287::827,MUST_STATEMENT,heuristic,V12,287,OpenSpec INTAKE IRQ Fields,4343,OpenSpec INTAKE Excel MUST support semantic equivalents of: IRQ_PRESENT;,UNKNOWN,LOW,did not match any defined bucket; not individually reviewed
CL-0638,L5_DGVA_v23_IMPLEMENTATION_STRICT_Autonomous_Remote_Transport_Recovery.md,OpenSpecIRQEffectiveValueGovernance_PASS,INVARIANT_TOKEN,exact,V12,288,OpenSpec Effective Values,4357,`OpenSpecIRQEffectiveValueGovernance_PASS = true`,CANONICAL_EQUIVALENT,MEDIUM,"Parent-only module 'irq_effective_compile_define_disclosure' (keyword overlap=2), not yet migrated to canonical -- M5+ pool item"
CL-0639,L5_DGVA_v23_IMPLEMENTATION_STRICT_Autonomous_Remote_Transport_Recovery.md,OpenSpecIRQPreflightGate_PASS,INVARIANT_TOKEN,exact,V12,289,OpenSpec IRQ Preflight Gate,4368,`OpenSpecIRQPreflightGate_PASS = true`,CANONICAL_EQUIVALENT,HIGH,canonical module 'spec_vplan_readiness_gate' (keyword overlap=2)
CL-0640,L5_DGVA_v23_IMPLEMENTATION_STRICT_Autonomous_Remote_Transport_Recovery.md,TargetIRQServiceManifest_PASS,INVARIANT_TOKEN,exact,V12,290,IRQServiceManifest,4376,`TargetIRQServiceManifest_PASS = true`,CANONICAL_EQUIVALENT,MEDIUM,"Parent-only module 'irq_service_manifest' (keyword overlap=3), not yet migrated to canonical -- M5+ pool item"
CL-0641,L5_DGVA_v23_IMPLEMENTATION_STRICT_Autonomous_Remote_Transport_Recovery.md,BranchFWIRQGenerationGate_PASS,INVARIANT_TOKEN,exact,V12,291,Branch-FW Generation Gate,4388,`BranchFWIRQGenerationGate_PASS = true`,CANONICAL_EQUIVALENT,MEDIUM,"Parent-only module 'irq_revised_branch_fw_generation_gate' (keyword overlap=3), not yet migrated to canonical -- M5+ pool item"
CL-0642,L5_DGVA_v23_IMPLEMENTATION_STRICT_Autonomous_Remote_Transport_Recovery.md,IRQMultiAPBFairService_PASS,INVARIANT_TOKEN,exact,V12,292,Multi-APB Fair Service,4397,`IRQMultiAPBFairService_PASS = true`,CANONICAL_EQUIVALENT,MEDIUM,"Parent-only module 'irq_de_command_service_sequence_join' (keyword overlap=2), not yet migrated to canonical -- M5+ pool item"
CL-0643,L5_DGVA_v23_IMPLEMENTATION_STRICT_Autonomous_Remote_Transport_Recovery.md,IRQAPBPriorityPolicy_PASS,INVARIANT_TOKEN,exact,V12,293,IRQ Priority / Ordering / Clear,4407,`IRQAPBPriorityPolicy_PASS = true`,UNKNOWN,LOW,"weak fuzzy match only (Parent module 'arbitration_policy_ir', overlap=1) -- insufficient confidence, needs individual semantic review"
CL-0644,L5_DGVA_v23_IMPLEMENTATION_STRICT_Autonomous_Remote_Transport_Recovery.md,IRQStatusReadOrdering_PASS,INVARIANT_TOKEN,exact,V12,293,IRQ Priority / Ordering / Clear,4407,`IRQStatusReadOrdering_PASS = true`,UNKNOWN,LOW,"weak fuzzy match only (Parent module 'd_irq_domain_split_scoping_gap', overlap=1) -- insufficient confidence, needs individual semantic review"
CL-0645,L5_DGVA_v23_IMPLEMENTATION_STRICT_Autonomous_Remote_Transport_Recovery.md,IRQClearAckSemantic_PASS,INVARIANT_TOKEN,exact,V12,293,IRQ Priority / Ordering / Clear,4407,`IRQClearAckSemantic_PASS = true`,CANONICAL_EQUIVALENT,MEDIUM,"Parent-only module 'irq_branch_a_semantic_separation' (keyword overlap=2), not yet migrated to canonical -- M5+ pool item"
CL-0646,L5_DGVA_v23_IMPLEMENTATION_STRICT_Autonomous_Remote_Transport_Recovery.md,Heuristic::293::836,MUST_NOT_STATEMENT,heuristic,V12,293,IRQ Priority / Ordering / Clear,4407,"Do not assume strict FW priority, status-read order or W1C.",CONSTITUTION_ALREADY_COVERS,MEDIUM,Canonical's Evidence Truth Rule + Article 0 EVIDENCE_GROUNDED dimension already establish this exact general principle.
CL-0647,L5_DGVA_v23_IMPLEMENTATION_STRICT_Autonomous_Remote_Transport_Recovery.md,RepeatedIRQService_PASS,INVARIANT_TOKEN,exact,V12,294,Repeated / Concurrent / Aggregated IRQ,4416,`RepeatedIRQService_PASS = true`,CANONICAL_EQUIVALENT,MEDIUM,"Parent-only module 'irq_de_command_service_sequence_join' (keyword overlap=2), not yet migrated to canonical -- M5+ pool item"
CL-0648,L5_DGVA_v23_IMPLEMENTATION_STRICT_Autonomous_Remote_Transport_Recovery.md,MultiIRQServiceArchitecture_PASS,INVARIANT_TOKEN,exact,V12,294,Repeated / Concurrent / Aggregated IRQ,4416,`MultiIRQServiceArchitecture_PASS = true`,CANONICAL_EQUIVALENT,MEDIUM,"Parent-only module 'irq_de_command_service_sequence_join' (keyword overlap=2), not yet migrated to canonical -- M5+ pool item"
CL-0649,L5_DGVA_v23_IMPLEMENTATION_STRICT_Autonomous_Remote_Transport_Recovery.md,AggregatedIRQFrontdoorDecode_PASS,INVARIANT_TOKEN,exact,V12,294,Repeated / Concurrent / Aggregated IRQ,4416,`AggregatedIRQFrontdoorDecode_PASS = true`,CANONICAL_EQUIVALENT,MEDIUM,"Parent-only module 'irq_frontdoor_register_access_gate' (keyword overlap=2), not yet migrated to canonical -- M5+ pool item"
CL-0650,L5_DGVA_v23_IMPLEMENTATION_STRICT_Autonomous_Remote_Transport_Recovery.md,IRQDeassertionValidation_PASS,INVARIANT_TOKEN,exact,V12,295,Deassertion / No Force,4429,`IRQDeassertionValidation_PASS = true`,CANONICAL_EQUIVALENT,MEDIUM,"Parent-only module 'irq_manifest_validation_state' (keyword overlap=2), not yet migrated to canonical -- M5+ pool item"
CL-0651,L5_DGVA_v23_IMPLEMENTATION_STRICT_Autonomous_Remote_Transport_Recovery.md,IRQCompletionForceFabrication_Count,INVARIANT_TOKEN,exact,V12,295,Deassertion / No Force,4429,`IRQCompletionForceFabrication_Count = 0`,UNKNOWN,LOW,"weak fuzzy match only (Parent module 'de_command_migration_completion_gate', overlap=1) -- insufficient confidence, needs individual semantic review"
CL-0652,L5_DGVA_v23_IMPLEMENTATION_STRICT_Autonomous_Remote_Transport_Recovery.md,Heuristic::295::842,MUST_NOT_STATEMENT,heuristic,V12,295,Deassertion / No Force,4429,Never force IRQ deassertion,CANONICAL_EQUIVALENT,MEDIUM,Parent's extensive irq_* module family (15+ real modules) already addresses IRQ-specific discipline; not yet migrated to canonical (M5+ pool item).
CL-0653,L5_DGVA_v23_IMPLEMENTATION_STRICT_Autonomous_Remote_Transport_Recovery.md,IRQResetBehavior_PASS,INVARIANT_TOKEN,exact,V12,296,Reset / Shutdown / Timeout,4438,`IRQResetBehavior_PASS = true`,CANONICAL_EQUIVALENT,MEDIUM,"Parent-only module 'irq_reset_shutdown_reconciliation_gate' (keyword overlap=2), not yet migrated to canonical -- M5+ pool item"
CL-0654,L5_DGVA_v23_IMPLEMENTATION_STRICT_Autonomous_Remote_Transport_Recovery.md,BranchFWShutdown_PASS,INVARIANT_TOKEN,exact,V12,296,Reset / Shutdown / Timeout,4438,`BranchFWShutdown_PASS = true`,UNKNOWN,LOW,"weak fuzzy match only (Parent module 'branch_b_protocol_drive_replacement', overlap=1) -- insufficient confidence, needs individual semantic review"
CL-0655,L5_DGVA_v23_IMPLEMENTATION_STRICT_Autonomous_Remote_Transport_Recovery.md,IRQServiceTimeoutPolicy_PASS,INVARIANT_TOKEN,exact,V12,296,Reset / Shutdown / Timeout,4438,`IRQServiceTimeoutPolicy_PASS = true`,CANONICAL_EQUIVALENT,MEDIUM,"Parent-only module 'irq_de_command_service_sequence_join' (keyword overlap=2), not yet migrated to canonical -- M5+ pool item"
CL-0656,L5_DGVA_v23_IMPLEMENTATION_STRICT_Autonomous_Remote_Transport_Recovery.md,Heuristic::296::846,MUST_NOT_STATEMENT,heuristic,V12,296,Reset / Shutdown / Timeout,4438,Reference/target evidence; do not invent arbitrary values.,CONSTITUTION_ALREADY_COVERS,MEDIUM,Canonical's Evidence Truth Rule + Article 0 EVIDENCE_GROUNDED dimension already establish this exact general principle.
CL-0657,L5_DGVA_v23_IMPLEMENTATION_STRICT_Autonomous_Remote_Transport_Recovery.md,IRQLogFirstFrontdoorAwareDebug_PASS,INVARIANT_TOKEN,exact,V12,297,IRQ Debug,4448,`IRQLogFirstFrontdoorAwareDebug_PASS = true`,CANONICAL_EQUIVALENT,MEDIUM,"Parent-only module 'irq_debug_readiness_aggregator' (keyword overlap=2), not yet migrated to canonical -- M5+ pool item"
CL-0658,L5_DGVA_v23_IMPLEMENTATION_STRICT_Autonomous_Remote_Transport_Recovery.md,IRQFunctionalCoverage_PASS,INVARIANT_TOKEN,exact,V12,298,IRQ vPlan / Coverage / Traceability,4459,`IRQFunctionalCoverage_PASS = true`,CANONICAL_EQUIVALENT,HIGH,canonical module 'amba_functional_coverage_ir' (keyword overlap=2)
CL-0659,L5_DGVA_v23_IMPLEMENTATION_STRICT_Autonomous_Remote_Transport_Recovery.md,IRQEndToEndVPlanTraceability_PASS,INVARIANT_TOKEN,exact,V12,298,IRQ vPlan / Coverage / Traceability,4459,`IRQEndToEndVPlanTraceability_PASS = true`,UNKNOWN,LOW,"weak fuzzy match only (Parent module 'd_irq_domain_split_scoping_gap', overlap=1) -- insufficient confidence, needs individual semantic review"
CL-0660,L5_DGVA_v23_IMPLEMENTATION_STRICT_Autonomous_Remote_Transport_Recovery.md,ScopeAwareIRQFWService_PASS,INVARIANT_TOKEN,exact,V12,299,Scope / Protocol Generalization,4472,`ScopeAwareIRQFWService_PASS = true`,UNKNOWN,LOW,"weak fuzzy match only (Parent module 'fsdb_scope_gap_classifier', overlap=1) -- insufficient confidence, needs individual semantic review"
CL-0661,L5_DGVA_v23_IMPLEMENTATION_STRICT_Autonomous_Remote_Transport_Recovery.md,ProtocolAgnosticIRQFWService_PASS,INVARIANT_TOKEN,exact,V12,299,Scope / Protocol Generalization,4472,`ProtocolAgnosticIRQFWService_PASS = true`,UNKNOWN,LOW,"weak fuzzy match only (Parent module 'bind_protocol_boundary_rule', overlap=1) -- insufficient confidence, needs individual semantic review"
CL-0662,L5_DGVA_v23_IMPLEMENTATION_STRICT_Autonomous_Remote_Transport_Recovery.md,IRQReferenceDifferential_PASS,INVARIANT_TOKEN,exact,V12,300,IRQ Reference Differential / Auto-Repair,4486,`IRQReferenceDifferential_PASS = true`,CANONICAL_EQUIVALENT,MEDIUM,"Parent-only module 'irq_reference_differential' (keyword overlap=3), not yet migrated to canonical -- M5+ pool item"
CL-0663,L5_DGVA_v23_IMPLEMENTATION_STRICT_Autonomous_Remote_Transport_Recovery.md,IRQAutoRepair_PASS,INVARIANT_TOKEN,exact,V12,300,IRQ Reference Differential / Auto-Repair,4486,`IRQAutoRepair_PASS = true`,UNKNOWN,LOW,"weak fuzzy match only (Parent module 'd_irq_domain_split_scoping_gap', overlap=1) -- insufficient confidence, needs individual semantic review"
CL-0664,L5_DGVA_v23_IMPLEMENTATION_STRICT_Autonomous_Remote_Transport_Recovery.md,HierarchyEventFrontdoorIRQServiceMethod_PASS,INVARIANT_TOKEN,exact,V12,301,Generic IRQ KC,4499,`HierarchyEventFrontdoorIRQServiceMethod_PASS = true`,CANONICAL_EQUIVALENT,MEDIUM,"Parent-only module 'reference_irq_event_to_service_flow_discovery' (keyword overlap=3), not yet migrated to canonical -- M5+ pool item"
CL-0665,L5_DGVA_v23_IMPLEMENTATION_STRICT_Autonomous_Remote_Transport_Recovery.md,IRQKCRuntimeTrigger_PASS,INVARIANT_TOKEN,exact,V12,301,Generic IRQ KC,4499,`IRQKCRuntimeTrigger_PASS = true`,UNKNOWN,LOW,"weak fuzzy match only (Parent module 'de_command_runtime_readiness_gate', overlap=1) -- insufficient confidence, needs individual semantic review"
CL-0666,L5_DGVA_v23_IMPLEMENTATION_STRICT_Autonomous_Remote_Transport_Recovery.md,ZeroReminderIRQFWService_PASS,INVARIANT_TOKEN,exact,V12,302,Zero-Reminder IRQ Governance,4514,`ZeroReminderIRQFWService_PASS = true`,CANONICAL_EQUIVALENT,MEDIUM,"Parent-only module 'e_domain_zero_reminder_governance_composite' (keyword overlap=2), not yet migrated to canonical -- M5+ pool item"
CL-0667,L5_DGVA_v23_IMPLEMENTATION_STRICT_Autonomous_Remote_Transport_Recovery.md,IRQFWGovernanceSelfRepair_PASS,INVARIANT_TOKEN,exact,V12,302,Zero-Reminder IRQ Governance,4514,`IRQFWGovernanceSelfRepair_PASS = true`,UNKNOWN,LOW,"weak fuzzy match only (Parent module 'autonomy_governance_failure_classifier', overlap=1) -- insufficient confidence, needs individual semantic review"
CL-0668,L5_DGVA_v23_IMPLEMENTATION_STRICT_Autonomous_Remote_Transport_Recovery.md,IRQFWComplianceGate_PASS,INVARIANT_TOKEN,exact,V12,303,STRICT IRQ Compliance Gate,4527,`IRQFWComplianceGate_PASS = true`,UNKNOWN,LOW,"weak fuzzy match only (Parent module 'canonical_reference_integration_baseline_gate', overlap=1) -- insufficient confidence, needs individual semantic review"
CL-0669,L5_DGVA_v23_IMPLEMENTATION_STRICT_Autonomous_Remote_Transport_Recovery.md,ProhibitedIRQBypassPattern_Count,INVARIANT_TOKEN,exact,V12,304,Prohibited IRQ Bypass Patterns,4535,`ProhibitedIRQBypassPattern_Count = 0`,CANONICAL_EQUIVALENT,MEDIUM,"Parent-only module 'prohibited_bypass_pattern_registry' (keyword overlap=3), not yet migrated to canonical -- M5+ pool item"
CL-0670,L5_DGVA_v23_IMPLEMENTATION_STRICT_Autonomous_Remote_Transport_Recovery.md,Heuristic::304::861,PROHIBITED_BEHAVIOR,heuristic,V12,304,Prohibited IRQ Bypass Patterns,4535,Prohibited: - APB status polling while hierarchy IRQ polling is,CANONICAL_EQUIVALENT,MEDIUM,Parent's extensive irq_* module family (15+ real modules) already addresses IRQ-specific discipline; not yet migrated to canonical (M5+ pool item).
CL-0671,L5_DGVA_v23_IMPLEMENTATION_STRICT_Autonomous_Remote_Transport_Recovery.md,StrictIRQRTLEvidenceReconciliation_PASS,INVARIANT_TOKEN,exact,V13,,(preamble),4575,`StrictIRQRTLEvidenceReconciliation_PASS = true`,UNKNOWN,LOW,"weak fuzzy match only (Parent module 'command_deep_study_evidence_gate', overlap=1) -- insufficient confidence, needs individual semantic review"
CL-0672,L5_DGVA_v23_IMPLEMENTATION_STRICT_Autonomous_Remote_Transport_Recovery.md,IRQEvidenceSilentOverride_Count,INVARIANT_TOKEN,exact,V13,,(preamble),4575,`IRQEvidenceSilentOverride_Count = 0`,CANONICAL_EQUIVALENT,MEDIUM,"Parent-only module 'irq_coverage_evidence_gate' (keyword overlap=2), not yet migrated to canonical -- M5+ pool item"
CL-0673,L5_DGVA_v23_IMPLEMENTATION_STRICT_Autonomous_Remote_Transport_Recovery.md,Heuristic::(preamble)::883,MUST_STATEMENT,heuristic,V13,,(preamble),4575,"enable/mask, clear/ack and service semantic MUST be cross-confirmed",UNKNOWN,LOW,did not match any defined bucket; not individually reviewed
CL-0674,L5_DGVA_v23_IMPLEMENTATION_STRICT_Autonomous_Remote_Transport_Recovery.md,IRQRTLSourceTrace_PASS,INVARIANT_TOKEN,exact,V13,306,Mandatory Effective RTL Source Trace,4596,`IRQRTLSourceTrace_PASS = true`,UNKNOWN,LOW,"weak fuzzy match only (Parent module 'command_task_trace', overlap=1) -- insufficient confidence, needs individual semantic review"
CL-0675,L5_DGVA_v23_IMPLEMENTATION_STRICT_Autonomous_Remote_Transport_Recovery.md,IRQEffectiveRTLIdentity_PASS,INVARIANT_TOKEN,exact,V13,307,Effective RTL Identity,4608,`IRQEffectiveRTLIdentity_PASS = true`,CANONICAL_EQUIVALENT,MEDIUM,"Parent-only module 'irq_effective_rtl_content_hash' (keyword overlap=3), not yet migrated to canonical -- M5+ pool item"
CL-0676,L5_DGVA_v23_IMPLEMENTATION_STRICT_Autonomous_Remote_Transport_Recovery.md,Heuristic::307::886,MUST_NOT_STATEMENT,heuristic,V13,307,Effective RTL Identity,4608,Do not claim RTL confirmation from a source that is not part of,UNKNOWN,LOW,did not match any defined bucket; not individually reviewed
CL-0677,L5_DGVA_v23_IMPLEMENTATION_STRICT_Autonomous_Remote_Transport_Recovery.md,IRQSourceToSignalTrace_PASS,INVARIANT_TOKEN,exact,V13,308,IRQ Source-to-Signal Trace,4617,`IRQSourceToSignalTrace_PASS = true`,CANONICAL_EQUIVALENT,MEDIUM,"Parent-only module 'irq_frontdoor_rtl_trace_guarantee' (keyword overlap=2), not yet migrated to canonical -- M5+ pool item"
CL-0678,L5_DGVA_v23_IMPLEMENTATION_STRICT_Autonomous_Remote_Transport_Recovery.md,IRQSourceToStatusTrace_PASS,INVARIANT_TOKEN,exact,V13,309,IRQ Source-to-Status/Flag Trace,4625,`IRQSourceToStatusTrace_PASS = true`,CANONICAL_EQUIVALENT,MEDIUM,"Parent-only module 'irq_frontdoor_rtl_trace_guarantee' (keyword overlap=2), not yet migrated to canonical -- M5+ pool item"
CL-0679,L5_DGVA_v23_IMPLEMENTATION_STRICT_Autonomous_Remote_Transport_Recovery.md,IRQStatusFlagRTLConfirmation_PASS,INVARIANT_TOKEN,exact,V13,309,IRQ Source-to-Status/Flag Trace,4625,`IRQStatusFlagRTLConfirmation_PASS = true`,CANONICAL_EQUIVALENT,MEDIUM,"Parent-only module 'irq_branch_rtl_address_region_join' (keyword overlap=2), not yet migrated to canonical -- M5+ pool item"
CL-0680,L5_DGVA_v23_IMPLEMENTATION_STRICT_Autonomous_Remote_Transport_Recovery.md,IRQEnableMaskRTLConfirmation_PASS,INVARIANT_TOKEN,exact,V13,310,Enable / Mask RTL Confirmation,4636,`IRQEnableMaskRTLConfirmation_PASS = true`,CANONICAL_EQUIVALENT,MEDIUM,"Parent-only module 'irq_branch_rtl_address_region_join' (keyword overlap=2), not yet migrated to canonical -- M5+ pool item"
CL-0681,L5_DGVA_v23_IMPLEMENTATION_STRICT_Autonomous_Remote_Transport_Recovery.md,IRQClearSemanticRTLConfirmation_PASS,INVARIANT_TOKEN,exact,V13,311,Clear / Ack RTL Confirmation,4644,`IRQClearSemanticRTLConfirmation_PASS = true`,CANONICAL_EQUIVALENT,MEDIUM,"Parent-only module 'irq_branch_a_semantic_separation' (keyword overlap=2), not yet migrated to canonical -- M5+ pool item"
CL-0682,L5_DGVA_v23_IMPLEMENTATION_STRICT_Autonomous_Remote_Transport_Recovery.md,Heuristic::311::892,MUST_NOT_STATEMENT,heuristic,V13,311,Clear / Ack RTL Confirmation,4644,Do not infer clear behavior from naming.,CONSTITUTION_ALREADY_COVERS,MEDIUM,Canonical's Evidence Truth Rule + Article 0 EVIDENCE_GROUNDED dimension already establish this exact general principle.
CL-0683,L5_DGVA_v23_IMPLEMENTATION_STRICT_Autonomous_Remote_Transport_Recovery.md,IRQRegisterAddressRTLConfirmation_PASS,INVARIANT_TOKEN,exact,V13,312,Register Address Decode Confirmation,4656,`IRQRegisterAddressRTLConfirmation_PASS = true`,CANONICAL_EQUIVALENT,HIGH,canonical module 'register_rtl_trace' (keyword overlap=2)
CL-0684,L5_DGVA_v23_IMPLEMENTATION_STRICT_Autonomous_Remote_Transport_Recovery.md,IRQMultiSourceEvidenceReconciliation_PASS,INVARIANT_TOKEN,exact,V13,313,IRQ Multi-Source Evidence Reconciliation,4666,`IRQMultiSourceEvidenceReconciliation_PASS = true`,CANONICAL_EQUIVALENT,MEDIUM,"Parent-only module 'irq_command_txt_register_map_reconciliation' (keyword overlap=2), not yet migrated to canonical -- M5+ pool item"
CL-0685,L5_DGVA_v23_IMPLEMENTATION_STRICT_Autonomous_Remote_Transport_Recovery.md,Artifact::IRQEvidenceReconciliationManifest,ARTIFACT_REQUIREMENT,exact,V13,313,IRQ Multi-Source Evidence Reconciliation,4666,Create `IRQEvidenceReconciliationManifest`,CANONICAL_EQUIVALENT,MEDIUM,irq_evidence_contradiction_artifact.py / irq_service_manifest_ss314_field_join.py
CL-0686,L5_DGVA_v23_IMPLEMENTATION_STRICT_Autonomous_Remote_Transport_Recovery.md,IRQEvidenceReconciliationManifest_PASS,INVARIANT_TOKEN,exact,V13,314,IRQEvidenceReconciliationManifest,4677,`IRQEvidenceReconciliationManifest_PASS = true`,CANONICAL_EQUIVALENT,MEDIUM,"Parent-only module 'irq_command_txt_register_map_reconciliation' (keyword overlap=2), not yet migrated to canonical -- M5+ pool item"
CL-0687,L5_DGVA_v23_IMPLEMENTATION_STRICT_Autonomous_Remote_Transport_Recovery.md,IRQEvidenceMatchClassification_PASS,INVARIANT_TOKEN,exact,V13,315,Evidence Match States,4690,`IRQEvidenceMatchClassification_PASS = true`,CANONICAL_EQUIVALENT,MEDIUM,"Parent-only module 'irq_coverage_evidence_gate' (keyword overlap=2), not yet migrated to canonical -- M5+ pool item"
CL-0688,L5_DGVA_v23_IMPLEMENTATION_STRICT_Autonomous_Remote_Transport_Recovery.md,Heuristic::315::898,MUST_NOT_STATEMENT,heuristic,V13,315,Evidence Match States,4690,Do not collapse CONTRADICTED into a confidence score.,UNKNOWN,LOW,did not match any defined bucket; not individually reviewed
CL-0689,L5_DGVA_v23_IMPLEMENTATION_STRICT_Autonomous_Remote_Transport_Recovery.md,IRQDocumentationRTLContradictionHandling_PASS,INVARIANT_TOKEN,exact,V13,316,Documentation-vs-RTL Contradiction,4700,`IRQDocumentationRTLContradictionHandling_PASS = true`,CANONICAL_EQUIVALENT,MEDIUM,"Parent-only module 'irq_branch_rtl_register_map_documentation_join' (keyword overlap=3), not yet migrated to canonical -- M5+ pool item"
CL-0690,L5_DGVA_v23_IMPLEMENTATION_STRICT_Autonomous_Remote_Transport_Recovery.md,NoAutomaticRTLWins_PASS,INVARIANT_TOKEN,exact,V13,317,Neither RTL nor Documentation Automatically Wins,4714,`NoAutomaticRTLWins_PASS = true`,UNKNOWN,LOW,"weak fuzzy match only (Parent module 'irq_branch_rtl_address_region_join', overlap=1) -- insufficient confidence, needs individual semantic review"
CL-0691,L5_DGVA_v23_IMPLEMENTATION_STRICT_Autonomous_Remote_Transport_Recovery.md,NoAutomaticDocumentWins_PASS,INVARIANT_TOKEN,exact,V13,317,Neither RTL nor Documentation Automatically Wins,4714,`NoAutomaticDocumentWins_PASS = true`,NEW_VALID_GOVERNANCE_REQUIREMENT,LOW,no fuzzy keyword match (0 overlap) against any of 498 Parent or canonical module names -- candidate for individual verification
CL-0692,L5_DGVA_v23_IMPLEMENTATION_STRICT_Autonomous_Remote_Transport_Recovery.md,Heuristic::317::902,MUST_NOT_STATEMENT,heuristic,V13,317,Neither RTL nor Documentation Automatically Wins,4714,"Claude CLI MUST NOT decide: ""RTL is newer, therefore RTL wins"" or",UNKNOWN,LOW,did not match any defined bucket; not individually reviewed
CL-0693,L5_DGVA_v23_IMPLEMENTATION_STRICT_Autonomous_Remote_Transport_Recovery.md,IRQContradictionUserConfirmationBoundary_PASS,INVARIANT_TOKEN,exact,V13,318,Mandatory User Confirmation Boundary for Material Contradiction,4723,`IRQContradictionUserConfirmationBoundary_PASS = true`,CANONICAL_EQUIVALENT,MEDIUM,"Parent-only module 'irq_contradiction_change_impact' (keyword overlap=2), not yet migrated to canonical -- M5+ pool item"
CL-0694,L5_DGVA_v23_IMPLEMENTATION_STRICT_Autonomous_Remote_Transport_Recovery.md,IRQEvidenceContradictionArtifact_PASS,INVARIANT_TOKEN,exact,V13,319,IRQEvidenceContradictionArtifact,4737,`IRQEvidenceContradictionArtifact_PASS = true`,CANONICAL_EQUIVALENT,MEDIUM,"Parent-only module 'irq_evidence_contradiction_artifact' (keyword overlap=4), not yet migrated to canonical -- M5+ pool item"
CL-0695,L5_DGVA_v23_IMPLEMENTATION_STRICT_Autonomous_Remote_Transport_Recovery.md,OpenSpecIRQRTLReconciliationSchema_PASS,INVARIANT_TOKEN,exact,V13,320,OpenSpec INTAKE RTL Reconciliation Fields,4747,`OpenSpecIRQRTLReconciliationSchema_PASS = true`,UNKNOWN,LOW,"weak fuzzy match only (Parent module 'control_plane_bridge_target_reconciliation', overlap=1) -- insufficient confidence, needs individual semantic review"
CL-0696,L5_DGVA_v23_IMPLEMENTATION_STRICT_Autonomous_Remote_Transport_Recovery.md,Heuristic::320::906,MUST_STATEMENT,heuristic,V13,320,OpenSpec INTAKE RTL Reconciliation Fields,4747,OpenSpec INTAKE Excel MUST additionally support semantic equivalents of:,UNKNOWN,LOW,did not match any defined bucket; not individually reviewed
CL-0697,L5_DGVA_v23_IMPLEMENTATION_STRICT_Autonomous_Remote_Transport_Recovery.md,OpenSpecIRQRTLReconciliationPreflight_PASS,INVARIANT_TOKEN,exact,V13,321,OpenSpec Preflight Extension,4766,`OpenSpecIRQRTLReconciliationPreflight_PASS = true`,UNKNOWN,LOW,"weak fuzzy match only (Parent module 'control_plane_bridge_target_reconciliation', overlap=1) -- insufficient confidence, needs individual semantic review"
CL-0698,L5_DGVA_v23_IMPLEMENTATION_STRICT_Autonomous_Remote_Transport_Recovery.md,IRQDocumentationRTLContradiction_Count,INVARIANT_TOKEN,exact,V13,322,Revised Branch-FW IRQ Generation Gate,4778,`IRQDocumentationRTLContradiction_Count = 0`,CANONICAL_EQUIVALENT,MEDIUM,"Parent-only module 'irq_branch_rtl_register_map_documentation_join' (keyword overlap=3), not yet migrated to canonical -- M5+ pool item"
CL-0699,L5_DGVA_v23_IMPLEMENTATION_STRICT_Autonomous_Remote_Transport_Recovery.md,BranchFWIRQRTLReconciledGenerationGate_PASS,INVARIANT_TOKEN,exact,V13,322,Revised Branch-FW IRQ Generation Gate,4778,`BranchFWIRQRTLReconciledGenerationGate_PASS = true`,CANONICAL_EQUIVALENT,MEDIUM,"Parent-only module 'irq_revised_branch_fw_generation_gate' (keyword overlap=3), not yet migrated to canonical -- M5+ pool item"
CL-0700,L5_DGVA_v23_IMPLEMENTATION_STRICT_Autonomous_Remote_Transport_Recovery.md,IRQServiceManifestDualEvidence_PASS,INVARIANT_TOKEN,exact,V13,323,Revised IRQServiceManifest Evidence,4796,`IRQServiceManifestDualEvidence_PASS = true`,CANONICAL_EQUIVALENT,MEDIUM,"Parent-only module 'irq_service_manifest' (keyword overlap=3), not yet migrated to canonical -- M5+ pool item"
CL-0701,L5_DGVA_v23_IMPLEMENTATION_STRICT_Autonomous_Remote_Transport_Recovery.md,IRQRTLTraceDoesNotReplaceFrontdoor_PASS,INVARIANT_TOKEN,exact,V13,324,Frontdoor Rule Remains Non-Violable,4805,`IRQRTLTraceDoesNotReplaceFrontdoor_PASS = true`,CANONICAL_EQUIVALENT,MEDIUM,"Parent-only module 'irq_frontdoor_rtl_trace_guarantee' (keyword overlap=2), not yet migrated to canonical -- M5+ pool item"
CL-0702,L5_DGVA_v23_IMPLEMENTATION_STRICT_Autonomous_Remote_Transport_Recovery.md,IRQRTLTracePollingSeparation_PASS,INVARIANT_TOKEN,exact,V13,325,RTL Trace Must Not Increase APB Polling,4816,`IRQRTLTracePollingSeparation_PASS = true`,UNKNOWN,LOW,"weak fuzzy match only (Parent module 'command_task_trace', overlap=1) -- insufficient confidence, needs individual semantic review"
CL-0703,L5_DGVA_v23_IMPLEMENTATION_STRICT_Autonomous_Remote_Transport_Recovery.md,Heuristic::325::926,MUST_NOT_STATEMENT,heuristic,V13,325,RTL Trace Must Not Increase APB Polling,4816,Do not convert RTL reconciliation into runtime APB status polling.,UNKNOWN,LOW,did not match any defined bucket; not individually reviewed
CL-0704,L5_DGVA_v23_IMPLEMENTATION_STRICT_Autonomous_Remote_Transport_Recovery.md,BranchAIRQRTLReconciliation_PASS,INVARIANT_TOKEN,exact,V13,326,branch-A RTL Reconciliation,4824,`BranchAIRQRTLReconciliation_PASS = true`,UNKNOWN,LOW,"weak fuzzy match only (Parent module 'branch_b_protocol_drive_replacement', overlap=1) -- insufficient confidence, needs individual semantic review"
CL-0705,L5_DGVA_v23_IMPLEMENTATION_STRICT_Autonomous_Remote_Transport_Recovery.md,BranchFWIRQRTLReconciliation_PASS,INVARIANT_TOKEN,exact,V13,327,branch-FW RTL Reconciliation,4832,`BranchFWIRQRTLReconciliation_PASS = true`,UNKNOWN,LOW,"weak fuzzy match only (Parent module 'branch_b_protocol_drive_replacement', overlap=1) -- insufficient confidence, needs individual semantic review"
CL-0706,L5_DGVA_v23_IMPLEMENTATION_STRICT_Autonomous_Remote_Transport_Recovery.md,AggregatedIRQRTLTrace_PASS,INVARIANT_TOKEN,exact,V13,328,Aggregated IRQ RTL Trace,4840,`AggregatedIRQRTLTrace_PASS = true`,UNKNOWN,LOW,"weak fuzzy match only (Parent module 'command_task_trace', overlap=1) -- insufficient confidence, needs individual semantic review"
CL-0707,L5_DGVA_v23_IMPLEMENTATION_STRICT_Autonomous_Remote_Transport_Recovery.md,MultiIRQConsistencyMatrix_PASS,INVARIANT_TOKEN,exact,V13,329,Multi-IRQ Consistency,4848,`MultiIRQConsistencyMatrix_PASS = true`,CANONICAL_EQUIVALENT,MEDIUM,"Parent-only module 'irq_branch_rtl_consistency_matrix' (keyword overlap=3), not yet migrated to canonical -- M5+ pool item"
CL-0708,L5_DGVA_v23_IMPLEMENTATION_STRICT_Autonomous_Remote_Transport_Recovery.md,IRQVerificationBoundaryTruth_PASS,INVARIANT_TOKEN,exact,V13,330,IRQ Verification Boundary Truth,4856,`IRQVerificationBoundaryTruth_PASS = true`,CANONICAL_EQUIVALENT,HIGH,canonical module 'verification_boundary_ir' (keyword overlap=2)
CL-0709,L5_DGVA_v23_IMPLEMENTATION_STRICT_Autonomous_Remote_Transport_Recovery.md,Heuristic::330::932,MUST_NOT_STATEMENT,heuristic,V13,330,IRQ Verification Boundary Truth,4856,Do not declare IRQ verification ready merely because: - hierarchy signal,CANONICAL_EQUIVALENT,MEDIUM,Parent's extensive irq_* module family (15+ real modules) already addresses IRQ-specific discipline; not yet migrated to canonical (M5+ pool item).
CL-0710,L5_DGVA_v23_IMPLEMENTATION_STRICT_Autonomous_Remote_Transport_Recovery.md,IRQContradictionChangeImpact_PASS,INVARIANT_TOKEN,exact,V13,331,Contradiction Change Impact,4866,`IRQContradictionChangeImpact_PASS = true`,CANONICAL_EQUIVALENT,HIGH,canonical module 'change_impact' (keyword overlap=2)
CL-0711,L5_DGVA_v23_IMPLEMENTATION_STRICT_Autonomous_Remote_Transport_Recovery.md,IRQContradictionAutomaticResume_PASS,INVARIANT_TOKEN,exact,V13,332,Automatic Resume After User Confirmation,4877,`IRQContradictionAutomaticResume_PASS = true`,CANONICAL_EQUIVALENT,MEDIUM,"Parent-only module 'irq_contradiction_change_impact' (keyword overlap=2), not yet migrated to canonical -- M5+ pool item"
CL-0712,L5_DGVA_v23_IMPLEMENTATION_STRICT_Autonomous_Remote_Transport_Recovery.md,IRQRTLTraceAwareDebug_PASS,INVARIANT_TOKEN,exact,V13,333,IRQ Debug Uses RTL Trace as Evidence,4888,`IRQRTLTraceAwareDebug_PASS = true`,UNKNOWN,LOW,"weak fuzzy match only (Parent module 'command_task_trace', overlap=1) -- insufficient confidence, needs individual semantic review"
CL-0713,L5_DGVA_v23_IMPLEMENTATION_STRICT_Autonomous_Remote_Transport_Recovery.md,IRQEvidenceConfirmedCoverage_PASS,INVARIANT_TOKEN,exact,V13,334,IRQ Coverage Includes Evidence-Confirmed Semantics,4898,`IRQEvidenceConfirmedCoverage_PASS = true`,CANONICAL_EQUIVALENT,MEDIUM,"Parent-only module 'irq_coverage_evidence_gate' (keyword overlap=3), not yet migrated to canonical -- M5+ pool item"
CL-0714,L5_DGVA_v23_IMPLEMENTATION_STRICT_Autonomous_Remote_Transport_Recovery.md,IRQRTLEvidenceReconciliationKC_PASS,INVARIANT_TOKEN,exact,V13,335,IRQ KC Extension,4906,`IRQRTLEvidenceReconciliationKC_PASS = true`,UNKNOWN,LOW,"weak fuzzy match only (Parent module 'command_deep_study_evidence_gate', overlap=1) -- insufficient confidence, needs individual semantic review"
CL-0715,L5_DGVA_v23_IMPLEMENTATION_STRICT_Autonomous_Remote_Transport_Recovery.md,ZeroReminderIRQRTLReconciliation_PASS,INVARIANT_TOKEN,exact,V13,336,Zero-Reminder RTL Reconciliation Governance,4917,`ZeroReminderIRQRTLReconciliation_PASS = true`,CANONICAL_EQUIVALENT,MEDIUM,"Parent-only module 'e_domain_zero_reminder_governance_composite' (keyword overlap=2), not yet migrated to canonical -- M5+ pool item"
CL-0716,L5_DGVA_v23_IMPLEMENTATION_STRICT_Autonomous_Remote_Transport_Recovery.md,IRQRTLReconciliationGovernanceSelfRepair_PASS,INVARIANT_TOKEN,exact,V13,336,Zero-Reminder RTL Reconciliation Governance,4917,`IRQRTLReconciliationGovernanceSelfRepair_PASS = true`,UNKNOWN,LOW,"weak fuzzy match only (Parent module 'autonomy_governance_failure_classifier', overlap=1) -- insufficient confidence, needs individual semantic review"
CL-0717,L5_DGVA_v23_IMPLEMENTATION_STRICT_Autonomous_Remote_Transport_Recovery.md,ProhibitedIRQRTLReconciliationBypass_Count,INVARIANT_TOKEN,exact,V13,337,Prohibited RTL Reconciliation Bypasses,4929,`ProhibitedIRQRTLReconciliationBypass_Count = 0`,CANONICAL_EQUIVALENT,MEDIUM,"Parent-only module 'prohibited_bypass_pattern_registry' (keyword overlap=2), not yet migrated to canonical -- M5+ pool item"
CL-0718,L5_DGVA_v23_IMPLEMENTATION_STRICT_Autonomous_Remote_Transport_Recovery.md,Heuristic::337::941,PROHIBITED_BEHAVIOR,heuristic,V13,337,Prohibited RTL Reconciliation Bypasses,4929,Prohibited: - confirming IRQ only from documents without required,CANONICAL_EQUIVALENT,MEDIUM,Parent's extensive irq_* module family (15+ real modules) already addresses IRQ-specific discipline; not yet migrated to canonical (M5+ pool item).
CL-0719,L5_DGVA_v23_IMPLEMENTATION_STRICT_Autonomous_Remote_Transport_Recovery.md,IRQRTLReconciliationComplianceGate_PASS,INVARIANT_TOKEN,exact,V13,338,V13 STRICT Compliance Gate,4941,`IRQRTLReconciliationComplianceGate_PASS = true`,CANONICAL_EQUIVALENT,MEDIUM,"Parent-only module 'irq_reset_shutdown_reconciliation_gate' (keyword overlap=2), not yet migrated to canonical -- M5+ pool item"
CL-0720,L5_DGVA_v23_IMPLEMENTATION_STRICT_Autonomous_Remote_Transport_Recovery.md,Heuristic::338::945,MUST_NOT_STATEMENT,heuristic,V13,338,V13 STRICT Compliance Gate,4941,Otherwise do not mark PASS or advance dependent state.,UNKNOWN,LOW,did not match any defined bucket; not individually reviewed
CL-0721,L5_DGVA_v23_IMPLEMENTATION_STRICT_Autonomous_Remote_Transport_Recovery.md,L5DGVAEightEngineRuntimeEnforcement_PASS,INVARIANT_TOKEN,exact,V14,,(preamble),4982,`L5DGVAEightEngineRuntimeEnforcement_PASS = true`,CANONICAL_EQUIVALENT,MEDIUM,"Parent-only module 'eight_engine_runtime_proof_matrix' (keyword overlap=3), not yet migrated to canonical -- M5+ pool item"
CL-0722,L5_DGVA_v23_IMPLEMENTATION_STRICT_Autonomous_Remote_Transport_Recovery.md,Heuristic::(preamble)::965,MUST_STATEMENT,heuristic,V14,,(preamble),4982,"Claude CLI MUST prove that each applicable engine is IMPLEMENTED, WIRED,",UNKNOWN,LOW,did not match any defined bucket; not individually reviewed
CL-0723,L5_DGVA_v23_IMPLEMENTATION_STRICT_Autonomous_Remote_Transport_Recovery.md,EightEngineMaturityModel_PASS,INVARIANT_TOKEN,exact,V14,340,Universal Engine Maturity State,5001,`EightEngineMaturityModel_PASS = true`,CANONICAL_EQUIVALENT,MEDIUM,"Parent-only module 'eight_engine_runtime_proof_matrix' (keyword overlap=2), not yet migrated to canonical -- M5+ pool item"
CL-0724,L5_DGVA_v23_IMPLEMENTATION_STRICT_Autonomous_Remote_Transport_Recovery.md,DefinedButNotWired_Count,INVARIANT_TOKEN,exact,V14,341,No Definition-Equals-Execution False Pass,5011,`DefinedButNotWired_Count = 0`,UNKNOWN,LOW,"weak fuzzy match only (Parent module 'l5dgva_documented_not_implemented_boundary_artifact_gate', overlap=1) -- insufficient confidence, needs individual semantic review"
CL-0725,L5_DGVA_v23_IMPLEMENTATION_STRICT_Autonomous_Remote_Transport_Recovery.md,WiredButNotInvoked_Count,INVARIANT_TOKEN,exact,V14,341,No Definition-Equals-Execution False Pass,5011,`WiredButNotInvoked_Count = 0`,UNKNOWN,LOW,"weak fuzzy match only (Parent module 'l5dgva_documented_not_implemented_boundary_artifact_gate', overlap=1) -- insufficient confidence, needs individual semantic review"
CL-0726,L5_DGVA_v23_IMPLEMENTATION_STRICT_Autonomous_Remote_Transport_Recovery.md,ArtifactProducedButNotConsumed_Count,INVARIANT_TOKEN,exact,V14,341,No Definition-Equals-Execution False Pass,5011,`ArtifactProducedButNotConsumed_Count = 0`,CANONICAL_EQUIVALENT,MEDIUM,"Parent-only module 'l5dgva_documented_not_implemented_boundary_artifact_gate' (keyword overlap=2), not yet migrated to canonical -- M5+ pool item"
CL-0727,L5_DGVA_v23_IMPLEMENTATION_STRICT_Autonomous_Remote_Transport_Recovery.md,EightEngineRuntimeProofMatrix_PASS,INVARIANT_TOKEN,exact,V14,342,EightEngineRuntimeProofMatrix,5020,`EightEngineRuntimeProofMatrix_PASS = true`,CANONICAL_EQUIVALENT,MEDIUM,"Parent-only module 'eight_engine_runtime_proof_matrix' (keyword overlap=5), not yet migrated to canonical -- M5+ pool item"
CL-0728,L5_DGVA_v23_IMPLEMENTATION_STRICT_Autonomous_Remote_Transport_Recovery.md,Artifact::EightEngineRuntimeProofMatrix,ARTIFACT_REQUIREMENT,exact,V14,342,EightEngineRuntimeProofMatrix,5020,create `EightEngineRuntimeProofMatrix`,CANONICAL_EQUIVALENT,MEDIUM,eight_engine_runtime_proof_matrix.py
CL-0729,L5_DGVA_v23_IMPLEMENTATION_STRICT_Autonomous_Remote_Transport_Recovery.md,AutonomousInferenceEngineRuntime_PASS,INVARIANT_TOKEN,exact,V14,343,Autonomous Inference Engine Runtime,5031,`AutonomousInferenceEngineRuntime_PASS = true`,CANONICAL_EQUIVALENT,MEDIUM,"Parent-only module 'eight_engine_runtime_proof_matrix' (keyword overlap=2), not yet migrated to canonical -- M5+ pool item"
CL-0730,L5_DGVA_v23_IMPLEMENTATION_STRICT_Autonomous_Remote_Transport_Recovery.md,InferenceDecisionArtifact_PASS,INVARIANT_TOKEN,exact,V14,343,Autonomous Inference Engine Runtime,5031,`InferenceDecisionArtifact_PASS = true`,UNKNOWN,LOW,"weak fuzzy match only (Parent module 'behavioral_violation_artifact_registry', overlap=1) -- insufficient confidence, needs individual semantic review"
CL-0731,L5_DGVA_v23_IMPLEMENTATION_STRICT_Autonomous_Remote_Transport_Recovery.md,Heuristic::343::974,MUST_NOT_STATEMENT,heuristic,V14,343,Autonomous Inference Engine Runtime,5031,Do not jump from symptom to conclusion without evidence-grounded,CONSTITUTION_ALREADY_COVERS,MEDIUM,Canonical's Evidence Truth Rule + Article 0 EVIDENCE_GROUNDED dimension already establish this exact general principle.
CL-0732,L5_DGVA_v23_IMPLEMENTATION_STRICT_Autonomous_Remote_Transport_Recovery.md,InferenceToExecutionFeedback_PASS,INVARIANT_TOKEN,exact,V14,344,Inference Engine Next-Best Action,5044,`InferenceToExecutionFeedback_PASS = true`,UNKNOWN,LOW,"weak fuzzy match only (Parent module 'inference', overlap=1) -- insufficient confidence, needs individual semantic review"
CL-0733,L5_DGVA_v23_IMPLEMENTATION_STRICT_Autonomous_Remote_Transport_Recovery.md,GraphOrchestratorRuntime_PASS,INVARIANT_TOKEN,exact,V14,345,Graph Orchestrator Runtime,5052,`GraphOrchestratorRuntime_PASS = true`,CANONICAL_EQUIVALENT,MEDIUM,"Parent-only module 'kc_knowledge_runtime_graph' (keyword overlap=2), not yet migrated to canonical -- M5+ pool item"
CL-0734,L5_DGVA_v23_IMPLEMENTATION_STRICT_Autonomous_Remote_Transport_Recovery.md,GraphTransitionEvidence_PASS,INVARIANT_TOKEN,exact,V14,345,Graph Orchestrator Runtime,5052,`GraphTransitionEvidence_PASS = true`,CANONICAL_EQUIVALENT,HIGH,canonical module 'dut_power_state_transition_graph' (keyword overlap=2)
CL-0735,L5_DGVA_v23_IMPLEMENTATION_STRICT_Autonomous_Remote_Transport_Recovery.md,GraphOrchestratorBypass_Count,INVARIANT_TOKEN,exact,V14,345,Graph Orchestrator Runtime,5052,`GraphOrchestratorBypass_Count = 0`,UNKNOWN,LOW,"weak fuzzy match only (Parent module 'ai_engine_bypass_detector', overlap=1) -- insufficient confidence, needs individual semantic review"
CL-0736,L5_DGVA_v23_IMPLEMENTATION_STRICT_Autonomous_Remote_Transport_Recovery.md,RequiredGraphEdgeMissing_Count,INVARIANT_TOKEN,exact,V14,346,Graph Wiring Completeness,5065,`RequiredGraphEdgeMissing_Count = 0`,UNKNOWN,LOW,"weak fuzzy match only (Parent module 'amba_fabric_graph_ir', overlap=1) -- insufficient confidence, needs individual semantic review"
CL-0737,L5_DGVA_v23_IMPLEMENTATION_STRICT_Autonomous_Remote_Transport_Recovery.md,GateDefinedButNotWired_Count,INVARIANT_TOKEN,exact,V14,346,Graph Wiring Completeness,5065,`GateDefinedButNotWired_Count = 0`,CANONICAL_EQUIVALENT,MEDIUM,"Parent-only module 'l5dgva_documented_not_implemented_boundary_artifact_gate' (keyword overlap=2), not yet migrated to canonical -- M5+ pool item"
CL-0738,L5_DGVA_v23_IMPLEMENTATION_STRICT_Autonomous_Remote_Transport_Recovery.md,GraphContractMapping_PASS,INVARIANT_TOKEN,exact,V14,346,Graph Wiring Completeness,5065,`GraphContractMapping_PASS = true`,UNKNOWN,LOW,"weak fuzzy match only (Parent module 'amba_fabric_graph_ir', overlap=1) -- insufficient confidence, needs individual semantic review"
CL-0739,L5_DGVA_v23_IMPLEMENTATION_STRICT_Autonomous_Remote_Transport_Recovery.md,MultiAgentOrchestratorRuntime_PASS,INVARIANT_TOKEN,exact,V14,347,Multi-Agent Orchestrator Runtime,5073,`MultiAgentOrchestratorRuntime_PASS = true`,CANONICAL_EQUIVALENT,HIGH,canonical module 'multi_agent' (keyword overlap=2)
CL-0740,L5_DGVA_v23_IMPLEMENTATION_STRICT_Autonomous_Remote_Transport_Recovery.md,MultiAgentDispatchEvidence_PASS,INVARIANT_TOKEN,exact,V14,347,Multi-Agent Orchestrator Runtime,5073,`MultiAgentDispatchEvidence_PASS = true`,CANONICAL_EQUIVALENT,HIGH,canonical module 'agent_dispatch' (keyword overlap=2)
CL-0741,L5_DGVA_v23_IMPLEMENTATION_STRICT_Autonomous_Remote_Transport_Recovery.md,Heuristic::347::984,MUST_NOT_STATEMENT,heuristic,V14,347,Multi-Agent Orchestrator Runtime,5073,Do not spawn agents merely to satisfy a metric; single-agent execution,UNKNOWN,LOW,did not match any defined bucket; not individually reviewed
CL-0742,L5_DGVA_v23_IMPLEMENTATION_STRICT_Autonomous_Remote_Transport_Recovery.md,AgentResultValidated_PASS,INVARIANT_TOKEN,exact,V14,348,Agent Result Consumption,5085,`AgentResultValidated_PASS = true`,UNKNOWN,LOW,"weak fuzzy match only (Parent module 'agent_checkpoint_check', overlap=1) -- insufficient confidence, needs individual semantic review"
CL-0743,L5_DGVA_v23_IMPLEMENTATION_STRICT_Autonomous_Remote_Transport_Recovery.md,AgentResultConsumed_PASS,INVARIANT_TOKEN,exact,V14,348,Agent Result Consumption,5085,`AgentResultConsumed_PASS = true`,UNKNOWN,LOW,"weak fuzzy match only (Parent module 'agent_checkpoint_check', overlap=1) -- insufficient confidence, needs individual semantic review"
CL-0744,L5_DGVA_v23_IMPLEMENTATION_STRICT_Autonomous_Remote_Transport_Recovery.md,RouteSkillResolverRuntime_PASS,INVARIANT_TOKEN,exact,V14,349,Route & Skill Resolver Runtime,5093,`RouteSkillResolverRuntime_PASS = true`,CANONICAL_EQUIVALENT,HIGH,canonical module 'skill_resolver' (keyword overlap=2)
CL-0745,L5_DGVA_v23_IMPLEMENTATION_STRICT_Autonomous_Remote_Transport_Recovery.md,SkillPathGuess_Count,INVARIANT_TOKEN,exact,V14,349,Route & Skill Resolver Runtime,5093,`SkillPathGuess_Count = 0`,UNKNOWN,LOW,"weak fuzzy match only (Parent module 'l5dgva_v5_phase_kc_reference_skill_registries', overlap=1) -- insufficient confidence, needs individual semantic review"
CL-0746,L5_DGVA_v23_IMPLEMENTATION_STRICT_Autonomous_Remote_Transport_Recovery.md,ApplicableSkillMiss_Count,INVARIANT_TOKEN,exact,V14,349,Route & Skill Resolver Runtime,5093,`ApplicableSkillMiss_Count = 0`,UNKNOWN,LOW,"weak fuzzy match only (Parent module 'l5dgva_v5_phase_kc_reference_skill_registries', overlap=1) -- insufficient confidence, needs individual semantic review"
CL-0747,L5_DGVA_v23_IMPLEMENTATION_STRICT_Autonomous_Remote_Transport_Recovery.md,Heuristic::349::990,MUST_NOT_STATEMENT,heuristic,V14,349,Route & Skill Resolver Runtime,5093,Never guess skill paths as the primary routing mechanism.,UNKNOWN,LOW,did not match any defined bucket; not individually reviewed
CL-0748,L5_DGVA_v23_IMPLEMENTATION_STRICT_Autonomous_Remote_Transport_Recovery.md,SkillApplicationEvidence_PASS,INVARIANT_TOKEN,exact,V14,350,Skill Application Evidence,5104,`SkillApplicationEvidence_PASS = true`,UNKNOWN,LOW,"weak fuzzy match only (Parent module 'command_deep_study_evidence_gate', overlap=1) -- insufficient confidence, needs individual semantic review"
CL-0749,L5_DGVA_v23_IMPLEMENTATION_STRICT_Autonomous_Remote_Transport_Recovery.md,PlanExecuteReActRuntime_PASS,INVARIANT_TOKEN,exact,V14,351,Plan-and-Execute / ReAct Runtime,5111,`PlanExecuteReActRuntime_PASS = true`,UNKNOWN,LOW,"weak fuzzy match only (Parent module 'de_command_runtime_readiness_gate', overlap=1) -- insufficient confidence, needs individual semantic review"
CL-0750,L5_DGVA_v23_IMPLEMENTATION_STRICT_Autonomous_Remote_Transport_Recovery.md,ReActObservationPlanUpdate_PASS,INVARIANT_TOKEN,exact,V14,351,Plan-and-Execute / ReAct Runtime,5111,`ReActObservationPlanUpdate_PASS = true`,UNKNOWN,LOW,"weak fuzzy match only (Parent module 'l5dgva_v5_ss86_understanding_plan_contradiction_taxonomy', overlap=1) -- insufficient confidence, needs individual semantic review"
CL-0751,L5_DGVA_v23_IMPLEMENTATION_STRICT_Autonomous_Remote_Transport_Recovery.md,UnplannedBlindAction_Count,INVARIANT_TOKEN,exact,V14,352,No Blind Action,5122,`UnplannedBlindAction_Count = 0`,UNKNOWN,LOW,"weak fuzzy match only (Parent module 'autonomous_resume_next_action_arbitration', overlap=1) -- insufficient confidence, needs individual semantic review"
CL-0752,L5_DGVA_v23_IMPLEMENTATION_STRICT_Autonomous_Remote_Transport_Recovery.md,BlackboardEvidenceEngineRuntime_PASS,INVARIANT_TOKEN,exact,V14,353,Blackboard / Evidence Engine Runtime,5129,`BlackboardEvidenceEngineRuntime_PASS = true`,CANONICAL_EQUIVALENT,MEDIUM,"Parent-only module 'eight_engine_runtime_proof_matrix' (keyword overlap=2), not yet migrated to canonical -- M5+ pool item"
CL-0753,L5_DGVA_v23_IMPLEMENTATION_STRICT_Autonomous_Remote_Transport_Recovery.md,BlackboardAuthoritativeState_PASS,INVARIANT_TOKEN,exact,V14,353,Blackboard / Evidence Engine Runtime,5129,`BlackboardAuthoritativeState_PASS = true`,UNKNOWN,LOW,"weak fuzzy match only (Parent module 'blackboard', overlap=1) -- insufficient confidence, needs individual semantic review"
CL-0754,L5_DGVA_v23_IMPLEMENTATION_STRICT_Autonomous_Remote_Transport_Recovery.md,BlackboardEvidenceProvenance_PASS,INVARIANT_TOKEN,exact,V14,354,Evidence Provenance,5141,`BlackboardEvidenceProvenance_PASS = true`,CANONICAL_EQUIVALENT,HIGH,canonical module 'evidence_provenance' (keyword overlap=2)
CL-0755,L5_DGVA_v23_IMPLEMENTATION_STRICT_Autonomous_Remote_Transport_Recovery.md,SilentEvidenceContradiction_Count,INVARIANT_TOKEN,exact,V14,354,Evidence Provenance,5141,`SilentEvidenceContradiction_Count = 0`,CANONICAL_EQUIVALENT,MEDIUM,"Parent-only module 'irq_evidence_contradiction_artifact' (keyword overlap=2), not yet migrated to canonical -- M5+ pool item"
CL-0756,L5_DGVA_v23_IMPLEMENTATION_STRICT_Autonomous_Remote_Transport_Recovery.md,FiveLevelMemoryEngineRuntime_PASS,INVARIANT_TOKEN,exact,V14,355,Five-Level Memory Runtime,5149,`FiveLevelMemoryEngineRuntime_PASS = true`,CANONICAL_EQUIVALENT,MEDIUM,"Parent-only module 'eight_engine_runtime_proof_matrix' (keyword overlap=2), not yet migrated to canonical -- M5+ pool item"
CL-0757,L5_DGVA_v23_IMPLEMENTATION_STRICT_Autonomous_Remote_Transport_Recovery.md,MemoryPromotionGovernance_PASS,INVARIANT_TOKEN,exact,V14,355,Five-Level Memory Runtime,5149,`MemoryPromotionGovernance_PASS = true`,UNKNOWN,LOW,"weak fuzzy match only (Parent module 'autonomy_governance_failure_classifier', overlap=1) -- insufficient confidence, needs individual semantic review"
CL-0758,L5_DGVA_v23_IMPLEMENTATION_STRICT_Autonomous_Remote_Transport_Recovery.md,ApplicableMemoryRuntimeReuse_PASS,INVARIANT_TOKEN,exact,V14,356,Runtime Memory Recall,5160,`ApplicableMemoryRuntimeReuse_PASS = true`,UNKNOWN,LOW,"weak fuzzy match only (Parent module 'de_command_runtime_readiness_gate', overlap=1) -- insufficient confidence, needs individual semantic review"
CL-0759,L5_DGVA_v23_IMPLEMENTATION_STRICT_Autonomous_Remote_Transport_Recovery.md,KCRuntimeOperationalization_PASS,INVARIANT_TOKEN,exact,V14,357,KC Operational Completion,5170,`KCRuntimeOperationalization_PASS = true`,UNKNOWN,LOW,"weak fuzzy match only (Parent module 'de_command_runtime_readiness_gate', overlap=1) -- insufficient confidence, needs individual semantic review"
CL-0760,L5_DGVA_v23_IMPLEMENTATION_STRICT_Autonomous_Remote_Transport_Recovery.md,QualificationSignoffEngineRuntime_PASS,INVARIANT_TOKEN,exact,V14,358,Qualification / Signoff Engine Runtime,5180,`QualificationSignoffEngineRuntime_PASS = true`,CANONICAL_EQUIVALENT,MEDIUM,"Parent-only module 'eight_engine_runtime_proof_matrix' (keyword overlap=2), not yet migrated to canonical -- M5+ pool item"
CL-0761,L5_DGVA_v23_IMPLEMENTATION_STRICT_Autonomous_Remote_Transport_Recovery.md,SignoffEvidenceConsumption_PASS,INVARIANT_TOKEN,exact,V14,358,Qualification / Signoff Engine Runtime,5180,`SignoffEvidenceConsumption_PASS = true`,CANONICAL_EQUIVALENT,MEDIUM,"Parent-only module 'signoff_evidence_truth_gate' (keyword overlap=2), not yet migrated to canonical -- M5+ pool item"
CL-0762,L5_DGVA_v23_IMPLEMENTATION_STRICT_Autonomous_Remote_Transport_Recovery.md,QualificationTruthGate_PASS,INVARIANT_TOKEN,exact,V14,359,Qualification Truth,5191,`QualificationTruthGate_PASS = true`,CANONICAL_EQUIVALENT,MEDIUM,"Parent-only module 'debug_kc_generalization_truth_gate' (keyword overlap=2), not yet migrated to canonical -- M5+ pool item"
CL-0763,L5_DGVA_v23_IMPLEMENTATION_STRICT_Autonomous_Remote_Transport_Recovery.md,EightEngineApplicabilityResolver_PASS,INVARIANT_TOKEN,exact,V14,360,Engine Applicability Resolver,5199,`EightEngineApplicabilityResolver_PASS = true`,CANONICAL_EQUIVALENT,MEDIUM,"Parent-only module 'engine_applicability_resolver' (keyword overlap=3), not yet migrated to canonical -- M5+ pool item"
CL-0764,L5_DGVA_v23_IMPLEMENTATION_STRICT_Autonomous_Remote_Transport_Recovery.md,AIEngineBypassDetector_PASS,INVARIANT_TOKEN,exact,V14,361,AI Engine Bypass Detector,5206,`AIEngineBypassDetector_PASS = true`,CANONICAL_EQUIVALENT,MEDIUM,"Parent-only module 'ai_engine_bypass_detector' (keyword overlap=3), not yet migrated to canonical -- M5+ pool item"
CL-0765,L5_DGVA_v23_IMPLEMENTATION_STRICT_Autonomous_Remote_Transport_Recovery.md,UndetectedApplicableEngineBypass_Count,INVARIANT_TOKEN,exact,V14,361,AI Engine Bypass Detector,5206,`UndetectedApplicableEngineBypass_Count = 0`,CANONICAL_EQUIVALENT,MEDIUM,"Parent-only module 'ai_engine_bypass_detector' (keyword overlap=2), not yet migrated to canonical -- M5+ pool item"
CL-0766,L5_DGVA_v23_IMPLEMENTATION_STRICT_Autonomous_Remote_Transport_Recovery.md,Artifact::AI_ENGINE_BYPASS_DETECTED,ARTIFACT_REQUIREMENT,exact,V14,361,AI Engine Bypass Detector,5206,create `AI_ENGINE_BYPASS_DETECTED`,CANONICAL_EQUIVALENT,MEDIUM,ai_engine_bypass_detector.py
CL-0767,L5_DGVA_v23_IMPLEMENTATION_STRICT_Autonomous_Remote_Transport_Recovery.md,MetaArchitectureFailureClassification_PASS,INVARIANT_TOKEN,exact,V14,362,Meta-Architecture Failure Classification,5219,`MetaArchitectureFailureClassification_PASS = true`,CANONICAL_EQUIVALENT,MEDIUM,"Parent-only module 'kc_lifecycle_operationalization_meta_failure' (keyword overlap=2), not yet migrated to canonical -- M5+ pool item"
CL-0768,L5_DGVA_v23_IMPLEMENTATION_STRICT_Autonomous_Remote_Transport_Recovery.md,LocalAndMetaRepair_PASS,INVARIANT_TOKEN,exact,V14,363,Local Fix Is Not Enough,5231,`LocalAndMetaRepair_PASS = true`,CANONICAL_EQUIVALENT,MEDIUM,"Parent-only module 'l5dgva_meta_root_cause_and_registry_consumer_audit' (keyword overlap=2), not yet migrated to canonical -- M5+ pool item"
CL-0769,L5_DGVA_v23_IMPLEMENTATION_STRICT_Autonomous_Remote_Transport_Recovery.md,L5DGVAMetaSelfHealingLoop_PASS,INVARIANT_TOKEN,exact,V14,364,Meta Self-Healing Loop,5239,`L5DGVAMetaSelfHealingLoop_PASS = true`,CANONICAL_EQUIVALENT,HIGH,canonical module 'bounded_self_healing' (keyword overlap=2)
CL-0770,L5_DGVA_v23_IMPLEMENTATION_STRICT_Autonomous_Remote_Transport_Recovery.md,SelfHealingWithoutRegression_Count,INVARIANT_TOKEN,exact,V14,365,Harness Regression Is Mandatory,5250,`SelfHealingWithoutRegression_Count = 0`,CANONICAL_EQUIVALENT,HIGH,canonical module 'bounded_self_healing' (keyword overlap=2)
CL-0771,L5_DGVA_v23_IMPLEMENTATION_STRICT_Autonomous_Remote_Transport_Recovery.md,MetaRepairHarnessRegression_PASS,INVARIANT_TOKEN,exact,V14,365,Harness Regression Is Mandatory,5250,`MetaRepairHarnessRegression_PASS = true`,CANONICAL_EQUIVALENT,MEDIUM,"Parent-only module 'kc_v18_harness_regression_qualification_gate' (keyword overlap=2), not yet migrated to canonical -- M5+ pool item"
CL-0772,L5_DGVA_v23_IMPLEMENTATION_STRICT_Autonomous_Remote_Transport_Recovery.md,MetaRepairOriginalFailureReplay_PASS,INVARIANT_TOKEN,exact,V14,366,Original Failure Replay,5258,`MetaRepairOriginalFailureReplay_PASS = true`,CANONICAL_EQUIVALENT,MEDIUM,"Parent-only module 'kc_lifecycle_operationalization_meta_failure' (keyword overlap=2), not yet migrated to canonical -- M5+ pool item"
CL-0773,L5_DGVA_v23_IMPLEMENTATION_STRICT_Autonomous_Remote_Transport_Recovery.md,MetaArchitectureAdversarialRegression_PASS,INVARIANT_TOKEN,exact,V14,367,Adversarial Meta Tests,5266,`MetaArchitectureAdversarialRegression_PASS = true`,UNKNOWN,LOW,"weak fuzzy match only (Parent module 'design_architecture_ir', overlap=1) -- insufficient confidence, needs individual semantic review"
CL-0774,L5_DGVA_v23_IMPLEMENTATION_STRICT_Autonomous_Remote_Transport_Recovery.md,MetaFailureKCEvolution_PASS,INVARIANT_TOKEN,exact,V14,368,Continuous KC Evolution from Meta Failures,5274,`MetaFailureKCEvolution_PASS = true`,CANONICAL_EQUIVALENT,MEDIUM,"Parent-only module 'kc_lifecycle_operationalization_meta_failure' (keyword overlap=2), not yet migrated to canonical -- M5+ pool item"
CL-0775,L5_DGVA_v23_IMPLEMENTATION_STRICT_Autonomous_Remote_Transport_Recovery.md,KCUpdatedWithoutRuntimeTrigger_Count,INVARIANT_TOKEN,exact,V14,368,Continuous KC Evolution from Meta Failures,5274,`KCUpdatedWithoutRuntimeTrigger_Count = 0`,UNKNOWN,LOW,"weak fuzzy match only (Parent module 'de_command_runtime_readiness_gate', overlap=1) -- insufficient confidence, needs individual semantic review"
CL-0776,L5_DGVA_v23_IMPLEMENTATION_STRICT_Autonomous_Remote_Transport_Recovery.md,UserCorrectionToExecutableCapability_PASS,INVARIANT_TOKEN,exact,V14,369,User Correction Compilation,5283,`UserCorrectionToExecutableCapability_PASS = true`,CANONICAL_EQUIVALENT,HIGH,canonical module 'user_correction_trigger' (keyword overlap=2)
CL-0777,L5_DGVA_v23_IMPLEMENTATION_STRICT_Autonomous_Remote_Transport_Recovery.md,RepeatedUserCorrectionForSameFailureClass_Count,INVARIANT_TOKEN,exact,V14,370,Same-Class Correction Must Not Repeat,5292,`RepeatedUserCorrectionForSameFailureClass_Count = 0`,CANONICAL_EQUIVALENT,HIGH,canonical module 'user_correction_trigger' (keyword overlap=2)
CL-0778,L5_DGVA_v23_IMPLEMENTATION_STRICT_Autonomous_Remote_Transport_Recovery.md,RepeatedGovernanceFailure_Count,INVARIANT_TOKEN,exact,V14,370,Same-Class Correction Must Not Repeat,5292,`RepeatedGovernanceFailure_Count = 0`,CANONICAL_EQUIVALENT,MEDIUM,"Parent-only module 'autonomy_governance_failure_classifier' (keyword overlap=2), not yet migrated to canonical -- M5+ pool item"
CL-0779,L5_DGVA_v23_IMPLEMENTATION_STRICT_Autonomous_Remote_Transport_Recovery.md,ContractToRuntimeTraceability_PASS,INVARIANT_TOKEN,exact,V14,371,Contract-to-Runtime Traceability,5300,`ContractToRuntimeTraceability_PASS = true`,CANONICAL_EQUIVALENT,MEDIUM,"Parent-only module 'l5dgva_ss583_contract_to_runtime_traceability' (keyword overlap=3), not yet migrated to canonical -- M5+ pool item"
CL-0780,L5_DGVA_v23_IMPLEMENTATION_STRICT_Autonomous_Remote_Transport_Recovery.md,Heuristic::371::1024,MUST_STATEMENT,heuristic,V14,371,Contract-to-Runtime Traceability,5300,Map each material V1--V14 MUST requirement: ContractRequirementId →,UNKNOWN,LOW,did not match any defined bucket; not individually reviewed
CL-0781,L5_DGVA_v23_IMPLEMENTATION_STRICT_Autonomous_Remote_Transport_Recovery.md,DocumentationOnlyCapabilityScan_PASS,INVARIANT_TOKEN,exact,V14,372,Documentation-Only Capability Detection,5308,`DocumentationOnlyCapabilityScan_PASS = true`,UNKNOWN,LOW,"weak fuzzy match only (Parent module 'capability_evolution', overlap=1) -- insufficient confidence, needs individual semantic review"
CL-0782,L5_DGVA_v23_IMPLEMENTATION_STRICT_Autonomous_Remote_Transport_Recovery.md,Critical_DOCUMENTED_NOT_WIRED_Count,INVARIANT_TOKEN,exact,V14,372,Documentation-Only Capability Detection,5308,`Critical_DOCUMENTED_NOT_WIRED_Count = 0`,CANONICAL_EQUIVALENT,MEDIUM,"Parent-only module 'l5dgva_documented_not_implemented_boundary_artifact_gate' (keyword overlap=2), not yet migrated to canonical -- M5+ pool item"
CL-0783,L5_DGVA_v23_IMPLEMENTATION_STRICT_Autonomous_Remote_Transport_Recovery.md,UnreachableCapabilityScan_PASS,INVARIANT_TOKEN,exact,V14,373,Source Exists But Runtime Unused,5319,`UnreachableCapabilityScan_PASS = true`,UNKNOWN,LOW,"weak fuzzy match only (Parent module 'capability_evolution', overlap=1) -- insufficient confidence, needs individual semantic review"
CL-0784,L5_DGVA_v23_IMPLEMENTATION_STRICT_Autonomous_Remote_Transport_Recovery.md,EightEngineRuntimeAuditTrail_PASS,INVARIANT_TOKEN,exact,V14,374,Runtime Telemetry / Audit,5326,`EightEngineRuntimeAuditTrail_PASS = true`,CANONICAL_EQUIVALENT,MEDIUM,"Parent-only module 'eight_engine_runtime_proof_matrix' (keyword overlap=3), not yet migrated to canonical -- M5+ pool item"
CL-0785,L5_DGVA_v23_IMPLEMENTATION_STRICT_Autonomous_Remote_Transport_Recovery.md,EightEnginePhaseCheckpoint_PASS,INVARIANT_TOKEN,exact,V14,375,Per-Phase Eight-Engine Checkpoint,5333,`EightEnginePhaseCheckpoint_PASS = true`,CANONICAL_EQUIVALENT,MEDIUM,"Parent-only module 'eight_engine_runtime_proof_matrix' (keyword overlap=2), not yet migrated to canonical -- M5+ pool item"
CL-0786,L5_DGVA_v23_IMPLEMENTATION_STRICT_Autonomous_Remote_Transport_Recovery.md,ScopeAwareEightEngineRuntime_PASS,INVARIANT_TOKEN,exact,V14,376,System-Level Composition Uses Same Eight Engines,5341,`ScopeAwareEightEngineRuntime_PASS = true`,CANONICAL_EQUIVALENT,MEDIUM,"Parent-only module 'eight_engine_runtime_proof_matrix' (keyword overlap=3), not yet migrated to canonical -- M5+ pool item"
CL-0787,L5_DGVA_v23_IMPLEMENTATION_STRICT_Autonomous_Remote_Transport_Recovery.md,ProtocolAgnosticEightEngineRuntime_PASS,INVARIANT_TOKEN,exact,V14,377,Protocol-Agnostic Eight-Engine Governance,5349,`ProtocolAgnosticEightEngineRuntime_PASS = true`,CANONICAL_EQUIVALENT,MEDIUM,"Parent-only module 'eight_engine_runtime_proof_matrix' (keyword overlap=3), not yet migrated to canonical -- M5+ pool item"
CL-0788,L5_DGVA_v23_IMPLEMENTATION_STRICT_Autonomous_Remote_Transport_Recovery.md,MetaFailureIndependentWorkContinuation_PASS,INVARIANT_TOKEN,exact,V14,378,Engine Failure Does Not Automatically Stop All Work,5357,`MetaFailureIndependentWorkContinuation_PASS = true`,CANONICAL_EQUIVALENT,MEDIUM,"Parent-only module 'independent_work_continuation' (keyword overlap=3), not yet migrated to canonical -- M5+ pool item"
CL-0789,L5_DGVA_v23_IMPLEMENTATION_STRICT_Autonomous_Remote_Transport_Recovery.md,L5_DGVA_AI_ARCHITECTURE_PASS,INVARIANT_TOKEN,exact,V14,379,Strict Eight-Engine Qualification Gate,5365,`L5_DGVA_AI_ARCHITECTURE_PASS`,UNKNOWN,LOW,"weak fuzzy match only (Parent module 'design_architecture_ir', overlap=1) -- insufficient confidence, needs individual semantic review"
CL-0790,L5_DGVA_v23_IMPLEMENTATION_STRICT_Autonomous_Remote_Transport_Recovery.md,L5DGVA_AI_ARCHITECTURE_PASS,INVARIANT_TOKEN,exact,V14,379,Strict Eight-Engine Qualification Gate,5365,`L5DGVA_AI_ARCHITECTURE_PASS = true`,UNKNOWN,LOW,"weak fuzzy match only (Parent module 'design_architecture_ir', overlap=1) -- insufficient confidence, needs individual semantic review"
CL-0791,L5_DGVA_v23_IMPLEMENTATION_STRICT_Autonomous_Remote_Transport_Recovery.md,ProhibitedAIArchitectureFalsePass_Count,INVARIANT_TOKEN,exact,V14,380,Prohibited AI Architecture False Passes,5373,`ProhibitedAIArchitectureFalsePass_Count = 0`,UNKNOWN,LOW,"weak fuzzy match only (Parent module 'debug_kc_prohibited_behavior_registry', overlap=1) -- insufficient confidence, needs individual semantic review"
CL-0792,L5_DGVA_v23_IMPLEMENTATION_STRICT_Autonomous_Remote_Transport_Recovery.md,Heuristic::380::1036,PROHIBITED_BEHAVIOR,heuristic,V14,380,Prohibited AI Architecture False Passes,5373,Prohibited: - engine class exists → PASS; - graph documented → PASS,UNKNOWN,LOW,did not match any defined bucket; not individually reviewed
CL-0793,L5_DGVA_v23_IMPLEMENTATION_STRICT_Autonomous_Remote_Transport_Recovery.md,ZeroReminderMetaArchitecture_PASS,INVARIANT_TOKEN,exact,V14,381,Zero-Reminder Meta Governance,5385,`ZeroReminderMetaArchitecture_PASS = true`,CANONICAL_EQUIVALENT,MEDIUM,"Parent-only module 'e_domain_zero_reminder_governance_composite' (keyword overlap=2), not yet migrated to canonical -- M5+ pool item"
CL-0794,L5_DGVA_v23_IMPLEMENTATION_STRICT_Autonomous_Remote_Transport_Recovery.md,ClaudeCLIBehavioralContainment_PASS,INVARIANT_TOKEN,exact,V15,,(preamble),5425,`ClaudeCLIBehavioralContainment_PASS = true`,UNKNOWN,LOW,"weak fuzzy match only (Parent module 'behavioral_violation_artifact_registry', overlap=1) -- insufficient confidence, needs individual semantic review"
CL-0795,L5_DGVA_v23_IMPLEMENTATION_STRICT_Autonomous_Remote_Transport_Recovery.md,UnauthorizedBehavioralDeviation_Count,INVARIANT_TOKEN,exact,V15,,(preamble),5425,`UnauthorizedBehavioralDeviation_Count = 0`,UNKNOWN,LOW,"weak fuzzy match only (Parent module 'behavioral_violation_artifact_registry', overlap=1) -- insufficient confidence, needs individual semantic review"
CL-0796,L5_DGVA_v23_IMPLEMENTATION_STRICT_Autonomous_Remote_Transport_Recovery.md,Heuristic::(preamble)::1062,MUST_NOT_STATEMENT,heuristic,V15,,(preamble),5425,"Claude CLI MUST NOT optimize for ""make it compile"", ""make it run"",",UNKNOWN,LOW,did not match any defined bucket; not individually reviewed
CL-0797,L5_DGVA_v23_IMPLEMENTATION_STRICT_Autonomous_Remote_Transport_Recovery.md,PreActionComplianceCheck_PASS,INVARIANT_TOKEN,exact,V15,383,Mandatory Pre-Action Compliance Check,5445,`PreActionComplianceCheck_PASS = true`,UNKNOWN,LOW,"weak fuzzy match only (Parent module 'agent_checkpoint_check', overlap=1) -- insufficient confidence, needs individual semantic review"
CL-0798,L5_DGVA_v23_IMPLEMENTATION_STRICT_Autonomous_Remote_Transport_Recovery.md,Heuristic::383::1064,MUST_STATEMENT,heuristic,V15,383,Mandatory Pre-Action Compliance Check,5445,"modification, Claude CLI MUST determine: - current graph/state/phase; -",UNKNOWN,LOW,did not match any defined bucket; not individually reviewed
CL-0799,L5_DGVA_v23_IMPLEMENTATION_STRICT_Autonomous_Remote_Transport_Recovery.md,Heuristic::383::1065,MUST_STATEMENT,heuristic,V15,383,Mandatory Pre-Action Compliance Check,5445,applicable V1--V15 MUST rules; - applicable OpenSpec effective values; -,UNKNOWN,LOW,did not match any defined bucket; not individually reviewed
CL-0800,L5_DGVA_v23_IMPLEMENTATION_STRICT_Autonomous_Remote_Transport_Recovery.md,ExistingMechanismFirst_PASS,INVARIANT_TOKEN,exact,V15,384,Reference / Existing Mechanism First,5459,`ExistingMechanismFirst_PASS = true`,UNKNOWN,LOW,"weak fuzzy match only (Parent module 'existing_command_reuse_score', overlap=1) -- insufficient confidence, needs individual semantic review"
CL-0801,L5_DGVA_v23_IMPLEMENTATION_STRICT_Autonomous_Remote_Transport_Recovery.md,PrematureCustomImplementation_Count,INVARIANT_TOKEN,exact,V15,384,Reference / Existing Mechanism First,5459,`PrematureCustomImplementation_Count = 0`,UNKNOWN,LOW,"weak fuzzy match only (Parent module 'l5dgva_implementation_completion_gate_verdict', overlap=1) -- insufficient confidence, needs individual semantic review"
CL-0802,L5_DGVA_v23_IMPLEMENTATION_STRICT_Autonomous_Remote_Transport_Recovery.md,DEFacingUVMAbstractionFirewall_PASS,INVARIANT_TOKEN,exact,V15,385,DE-Facing UVM Abstraction Firewall,5471,`DEFacingUVMAbstractionFirewall_PASS = true`,CANONICAL_EQUIVALENT,MEDIUM,"Parent-only module 'de_facing_uvm_leakage_gate' (keyword overlap=2), not yet migrated to canonical -- M5+ pool item"
CL-0803,L5_DGVA_v23_IMPLEMENTATION_STRICT_Autonomous_Remote_Transport_Recovery.md,DEFacingUVMExecutableLeakage_Count,INVARIANT_TOKEN,exact,V15,385,DE-Facing UVM Abstraction Firewall,5471,`DEFacingUVMExecutableLeakage_Count = 0`,CANONICAL_EQUIVALENT,MEDIUM,"Parent-only module 'de_facing_uvm_leakage_gate' (keyword overlap=3), not yet migrated to canonical -- M5+ pool item"
CL-0804,L5_DGVA_v23_IMPLEMENTATION_STRICT_Autonomous_Remote_Transport_Recovery.md,Heuristic::385::1070,MUST_NOT_STATEMENT,heuristic,V15,385,DE-Facing UVM Abstraction Firewall,5471,not know UVM MUST NOT expose UVM implementation details.,UNKNOWN,LOW,did not match any defined bucket; not individually reviewed
CL-0805,L5_DGVA_v23_IMPLEMENTATION_STRICT_Autonomous_Remote_Transport_Recovery.md,Heuristic::385::1071,PROHIBITED_BEHAVIOR,heuristic,V15,385,DE-Facing UVM Abstraction Firewall,5471,Forbidden in DE-facing executable content unless explicitly part of a,CANONICAL_EQUIVALENT,MEDIUM,Canonical's Engineering Discipline Rules already codifies the block/branch_a*/branch_fw/branch_b* architecture-conformance naming/ownership rules.
CL-0806,L5_DGVA_v23_IMPLEMENTATION_STRICT_Autonomous_Remote_Transport_Recovery.md,DEProceduralPublicAPI_PASS,INVARIANT_TOKEN,exact,V15,386,DE Procedural API Is the Public Verification API,5489,`DEProceduralPublicAPI_PASS = true`,UNKNOWN,LOW,"weak fuzzy match only (Parent module 'vip_api_card', overlap=1) -- insufficient confidence, needs individual semantic review"
CL-0807,L5_DGVA_v23_IMPLEMENTATION_STRICT_Autonomous_Remote_Transport_Recovery.md,QualifiedDETaskRegistry_PASS,INVARIANT_TOKEN,exact,V15,387,QualifiedDETaskRegistry,5502,`QualifiedDETaskRegistry_PASS = true`,CANONICAL_EQUIVALENT,MEDIUM,"Parent-only module 'qualified_de_task_registry' (keyword overlap=3), not yet migrated to canonical -- M5+ pool item"
CL-0808,L5_DGVA_v23_IMPLEMENTATION_STRICT_Autonomous_Remote_Transport_Recovery.md,UnresolvedDEFacingTaskCall_Count,INVARIANT_TOKEN,exact,V15,387,QualifiedDETaskRegistry,5502,`UnresolvedDEFacingTaskCall_Count = 0`,UNKNOWN,LOW,"weak fuzzy match only (Parent module 'command_task_trace', overlap=1) -- insufficient confidence, needs individual semantic review"
CL-0809,L5_DGVA_v23_IMPLEMENTATION_STRICT_Autonomous_Remote_Transport_Recovery.md,Artifact::QualifiedDETaskRegistry,ARTIFACT_REQUIREMENT,exact,V15,387,QualifiedDETaskRegistry,5502,Create/reconcile `QualifiedDETaskRegistry`,CANONICAL_EQUIVALENT,MEDIUM,qualified_de_task_registry.py (referenced by reference_de_command_block_branch_integration_manifest.py)
CL-0810,L5_DGVA_v23_IMPLEMENTATION_STRICT_Autonomous_Remote_Transport_Recovery.md,DEFacingStaticLeakageGate_PASS,INVARIANT_TOKEN,exact,V15,388,DE-Facing Static Leakage Gate,5517,`DEFacingStaticLeakageGate_PASS = true`,CANONICAL_EQUIVALENT,MEDIUM,"Parent-only module 'de_facing_uvm_leakage_gate' (keyword overlap=3), not yet migrated to canonical -- M5+ pool item"
CL-0811,L5_DGVA_v23_IMPLEMENTATION_STRICT_Autonomous_Remote_Transport_Recovery.md,SemanticDEUsabilityGate_PASS,INVARIANT_TOKEN,exact,V15,389,Semantic DE Usability Gate,5530,`SemanticDEUsabilityGate_PASS = true`,UNKNOWN,LOW,"weak fuzzy match only (Parent module 'canonical_reference_integration_baseline_gate', overlap=1) -- insufficient confidence, needs individual semantic review"
CL-0812,L5_DGVA_v23_IMPLEMENTATION_STRICT_Autonomous_Remote_Transport_Recovery.md,ExistingBringupTaskReuse_PASS,INVARIANT_TOKEN,exact,V15,390,Existing Vendor/DE Bring-Up Task Reuse,5538,`ExistingBringupTaskReuse_PASS = true`,CANONICAL_EQUIVALENT,HIGH,canonical module 'existing_command_reuse_score' (keyword overlap=2)
CL-0813,L5_DGVA_v23_IMPLEMENTATION_STRICT_Autonomous_Remote_Transport_Recovery.md,DuplicatedQualifiedBringupRegisterSequence_Count,INVARIANT_TOKEN,exact,V15,390,Existing Vendor/DE Bring-Up Task Reuse,5538,`DuplicatedQualifiedBringupRegisterSequence_Count = 0`,UNKNOWN,LOW,"weak fuzzy match only (Parent module 'irq_branch_rtl_register_map_documentation_join', overlap=1) -- insufficient confidence, needs individual semantic review"
CL-0814,L5_DGVA_v23_IMPLEMENTATION_STRICT_Autonomous_Remote_Transport_Recovery.md,BringupImplementationPriority_PASS,INVARIANT_TOKEN,exact,V15,391,Register Sequence Generation Hierarchy,5547,`BringupImplementationPriority_PASS = true`,UNKNOWN,LOW,"weak fuzzy match only (Parent module 'intake_question_priority', overlap=1) -- insufficient confidence, needs individual semantic review"
CL-0815,L5_DGVA_v23_IMPLEMENTATION_STRICT_Autonomous_Remote_Transport_Recovery.md,DEToAPBBridgeBoundary_PASS,INVARIANT_TOKEN,exact,V15,392,CPUREAD/CPUWRITE Bridge Boundary,5557,`DEToAPBBridgeBoundary_PASS = true`,CANONICAL_EQUIVALENT,MEDIUM,"Parent-only module 'reference_multi_apb_bridge_discovery' (keyword overlap=2), not yet migrated to canonical -- M5+ pool item"
CL-0816,L5_DGVA_v23_IMPLEMENTATION_STRICT_Autonomous_Remote_Transport_Recovery.md,DirectDEFacingSequencerAccess_Count,INVARIANT_TOKEN,exact,V15,392,CPUREAD/CPUWRITE Bridge Boundary,5557,`DirectDEFacingSequencerAccess_Count = 0`,UNKNOWN,LOW,"weak fuzzy match only (Parent module 'de_facing_uvm_leakage_gate', overlap=1) -- insufficient confidence, needs individual semantic review"
CL-0817,L5_DGVA_v23_IMPLEMENTATION_STRICT_Autonomous_Remote_Transport_Recovery.md,Heuristic::392::1083,MUST_NOT_STATEMENT,heuristic,V15,392,CPUREAD/CPUWRITE Bridge Boundary,5557,Do not invert this boundary by making DE-facing logic call,CANONICAL_EQUIVALENT,MEDIUM,Canonical's Engineering Discipline Rules already codifies the block/branch_a*/branch_fw/branch_b* architecture-conformance naming/ownership rules.
CL-0818,L5_DGVA_v23_IMPLEMENTATION_STRICT_Autonomous_Remote_Transport_Recovery.md,DEToAXIBridgeBoundary_PASS,INVARIANT_TOKEN,exact,V15,393,AXI DE API Bridge Boundary,5569,`DEToAXIBridgeBoundary_PASS = true`,UNKNOWN,LOW,"weak fuzzy match only (Parent module 'bind_protocol_boundary_rule', overlap=1) -- insufficient confidence, needs individual semantic review"
CL-0819,L5_DGVA_v23_IMPLEMENTATION_STRICT_Autonomous_Remote_Transport_Recovery.md,Heuristic::393::1085,MUST_NOT_STATEMENT,heuristic,V15,393,AXI DE API Bridge Boundary,5569,Do not require DE to instantiate/start UVM sequences.,UNKNOWN,LOW,did not match any defined bucket; not individually reviewed
CL-0820,L5_DGVA_v23_IMPLEMENTATION_STRICT_Autonomous_Remote_Transport_Recovery.md,ProtocolDriveReplacementAbstraction_PASS,INVARIANT_TOKEN,exact,V15,394,Protocol-Drive Replacement Boundary,5578,`ProtocolDriveReplacementAbstraction_PASS = true`,CANONICAL_EQUIVALENT,MEDIUM,"Parent-only module 'branch_b_protocol_drive_replacement' (keyword overlap=3), not yet migrated to canonical -- M5+ pool item"
CL-0821,L5_DGVA_v23_IMPLEMENTATION_STRICT_Autonomous_Remote_Transport_Recovery.md,DECompatibleBlock_PASS,INVARIANT_TOKEN,exact,V15,395,BLOCK Must Remain DE-Compatible,5588,`DECompatibleBlock_PASS = true`,UNKNOWN,LOW,"weak fuzzy match only (Parent module 'reference_de_block_branch_ownership_discovery', overlap=1) -- insufficient confidence, needs individual semantic review"
CL-0822,L5_DGVA_v23_IMPLEMENTATION_STRICT_Autonomous_Remote_Transport_Recovery.md,DECompatibleBranchA_PASS,INVARIANT_TOKEN,exact,V15,396,Branch-A Must Remain DE-Compatible,5598,`DECompatibleBranchA_PASS = true`,UNKNOWN,LOW,"weak fuzzy match only (Parent module 'branch_b_protocol_drive_replacement', overlap=1) -- insufficient confidence, needs individual semantic review"
CL-0823,L5_DGVA_v23_IMPLEMENTATION_STRICT_Autonomous_Remote_Transport_Recovery.md,DECompatibleBranchFW_PASS,INVARIANT_TOKEN,exact,V15,397,Branch-FW Must Remain DE-Compatible,5605,`DECompatibleBranchFW_PASS = true`,UNKNOWN,LOW,"weak fuzzy match only (Parent module 'branch_b_protocol_drive_replacement', overlap=1) -- insufficient confidence, needs individual semantic review"
CL-0824,L5_DGVA_v23_IMPLEMENTATION_STRICT_Autonomous_Remote_Transport_Recovery.md,DECompatibleBranchB_PASS,INVARIANT_TOKEN,exact,V15,398,Branch-B Must Remain DE-Compatible,5613,`DECompatibleBranchB_PASS = true`,UNKNOWN,LOW,"weak fuzzy match only (Parent module 'branch_b_protocol_drive_replacement', overlap=1) -- insufficient confidence, needs individual semantic review"
CL-0825,L5_DGVA_v23_IMPLEMENTATION_STRICT_Autonomous_Remote_Transport_Recovery.md,NoUnjustifiedBringupDecomposition_PASS,INVARIANT_TOKEN,exact,V15,399,No Manual Register Reimplementation Without Differential,5620,`NoUnjustifiedBringupDecomposition_PASS = true`,NEW_VALID_GOVERNANCE_REQUIREMENT,LOW,no fuzzy keyword match (0 overlap) against any of 498 Parent or canonical module names -- candidate for individual verification
CL-0826,L5_DGVA_v23_IMPLEMENTATION_STRICT_Autonomous_Remote_Transport_Recovery.md,GeneratedArtifactAcceptanceGate_PASS,INVARIANT_TOKEN,exact,V15,400,Generator Output Must Pass Contract Gates Before Write Acceptance,5628,`GeneratedArtifactAcceptanceGate_PASS = true`,CANONICAL_EQUIVALENT,MEDIUM,"Parent-only module 'generated_artifact_acceptance_gate' (keyword overlap=4), not yet migrated to canonical -- M5+ pool item"
CL-0827,L5_DGVA_v23_IMPLEMENTATION_STRICT_Autonomous_Remote_Transport_Recovery.md,SourceModificationTransaction_PASS,INVARIANT_TOKEN,exact,V15,401,Source Modification Transaction,5636,`SourceModificationTransaction_PASS = true`,UNKNOWN,LOW,"weak fuzzy match only (Parent module 'amba_transaction_ir', overlap=1) -- insufficient confidence, needs individual semantic review"
CL-0828,L5_DGVA_v23_IMPLEMENTATION_STRICT_Autonomous_Remote_Transport_Recovery.md,CompilePassArchitectureViolation_Count,INVARIANT_TOKEN,exact,V15,402,"No ""Make It Compile"" Repair",5645,`CompilePassArchitectureViolation_Count = 0`,UNKNOWN,LOW,"weak fuzzy match only (Parent module 'behavioral_violation_artifact_registry', overlap=1) -- insufficient confidence, needs individual semantic review"
CL-0829,L5_DGVA_v23_IMPLEMENTATION_STRICT_Autonomous_Remote_Transport_Recovery.md,RuntimePassArchitectureViolation_Count,INVARIANT_TOKEN,exact,V15,403,"No ""Make It Run"" Repair",5653,`RuntimePassArchitectureViolation_Count = 0`,UNKNOWN,LOW,"weak fuzzy match only (Parent module 'behavioral_violation_artifact_registry', overlap=1) -- insufficient confidence, needs individual semantic review"
CL-0830,L5_DGVA_v23_IMPLEMENTATION_STRICT_Autonomous_Remote_Transport_Recovery.md,SilentSimplification_Count,INVARIANT_TOKEN,exact,V15,404,No Silent Simplification,5661,`SilentSimplification_Count = 0`,NEW_VALID_GOVERNANCE_REQUIREMENT,LOW,no fuzzy keyword match (0 overlap) against any of 498 Parent or canonical module names -- candidate for individual verification
CL-0831,L5_DGVA_v23_IMPLEMENTATION_STRICT_Autonomous_Remote_Transport_Recovery.md,MaterialGenerationEightEnginePreflight_PASS,INVARIANT_TOKEN,exact,V15,405,Mandatory Eight-Engine Preflight for Material Generation,5669,`MaterialGenerationEightEnginePreflight_PASS = true`,CANONICAL_EQUIVALENT,MEDIUM,"Parent-only module 'eight_engine_runtime_proof_matrix' (keyword overlap=2), not yet migrated to canonical -- M5+ pool item"
CL-0832,L5_DGVA_v23_IMPLEMENTATION_STRICT_Autonomous_Remote_Transport_Recovery.md,PostGenerationEngineBypassCheck_PASS,INVARIANT_TOKEN,exact,V15,406,Mandatory Bypass Detection After Generation,5677,`PostGenerationEngineBypassCheck_PASS = true`,CANONICAL_EQUIVALENT,MEDIUM,"Parent-only module 'ai_engine_bypass_detector' (keyword overlap=2), not yet migrated to canonical -- M5+ pool item"
CL-0833,L5_DGVA_v23_IMPLEMENTATION_STRICT_Autonomous_Remote_Transport_Recovery.md,DEUVMLeakageMetaFailureClassification_PASS,INVARIANT_TOKEN,exact,V15,407,DE/UVM Leakage Is a Meta-Architecture Failure,5684,`DEUVMLeakageMetaFailureClassification_PASS = true`,CANONICAL_EQUIVALENT,MEDIUM,"Parent-only module 'kc_lifecycle_operationalization_meta_failure' (keyword overlap=2), not yet migrated to canonical -- M5+ pool item"
CL-0834,L5_DGVA_v23_IMPLEMENTATION_STRICT_Autonomous_Remote_Transport_Recovery.md,DEUVMLeakagePreventionRootCause_PASS,INVARIANT_TOKEN,exact,V15,408,Root-Cause the Missing Prevention,5693,`DEUVMLeakagePreventionRootCause_PASS = true`,CANONICAL_EQUIVALENT,HIGH,canonical module 'intra_project_root_cause_clustering' (keyword overlap=2)
CL-0835,L5_DGVA_v23_IMPLEMENTATION_STRICT_Autonomous_Remote_Transport_Recovery.md,DEUVMLeakageStructuralSelfRepair_PASS,INVARIANT_TOKEN,exact,V15,409,Structural Self-Repair,5703,`DEUVMLeakageStructuralSelfRepair_PASS = true`,UNKNOWN,LOW,"weak fuzzy match only (Parent module 'de_facing_uvm_leakage_gate', overlap=1) -- insufficient confidence, needs individual semantic review"
CL-0836,L5_DGVA_v23_IMPLEMENTATION_STRICT_Autonomous_Remote_Transport_Recovery.md,DEAbstractionHarnessRegression_PASS,INVARIANT_TOKEN,exact,V15,410,Mandatory Regression for DE Abstraction,5711,`DEAbstractionHarnessRegression_PASS = true`,CANONICAL_EQUIVALENT,MEDIUM,"Parent-only module 'kc_v18_harness_regression_qualification_gate' (keyword overlap=2), not yet migrated to canonical -- M5+ pool item"
CL-0837,L5_DGVA_v23_IMPLEMENTATION_STRICT_Autonomous_Remote_Transport_Recovery.md,DEAbstractionOriginalFailureReplay_PASS,INVARIANT_TOKEN,exact,V15,411,Replay Original Failure,5722,`DEAbstractionOriginalFailureReplay_PASS = true`,CANONICAL_EQUIVALENT,MEDIUM,"Parent-only module 'known_governance_failure_replay_registry' (keyword overlap=2), not yet migrated to canonical -- M5+ pool item"
CL-0838,L5_DGVA_v23_IMPLEMENTATION_STRICT_Autonomous_Remote_Transport_Recovery.md,DEAbstractionKCEvolution_PASS,INVARIANT_TOKEN,exact,V15,412,KC Update Is Mandatory After Validated Novel Failure,5730,`DEAbstractionKCEvolution_PASS = true`,UNKNOWN,LOW,"weak fuzzy match only (Parent module 'capability_evolution', overlap=1) -- insufficient confidence, needs individual semantic review"
CL-0839,L5_DGVA_v23_IMPLEMENTATION_STRICT_Autonomous_Remote_Transport_Recovery.md,RepeatedDEUVMAbstractionLeakage_Count,INVARIANT_TOKEN,exact,V15,413,Same-Class Failure Must Not Recur,5739,`RepeatedDEUVMAbstractionLeakage_Count = 0`,UNKNOWN,LOW,"weak fuzzy match only (Parent module 'de_facing_uvm_leakage_gate', overlap=1) -- insufficient confidence, needs individual semantic review"
CL-0840,L5_DGVA_v23_IMPLEMENTATION_STRICT_Autonomous_Remote_Transport_Recovery.md,UserCorrectionEnforcementClosure_PASS,INVARIANT_TOKEN,exact,V15,414,User Correction Must Become Enforcement,5746,`UserCorrectionEnforcementClosure_PASS = true`,CANONICAL_EQUIVALENT,HIGH,canonical module 'user_correction_trigger' (keyword overlap=2)
CL-0841,L5_DGVA_v23_IMPLEMENTATION_STRICT_Autonomous_Remote_Transport_Recovery.md,BehavioralDecisionPriority_PASS,INVARIANT_TOKEN,exact,V15,415,Strict Behavioral Decision Priority,5754,`BehavioralDecisionPriority_PASS = true`,UNKNOWN,LOW,"weak fuzzy match only (Parent module 'behavioral_violation_artifact_registry', overlap=1) -- insufficient confidence, needs individual semantic review"
CL-0842,L5_DGVA_v23_IMPLEMENTATION_STRICT_Autonomous_Remote_Transport_Recovery.md,UnsupportedImplementationAssumption_Count,INVARIANT_TOKEN,exact,V15,416,No Unsupported Assumption,5764,`UnsupportedImplementationAssumption_Count = 0`,UNKNOWN,LOW,"weak fuzzy match only (Parent module 'l5dgva_implementation_completion_gate_verdict', overlap=1) -- insufficient confidence, needs individual semantic review"
CL-0843,L5_DGVA_v23_IMPLEMENTATION_STRICT_Autonomous_Remote_Transport_Recovery.md,Heuristic::416::1110,MUST_NOT_STATEMENT,heuristic,V15,416,No Unsupported Assumption,5764,Do not fill the gap with a convenient UVM idiom.,UNKNOWN,LOW,did not match any defined bucket; not individually reviewed
CL-0844,L5_DGVA_v23_IMPLEMENTATION_STRICT_Autonomous_Remote_Transport_Recovery.md,UserAsComplianceMonitor_Count,INVARIANT_TOKEN,exact,V15,417,No User as Compliance Monitor,5771,`UserAsComplianceMonitor_Count = 0`,UNKNOWN,LOW,"weak fuzzy match only (Parent module 'contract_compliance_artifact', overlap=1) -- insufficient confidence, needs individual semantic review"
CL-0845,L5_DGVA_v23_IMPLEMENTATION_STRICT_Autonomous_Remote_Transport_Recovery.md,PhaseClosureBehavioralComplianceScan_PASS,INVARIANT_TOKEN,exact,V15,418,Automatic Compliance Scan at Phase Closure,5778,`PhaseClosureBehavioralComplianceScan_PASS = true`,CANONICAL_EQUIVALENT,MEDIUM,"Parent-only module 'kc_harvest_phase_closure_coverage' (keyword overlap=2), not yet migrated to canonical -- M5+ pool item"
CL-0846,L5_DGVA_v23_IMPLEMENTATION_STRICT_Autonomous_Remote_Transport_Recovery.md,BehavioralViolationArtifact_PASS,INVARIANT_TOKEN,exact,V15,419,BehavioralViolationArtifact,5787,`BehavioralViolationArtifact_PASS = true`,CANONICAL_EQUIVALENT,MEDIUM,"Parent-only module 'behavioral_violation_artifact_registry' (keyword overlap=3), not yet migrated to canonical -- M5+ pool item"
CL-0847,L5_DGVA_v23_IMPLEMENTATION_STRICT_Autonomous_Remote_Transport_Recovery.md,BehavioralContradictionBoundary_PASS,INVARIANT_TOKEN,exact,V15,420,Strict Stop-on-Contradiction,5796,`BehavioralContradictionBoundary_PASS = true`,UNKNOWN,LOW,"weak fuzzy match only (Parent module 'behavioral_violation_artifact_registry', overlap=1) -- insufficient confidence, needs individual semantic review"
CL-0848,L5_DGVA_v23_IMPLEMENTATION_STRICT_Autonomous_Remote_Transport_Recovery.md,Heuristic::420::1115,MUST_NOT_STATEMENT,heuristic,V15,420,Strict Stop-on-Contradiction,5796,Never,NON_NORMATIVE,HIGH,regex sentence-splitting artifact (fragment with no independent content)
CL-0849,L5_DGVA_v23_IMPLEMENTATION_STRICT_Autonomous_Remote_Transport_Recovery.md,BehavioralRepairAutomaticResume_PASS,INVARIANT_TOKEN,exact,V15,421,Autonomous Resume After Compliance Repair,5805,`BehavioralRepairAutomaticResume_PASS = true`,UNKNOWN,LOW,"weak fuzzy match only (Parent module 'autonomous_resume_next_action_arbitration', overlap=1) -- insufficient confidence, needs individual semantic review"
CL-0850,L5_DGVA_v23_IMPLEMENTATION_STRICT_Autonomous_Remote_Transport_Recovery.md,ClaudeCLIBehavioralFirewall_PASS,INVARIANT_TOKEN,exact,V15,422,Final V15 Claude CLI Behavioral Firewall,5812,`ClaudeCLIBehavioralFirewall_PASS = true`,CANONICAL_EQUIVALENT,HIGH,canonical module 'debug_evidence_behavioral_firewall_gate' (keyword overlap=2)
CL-0851,L5_DGVA_v23_IMPLEMENTATION_STRICT_Autonomous_Remote_Transport_Recovery.md,Heuristic::422::1118,MUST_NOT_STATEMENT,heuristic,V15,422,Final V15 Claude CLI Behavioral Firewall,5812,If NO: do not accept/advance; self-repair or acquire evidence.,UNKNOWN,LOW,did not match any defined bucket; not individually reviewed
CL-0852,L5_DGVA_v23_IMPLEMENTATION_STRICT_Autonomous_Remote_Transport_Recovery.md,ReferenceUSBCommandDeepStudyBehavior_PASS,INVARIANT_TOKEN,exact,V16,,(preamble),5854,`ReferenceUSBCommandDeepStudyBehavior_PASS = true`,CANONICAL_EQUIVALENT,MEDIUM,"Parent-only module 'command_deep_study_evidence_gate' (keyword overlap=3), not yet migrated to canonical -- M5+ pool item"
CL-0853,L5_DGVA_v23_IMPLEMENTATION_STRICT_Autonomous_Remote_Transport_Recovery.md,ReferenceCommandDeepStudyBypass_Count,INVARIANT_TOKEN,exact,V16,,(preamble),5854,`ReferenceCommandDeepStudyBypass_Count = 0`,CANONICAL_EQUIVALENT,MEDIUM,"Parent-only module 'command_deep_study_evidence_gate' (keyword overlap=3), not yet migrated to canonical -- M5+ pool item"
CL-0854,L5_DGVA_v23_IMPLEMENTATION_STRICT_Autonomous_Remote_Transport_Recovery.md,Heuristic::(preamble)::1146,MUST_STATEMENT,heuristic,V16,,(preamble),5854,"When Reference USB is applicable, Claude CLI MUST deeply study its",UNKNOWN,LOW,did not match any defined bucket; not individually reviewed
CL-0855,L5_DGVA_v23_IMPLEMENTATION_STRICT_Autonomous_Remote_Transport_Recovery.md,ReferenceUSBCommandInventoryComplete_PASS,INVARIANT_TOKEN,exact,V16,424,Exhaustive Reference USB Command Inventory,5883,`ReferenceUSBCommandInventoryComplete_PASS = true`,CANONICAL_EQUIVALENT,HIGH,canonical module 'atb_reference_inventory' (keyword overlap=2)
CL-0856,L5_DGVA_v23_IMPLEMENTATION_STRICT_Autonomous_Remote_Transport_Recovery.md,UninventoriedReferenceUSBCommand_Count,INVARIANT_TOKEN,exact,V16,424,Exhaustive Reference USB Command Inventory,5883,`UninventoriedReferenceUSBCommand_Count = 0`,CANONICAL_EQUIVALENT,MEDIUM,"Parent-only module 'reference_de_command_block_branch_integration_manifest' (keyword overlap=2), not yet migrated to canonical -- M5+ pool item"
CL-0857,L5_DGVA_v23_IMPLEMENTATION_STRICT_Autonomous_Remote_Transport_Recovery.md,Heuristic::424::1149,MUST_NOT_STATEMENT,heuristic,V16,424,Exhaustive Reference USB Command Inventory,5883,"Do not sample only one ""representative"" command when multiple patterns",UNKNOWN,LOW,did not match any defined bucket; not individually reviewed
CL-0858,L5_DGVA_v23_IMPLEMENTATION_STRICT_Autonomous_Remote_Transport_Recovery.md,EveryReferenceUSBCommandAnalyzed_PASS,INVARIANT_TOKEN,exact,V16,425,Every Applicable Reference Command Must Be Analyzed,5895,`EveryReferenceUSBCommandAnalyzed_PASS = true`,CANONICAL_EQUIVALENT,MEDIUM,"Parent-only module 'reference_de_command_block_branch_integration_manifest' (keyword overlap=2), not yet migrated to canonical -- M5+ pool item"
CL-0859,L5_DGVA_v23_IMPLEMENTATION_STRICT_Autonomous_Remote_Transport_Recovery.md,UnanalyzedReferenceUSBCommand_Count,INVARIANT_TOKEN,exact,V16,425,Every Applicable Reference Command Must Be Analyzed,5895,`UnanalyzedReferenceUSBCommand_Count = 0`,CANONICAL_EQUIVALENT,MEDIUM,"Parent-only module 'reference_de_command_block_branch_integration_manifest' (keyword overlap=2), not yet migrated to canonical -- M5+ pool item"
CL-0860,L5_DGVA_v23_IMPLEMENTATION_STRICT_Autonomous_Remote_Transport_Recovery.md,ReferenceUSBCommandSourceIdentity_PASS,INVARIANT_TOKEN,exact,V16,426,Reference Command Source Identity,5903,`ReferenceUSBCommandSourceIdentity_PASS = true`,CANONICAL_EQUIVALENT,MEDIUM,"Parent-only module 'reference_de_command_block_branch_integration_manifest' (keyword overlap=2), not yet migrated to canonical -- M5+ pool item"
CL-0861,L5_DGVA_v23_IMPLEMENTATION_STRICT_Autonomous_Remote_Transport_Recovery.md,Heuristic::426::1153,MUST_NOT_STATEMENT,heuristic,V16,426,Reference Command Source Identity,5903,Do not analyze an orphan copy and assume it is the effective reference.,UNKNOWN,LOW,did not match any defined bucket; not individually reviewed
CL-0862,L5_DGVA_v23_IMPLEMENTATION_STRICT_Autonomous_Remote_Transport_Recovery.md,ReferenceUSBBlockArchitecture_PASS,INVARIANT_TOKEN,exact,V16,427,BLOCK Deep Study,5913,`ReferenceUSBBlockArchitecture_PASS = true`,CANONICAL_EQUIVALENT,MEDIUM,"Parent-only module 'reference_de_block_branch_ownership_discovery' (keyword overlap=2), not yet migrated to canonical -- M5+ pool item"
CL-0863,L5_DGVA_v23_IMPLEMENTATION_STRICT_Autonomous_Remote_Transport_Recovery.md,ReferenceUSBBranchAArchitecture_PASS,INVARIANT_TOKEN,exact,V16,428,branch-A Deep Study,5925,`ReferenceUSBBranchAArchitecture_PASS = true`,CANONICAL_EQUIVALENT,MEDIUM,"Parent-only module 'reference_de_block_branch_ownership_discovery' (keyword overlap=2), not yet migrated to canonical -- M5+ pool item"
CL-0864,L5_DGVA_v23_IMPLEMENTATION_STRICT_Autonomous_Remote_Transport_Recovery.md,ReferenceUSBBranchFWArchitecture_PASS,INVARIANT_TOKEN,exact,V16,429,branch-FW Deep Study,5934,`ReferenceUSBBranchFWArchitecture_PASS = true`,CANONICAL_EQUIVALENT,MEDIUM,"Parent-only module 'reference_de_block_branch_ownership_discovery' (keyword overlap=2), not yet migrated to canonical -- M5+ pool item"
CL-0865,L5_DGVA_v23_IMPLEMENTATION_STRICT_Autonomous_Remote_Transport_Recovery.md,ReferenceUSBBranchBArchitecture_PASS,INVARIANT_TOKEN,exact,V16,430,branch-B Deep Study,5946,`ReferenceUSBBranchBArchitecture_PASS = true`,CANONICAL_EQUIVALENT,MEDIUM,"Parent-only module 'reference_de_block_branch_ownership_discovery' (keyword overlap=2), not yet migrated to canonical -- M5+ pool item"
CL-0866,L5_DGVA_v23_IMPLEMENTATION_STRICT_Autonomous_Remote_Transport_Recovery.md,ReferenceUSBForkJoinMethod_PASS,INVARIANT_TOKEN,exact,V16,431,Fork/Join Topology Study,5955,`ReferenceUSBForkJoinMethod_PASS = true`,UNKNOWN,LOW,"weak fuzzy match only (Parent module 'atb_reference_inventory', overlap=1) -- insufficient confidence, needs individual semantic review"
CL-0867,L5_DGVA_v23_IMPLEMENTATION_STRICT_Autonomous_Remote_Transport_Recovery.md,ReferenceUSBSynchronizationMethod_PASS,INVARIANT_TOKEN,exact,V16,432,Synchronization Study,5963,`ReferenceUSBSynchronizationMethod_PASS = true`,UNKNOWN,LOW,"weak fuzzy match only (Parent module 'atb_reference_inventory', overlap=1) -- insufficient confidence, needs individual semantic review"
CL-0868,L5_DGVA_v23_IMPLEMENTATION_STRICT_Autonomous_Remote_Transport_Recovery.md,ReferenceUSBIRQServiceMethod_PASS,INVARIANT_TOKEN,exact,V16,433,IRQ/FW Study,5970,`ReferenceUSBIRQServiceMethod_PASS = true`,CANONICAL_EQUIVALENT,MEDIUM,"Parent-only module 'reference_irq_event_to_service_flow_discovery' (keyword overlap=2), not yet migrated to canonical -- M5+ pool item"
CL-0869,L5_DGVA_v23_IMPLEMENTATION_STRICT_Autonomous_Remote_Transport_Recovery.md,ReferenceUSBControlPlaneAPIStudy_PASS,INVARIANT_TOKEN,exact,V16,434,Control-Plane API Study,5977,`ReferenceUSBControlPlaneAPIStudy_PASS = true`,CANONICAL_EQUIVALENT,HIGH,canonical module 'control_plane' (keyword overlap=2)
CL-0870,L5_DGVA_v23_IMPLEMENTATION_STRICT_Autonomous_Remote_Transport_Recovery.md,ReferenceUSBMultiAPBMethod_PASS,INVARIANT_TOKEN,exact,V16,435,Multi-APB Service Study,5985,`ReferenceUSBMultiAPBMethod_PASS = true`,CANONICAL_EQUIVALENT,MEDIUM,"Parent-only module 'reference_multi_apb_bridge_discovery' (keyword overlap=3), not yet migrated to canonical -- M5+ pool item"
CL-0871,L5_DGVA_v23_IMPLEMENTATION_STRICT_Autonomous_Remote_Transport_Recovery.md,ReferenceUSBCompletionShutdownMethod_PASS,INVARIANT_TOKEN,exact,V16,436,Completion / Shutdown Study,5994,`ReferenceUSBCompletionShutdownMethod_PASS = true`,CANONICAL_EQUIVALENT,MEDIUM,"Parent-only module 'reference_uvm_run_completion_remaining_booleans' (keyword overlap=2), not yet migrated to canonical -- M5+ pool item"
CL-0872,L5_DGVA_v23_IMPLEMENTATION_STRICT_Autonomous_Remote_Transport_Recovery.md,ReferenceUSBDETaskRegistryExtraction_PASS,INVARIANT_TOKEN,exact,V16,437,DE Task Registry Extraction,6002,`ReferenceUSBDETaskRegistryExtraction_PASS = true`,CANONICAL_EQUIVALENT,MEDIUM,"Parent-only module 'qualified_de_task_registry' (keyword overlap=2), not yet migrated to canonical -- M5+ pool item"
CL-0873,L5_DGVA_v23_IMPLEMENTATION_STRICT_Autonomous_Remote_Transport_Recovery.md,ReferenceUSBProtocolDriveTaskStudy_PASS,INVARIANT_TOKEN,exact,V16,438,Protocol-Drive Task Identification,6012,`ReferenceUSBProtocolDriveTaskStudy_PASS = true`,CANONICAL_EQUIVALENT,MEDIUM,"Parent-only module 'branch_b_protocol_drive_replacement' (keyword overlap=2), not yet migrated to canonical -- M5+ pool item"
CL-0874,L5_DGVA_v23_IMPLEMENTATION_STRICT_Autonomous_Remote_Transport_Recovery.md,ReferenceUSBCommandCrossPatternStudy_PASS,INVARIANT_TOKEN,exact,V16,439,Cross-Pattern Study,6021,`ReferenceUSBCommandCrossPatternStudy_PASS = true`,CANONICAL_EQUIVALENT,HIGH,canonical module 'reference_pattern_audit' (keyword overlap=2)
CL-0875,L5_DGVA_v23_IMPLEMENTATION_STRICT_Autonomous_Remote_Transport_Recovery.md,ReferenceUSBStableMethodExtraction_PASS,INVARIANT_TOKEN,exact,V16,440,Stable Method Extraction,6030,`ReferenceUSBStableMethodExtraction_PASS = true`,CANONICAL_EQUIVALENT,MEDIUM,"Parent-only module 'reference_differential_kc_extraction' (keyword overlap=2), not yet migrated to canonical -- M5+ pool item"
CL-0876,L5_DGVA_v23_IMPLEMENTATION_STRICT_Autonomous_Remote_Transport_Recovery.md,Heuristic::440::1168,MUST_NOT_STATEMENT,heuristic,V16,440,Stable Method Extraction,6030,Do not generalize from a single occurrence when multiple patterns,UNKNOWN,LOW,did not match any defined bucket; not individually reviewed
CL-0877,L5_DGVA_v23_IMPLEMENTATION_STRICT_Autonomous_Remote_Transport_Recovery.md,ReferenceUSBCommandArchitectureManifest_PASS,INVARIANT_TOKEN,exact,V16,441,ReferenceUSBCommandArchitectureManifest,6039,`ReferenceUSBCommandArchitectureManifest_PASS = true`,CANONICAL_EQUIVALENT,MEDIUM,"Parent-only module 'reference_de_command_block_branch_integration_manifest' (keyword overlap=3), not yet migrated to canonical -- M5+ pool item"
CL-0878,L5_DGVA_v23_IMPLEMENTATION_STRICT_Autonomous_Remote_Transport_Recovery.md,ReferenceUSBCommandUnderstandingVerdict_PASS,INVARIANT_TOKEN,exact,V16,442,Understanding Verdict,6052,`ReferenceUSBCommandUnderstandingVerdict_PASS = true`,CANONICAL_EQUIVALENT,MEDIUM,"Parent-only module 'reference_de_command_block_branch_integration_manifest' (keyword overlap=2), not yet migrated to canonical -- M5+ pool item"
CL-0879,L5_DGVA_v23_IMPLEMENTATION_STRICT_Autonomous_Remote_Transport_Recovery.md,ReferenceUSBCommandBehavioralUnderstanding_PASS,INVARIANT_TOKEN,exact,V16,443,Proof of Understanding,6062,`ReferenceUSBCommandBehavioralUnderstanding_PASS = true`,CANONICAL_EQUIVALENT,MEDIUM,"Parent-only module 'reference_de_command_block_branch_integration_manifest' (keyword overlap=2), not yet migrated to canonical -- M5+ pool item"
CL-0880,L5_DGVA_v23_IMPLEMENTATION_STRICT_Autonomous_Remote_Transport_Recovery.md,ReferenceUSBCommandStudyBeforeGenerateGate_PASS,INVARIANT_TOKEN,exact,V16,444,Study-Before-Generate Hard Gate,6072,`ReferenceUSBCommandStudyBeforeGenerateGate_PASS = true`,CANONICAL_EQUIVALENT,HIGH,canonical module 'command_precondition_gate' (keyword overlap=2)
CL-0881,L5_DGVA_v23_IMPLEMENTATION_STRICT_Autonomous_Remote_Transport_Recovery.md,ReferenceUSBStudyUserReminder_Count,INVARIANT_TOKEN,exact,V16,445,No User Reminder to Study Reference,6084,`ReferenceUSBStudyUserReminder_Count = 0`,UNKNOWN,LOW,"weak fuzzy match only (Parent module 'atb_reference_inventory', overlap=1) -- insufficient confidence, needs individual semantic review"
CL-0882,L5_DGVA_v23_IMPLEMENTATION_STRICT_Autonomous_Remote_Transport_Recovery.md,ReferenceUSBStudyEightEngineRuntime_PASS,INVARIANT_TOKEN,exact,V16,446,Eight-Engine Runtime Enforcement for Deep Study,6092,`ReferenceUSBStudyEightEngineRuntime_PASS = true`,CANONICAL_EQUIVALENT,MEDIUM,"Parent-only module 'eight_engine_runtime_proof_matrix' (keyword overlap=3), not yet migrated to canonical -- M5+ pool item"
CL-0883,L5_DGVA_v23_IMPLEMENTATION_STRICT_Autonomous_Remote_Transport_Recovery.md,ReferenceCommandStudyGraphOrdering_PASS,INVARIANT_TOKEN,exact,V16,447,Graph Ordering Constraint,6108,`ReferenceCommandStudyGraphOrdering_PASS = true`,CANONICAL_EQUIVALENT,HIGH,canonical module 'claude_reference_graph' (keyword overlap=2)
CL-0884,L5_DGVA_v23_IMPLEMENTATION_STRICT_Autonomous_Remote_Transport_Recovery.md,ReferenceStudyGraphBypass_Count,INVARIANT_TOKEN,exact,V16,447,Graph Ordering Constraint,6108,`ReferenceStudyGraphBypass_Count = 0`,CANONICAL_EQUIVALENT,HIGH,canonical module 'claude_reference_graph' (keyword overlap=2)
CL-0885,L5_DGVA_v23_IMPLEMENTATION_STRICT_Autonomous_Remote_Transport_Recovery.md,Heuristic::447::1177,MUST_STATEMENT,heuristic,V16,447,Graph Ordering Constraint,6108,Graph MUST encode a transition equivalent to:,UNKNOWN,LOW,did not match any defined bucket; not individually reviewed
CL-0886,L5_DGVA_v23_IMPLEMENTATION_STRICT_Autonomous_Remote_Transport_Recovery.md,ReferenceCommandStudySkillResolution_PASS,INVARIANT_TOKEN,exact,V16,448,Route / Skill Resolver Constraint,6120,`ReferenceCommandStudySkillResolution_PASS = true`,CANONICAL_EQUIVALENT,MEDIUM,"Parent-only module 'command_deep_study_evidence_gate' (keyword overlap=2), not yet migrated to canonical -- M5+ pool item"
CL-0887,L5_DGVA_v23_IMPLEMENTATION_STRICT_Autonomous_Remote_Transport_Recovery.md,ReferenceCommandBlackboardMerge_PASS,INVARIANT_TOKEN,exact,V16,449,Blackboard Merge Constraint,6128,`ReferenceCommandBlackboardMerge_PASS = true`,CANONICAL_EQUIVALENT,MEDIUM,"Parent-only module 'reference_de_command_block_branch_integration_manifest' (keyword overlap=2), not yet migrated to canonical -- M5+ pool item"
CL-0888,L5_DGVA_v23_IMPLEMENTATION_STRICT_Autonomous_Remote_Transport_Recovery.md,ReferenceCommandKCSemanticDedup_PASS,INVARIANT_TOKEN,exact,V16,450,KC Recall Before New Method Creation,6136,`ReferenceCommandKCSemanticDedup_PASS = true`,CANONICAL_EQUIVALENT,MEDIUM,"Parent-only module 'l5dgva_kc_semantic_dedup' (keyword overlap=2), not yet migrated to canonical -- M5+ pool item"
CL-0889,L5_DGVA_v23_IMPLEMENTATION_STRICT_Autonomous_Remote_Transport_Recovery.md,ReferenceCommandKCRuntimeTrigger_PASS,INVARIANT_TOKEN,exact,V16,451,KC Runtime Trigger Registration,6143,`ReferenceCommandKCRuntimeTrigger_PASS = true`,CANONICAL_EQUIVALENT,HIGH,canonical module 'de_command_runtime_readiness_gate' (keyword overlap=2)
CL-0890,L5_DGVA_v23_IMPLEMENTATION_STRICT_Autonomous_Remote_Transport_Recovery.md,TargetPatternReferenceMethodDisposition_PASS,INVARIANT_TOKEN,exact,V16,452,Target Generation Must Cite Method Disposition Internally,6151,`TargetPatternReferenceMethodDisposition_PASS = true`,CANONICAL_EQUIVALENT,HIGH,canonical module 'reference_pattern_audit' (keyword overlap=2)
CL-0891,L5_DGVA_v23_IMPLEMENTATION_STRICT_Autonomous_Remote_Transport_Recovery.md,ReferenceCommandNoUSBSpecificLeakage_PASS,INVARIANT_TOKEN,exact,V16,453,No USB Content Leakage,6159,`ReferenceCommandNoUSBSpecificLeakage_PASS = true`,CANONICAL_EQUIVALENT,MEDIUM,"Parent-only module 'reference_de_command_block_branch_integration_manifest' (keyword overlap=2), not yet migrated to canonical -- M5+ pool item"
CL-0892,L5_DGVA_v23_IMPLEMENTATION_STRICT_Autonomous_Remote_Transport_Recovery.md,ReferenceStudyDEUVMFirewall_PASS,INVARIANT_TOKEN,exact,V16,454,DE/UVM Firewall Remains Authoritative,6167,`ReferenceStudyDEUVMFirewall_PASS = true`,UNKNOWN,LOW,"weak fuzzy match only (Parent module 'atb_reference_inventory', overlap=1) -- insufficient confidence, needs individual semantic review"
CL-0893,L5_DGVA_v23_IMPLEMENTATION_STRICT_Autonomous_Remote_Transport_Recovery.md,ReferenceCommandExistingTaskReuse_PASS,INVARIANT_TOKEN,exact,V16,455,Existing Reference Task Reuse,6174,`ReferenceCommandExistingTaskReuse_PASS = true`,CANONICAL_EQUIVALENT,HIGH,canonical module 'existing_command_reuse_score' (keyword overlap=3)
CL-0894,L5_DGVA_v23_IMPLEMENTATION_STRICT_Autonomous_Remote_Transport_Recovery.md,TargetVsReferenceCommandDifferential_PASS,INVARIANT_TOKEN,exact,V16,456,Target Differential After Generation,6182,`TargetVsReferenceCommandDifferential_PASS = true`,CANONICAL_EQUIVALENT,MEDIUM,"Parent-only module 'irq_reference_differential' (keyword overlap=2), not yet migrated to canonical -- M5+ pool item"
CL-0895,L5_DGVA_v23_IMPLEMENTATION_STRICT_Autonomous_Remote_Transport_Recovery.md,ReferenceCommandDifferentialAutoRepair_PASS,INVARIANT_TOKEN,exact,V16,457,Auto-Repair Differential Gaps,6192,`ReferenceCommandDifferentialAutoRepair_PASS = true`,CANONICAL_EQUIVALENT,MEDIUM,"Parent-only module 'irq_reference_differential' (keyword overlap=2), not yet migrated to canonical -- M5+ pool item"
CL-0896,L5_DGVA_v23_IMPLEMENTATION_STRICT_Autonomous_Remote_Transport_Recovery.md,ReferenceCommandManifestConsumed_PASS,INVARIANT_TOKEN,exact,V16,458,Reference Study Artifact Consumption,6199,`ReferenceCommandManifestConsumed_PASS = true`,CANONICAL_EQUIVALENT,MEDIUM,"Parent-only module 'reference_de_command_block_branch_integration_manifest' (keyword overlap=3), not yet migrated to canonical -- M5+ pool item"
CL-0897,L5_DGVA_v23_IMPLEMENTATION_STRICT_Autonomous_Remote_Transport_Recovery.md,ReferenceCommandArtifactProducedButNotConsumed_Count,INVARIANT_TOKEN,exact,V16,458,Reference Study Artifact Consumption,6199,`ReferenceCommandArtifactProducedButNotConsumed_Count = 0`,CANONICAL_EQUIVALENT,MEDIUM,"Parent-only module 'l5dgva_documented_not_implemented_boundary_artifact_gate' (keyword overlap=2), not yet migrated to canonical -- M5+ pool item"
CL-0898,L5_DGVA_v23_IMPLEMENTATION_STRICT_Autonomous_Remote_Transport_Recovery.md,ReferenceCommandBypassMetaFailureClassification_PASS,INVARIANT_TOKEN,exact,V16,459,Deep-Study Bypass Is Meta Failure,6207,`ReferenceCommandBypassMetaFailureClassification_PASS = true`,CANONICAL_EQUIVALENT,MEDIUM,"Parent-only module 'kc_lifecycle_operationalization_meta_failure' (keyword overlap=2), not yet migrated to canonical -- M5+ pool item"
CL-0899,L5_DGVA_v23_IMPLEMENTATION_STRICT_Autonomous_Remote_Transport_Recovery.md,ReferenceCommandBypassMetaSelfRepair_PASS,INVARIANT_TOKEN,exact,V16,460,Meta Self-Repair on Bypass,6215,`ReferenceCommandBypassMetaSelfRepair_PASS = true`,CANONICAL_EQUIVALENT,MEDIUM,"Parent-only module 'kc_meta_self_healing_identity_freeze' (keyword overlap=2), not yet migrated to canonical -- M5+ pool item"
CL-0900,L5_DGVA_v23_IMPLEMENTATION_STRICT_Autonomous_Remote_Transport_Recovery.md,ReferenceCommandDeepStudyHarnessRegression_PASS,INVARIANT_TOKEN,exact,V16,461,Harness Regression,6224,`ReferenceCommandDeepStudyHarnessRegression_PASS = true`,CANONICAL_EQUIVALENT,MEDIUM,"Parent-only module 'command_deep_study_evidence_gate' (keyword overlap=3), not yet migrated to canonical -- M5+ pool item"
CL-0901,L5_DGVA_v23_IMPLEMENTATION_STRICT_Autonomous_Remote_Transport_Recovery.md,RepeatedReferenceCommandStudyBypass_Count,INVARIANT_TOKEN,exact,V16,462,Same-Class Bypass Must Not Recur,6235,`RepeatedReferenceCommandStudyBypass_Count = 0`,CANONICAL_EQUIVALENT,MEDIUM,"Parent-only module 'command_deep_study_evidence_gate' (keyword overlap=2), not yet migrated to canonical -- M5+ pool item"
CL-0902,L5_DGVA_v23_IMPLEMENTATION_STRICT_Autonomous_Remote_Transport_Recovery.md,ReferenceUSBCommandDeepStudyClosureGate_PASS,INVARIANT_TOKEN,exact,V16,463,Phase Closure Compliance,6242,`ReferenceUSBCommandDeepStudyClosureGate_PASS = true`,CANONICAL_EQUIVALENT,HIGH,canonical module 'command_precondition_gate' (keyword overlap=2)
CL-0903,L5_DGVA_v23_IMPLEMENTATION_STRICT_Autonomous_Remote_Transport_Recovery.md,Heuristic::464::1215,MUST_STATEMENT,heuristic,V16,464,Final V16 Behavioral Constraint,6262,Claude CLI MUST behave as follows:,UNKNOWN,LOW,did not match any defined bucket; not individually reviewed
CL-0904,L5_DGVA_v23_IMPLEMENTATION_STRICT_Autonomous_Remote_Transport_Recovery.md,Heuristic::464::1216,MUST_NOT_STATEMENT,heuristic,V16,464,Final V16 Behavioral Constraint,6262,`DO NOT GENERATE FIRST.`,UNKNOWN,LOW,did not match any defined bucket; not individually reviewed
CL-0905,L5_DGVA_v23_IMPLEMENTATION_STRICT_Autonomous_Remote_Transport_Recovery.md,AutomaticEngineeringMethodKCOperationalization_PASS,INVARIANT_TOKEN,exact,V17,,(preamble),6297,`AutomaticEngineeringMethodKCOperationalization_PASS = true`,UNKNOWN,LOW,"weak fuzzy match only (Parent module 'irq_kc_named_method_retrieval', overlap=1) -- insufficient confidence, needs individual semantic review"
CL-0906,L5_DGVA_v23_IMPLEMENTATION_STRICT_Autonomous_Remote_Transport_Recovery.md,UserBecomeKCReminder_Count,INVARIANT_TOKEN,exact,V17,,(preamble),6297,`UserBecomeKCReminder_Count = 0`,UNKNOWN,LOW,"weak fuzzy match only (Parent module 'e_domain_zero_reminder_governance_composite', overlap=1) -- insufficient confidence, needs individual semantic review"
CL-0907,L5_DGVA_v23_IMPLEMENTATION_STRICT_Autonomous_Remote_Transport_Recovery.md,Heuristic::(preamble)::1219,MUST_NOT_STATEMENT,heuristic,V17,,(preamble),6297,A validated reusable engineering discovery MUST NOT remain only in,UNKNOWN,LOW,did not match any defined bucket; not individually reviewed
CL-0908,L5_DGVA_v23_IMPLEMENTATION_STRICT_Autonomous_Remote_Transport_Recovery.md,Heuristic::(preamble)::1220,MUST_STATEMENT,heuristic,V17,,(preamble),6297,Claude CLI MUST,UNKNOWN,LOW,did not match any defined bucket; not individually reviewed
CL-0909,L5_DGVA_v23_IMPLEMENTATION_STRICT_Autonomous_Remote_Transport_Recovery.md,Heuristic::(preamble)::1221,MUST_NOT_STATEMENT,heuristic,V17,,(preamble),6297,"The user MUST NOT need to say ""變 KC"", ""記住這個方法"", or equivalent.",CANONICAL_EQUIVALENT,MEDIUM,Parent's extensive Knowledge Brain / 5-tier Memory module family already addresses this; canonical's own Engineering Memory Policy is the ALWAYS_ON compact form.
CL-0910,L5_DGVA_v23_IMPLEMENTATION_STRICT_Autonomous_Remote_Transport_Recovery.md,AutomaticKCCandidateTrigger_PASS,INVARIANT_TOKEN,exact,V17,465,Automatic KC Candidate Detection,6316,`AutomaticKCCandidateTrigger_PASS = true`,UNKNOWN,LOW,"weak fuzzy match only (Parent module 'coverage_hole_generation_candidate_queue', overlap=1) -- insufficient confidence, needs individual semantic review"
CL-0911,L5_DGVA_v23_IMPLEMENTATION_STRICT_Autonomous_Remote_Transport_Recovery.md,SemanticKCCandidateDetection_PASS,INVARIANT_TOKEN,exact,V17,465,Automatic KC Candidate Detection,6316,`SemanticKCCandidateDetection_PASS = true`,UNKNOWN,LOW,"weak fuzzy match only (Parent module 'coverage_hole_generation_candidate_queue', overlap=1) -- insufficient confidence, needs individual semantic review"
CL-0912,L5_DGVA_v23_IMPLEMENTATION_STRICT_Autonomous_Remote_Transport_Recovery.md,KCCandidateArtifact_PASS,INVARIANT_TOKEN,exact,V17,466,KCCandidateArtifact,6329,`KCCandidateArtifact_PASS = true`,UNKNOWN,LOW,"weak fuzzy match only (Parent module 'behavioral_violation_artifact_registry', overlap=1) -- insufficient confidence, needs individual semantic review"
CL-0913,L5_DGVA_v23_IMPLEMENTATION_STRICT_Autonomous_Remote_Transport_Recovery.md,AutomaticKCSemanticDedup_PASS,INVARIANT_TOKEN,exact,V17,467,Semantic Dedup / Generalization / Persistence,6338,`AutomaticKCSemanticDedup_PASS = true`,CANONICAL_EQUIVALENT,MEDIUM,"Parent-only module 'l5dgva_kc_semantic_dedup' (keyword overlap=2), not yet migrated to canonical -- M5+ pool item"
CL-0914,L5_DGVA_v23_IMPLEMENTATION_STRICT_Autonomous_Remote_Transport_Recovery.md,DuplicateKCCreation_Count,INVARIANT_TOKEN,exact,V17,467,Semantic Dedup / Generalization / Persistence,6338,`DuplicateKCCreation_Count = 0`,NEW_VALID_GOVERNANCE_REQUIREMENT,LOW,no fuzzy keyword match (0 overlap) against any of 498 Parent or canonical module names -- candidate for individual verification
CL-0915,L5_DGVA_v23_IMPLEMENTATION_STRICT_Autonomous_Remote_Transport_Recovery.md,AutomaticKCGeneralizationClassification_PASS,INVARIANT_TOKEN,exact,V17,467,Semantic Dedup / Generalization / Persistence,6338,`AutomaticKCGeneralizationClassification_PASS = true`,UNKNOWN,LOW,"weak fuzzy match only (Parent module 'amba_performance_classification', overlap=1) -- insufficient confidence, needs individual semantic review"
CL-0916,L5_DGVA_v23_IMPLEMENTATION_STRICT_Autonomous_Remote_Transport_Recovery.md,AutomaticKCPersistence_PASS,INVARIANT_TOKEN,exact,V17,467,Semantic Dedup / Generalization / Persistence,6338,`AutomaticKCPersistence_PASS = true`,NEW_VALID_GOVERNANCE_REQUIREMENT,LOW,no fuzzy keyword match (0 overlap) against any of 498 Parent or canonical module names -- candidate for individual verification
CL-0917,L5_DGVA_v23_IMPLEMENTATION_STRICT_Autonomous_Remote_Transport_Recovery.md,KCRuntimeConsumerWiring_PASS,INVARIANT_TOKEN,exact,V17,468,Runtime Trigger + Consumer Wiring,6353,`KCRuntimeConsumerWiring_PASS = true`,UNKNOWN,LOW,"weak fuzzy match only (Parent module 'de_command_runtime_readiness_gate', overlap=1) -- insufficient confidence, needs individual semantic review"
CL-0918,L5_DGVA_v23_IMPLEMENTATION_STRICT_Autonomous_Remote_Transport_Recovery.md,KCTriggerWithoutConsumer_Count,INVARIANT_TOKEN,exact,V17,468,Runtime Trigger + Consumer Wiring,6353,`KCTriggerWithoutConsumer_Count = 0`,UNKNOWN,LOW,"weak fuzzy match only (Parent module 'kc_extraction_trigger_and_outcome_registration_gap', overlap=1) -- insufficient confidence, needs individual semantic review"
CL-0919,L5_DGVA_v23_IMPLEMENTATION_STRICT_Autonomous_Remote_Transport_Recovery.md,AutomaticKCRegressionProtection_PASS,INVARIANT_TOKEN,exact,V17,469,KC Regression and Runtime Proof,6369,`AutomaticKCRegressionProtection_PASS = true`,UNKNOWN,LOW,"weak fuzzy match only (Parent module 'kc_v18_harness_regression_qualification_gate', overlap=1) -- insufficient confidence, needs individual semantic review"
CL-0920,L5_DGVA_v23_IMPLEMENTATION_STRICT_Autonomous_Remote_Transport_Recovery.md,KCRuntimeRecallTest_PASS,INVARIANT_TOKEN,exact,V17,469,KC Regression and Runtime Proof,6369,`KCRuntimeRecallTest_PASS = true`,UNKNOWN,LOW,"weak fuzzy match only (Parent module 'de_command_runtime_readiness_gate', overlap=1) -- insufficient confidence, needs individual semantic review"
CL-0921,L5_DGVA_v23_IMPLEMENTATION_STRICT_Autonomous_Remote_Transport_Recovery.md,KC_Runtime_Operational_PASS,INVARIANT_TOKEN,exact,V17,469,KC Regression and Runtime Proof,6369,`KC_Runtime_Operational_PASS = true`,UNKNOWN,LOW,"weak fuzzy match only (Parent module 'de_command_runtime_readiness_gate', overlap=1) -- insufficient confidence, needs individual semantic review"
CL-0922,L5_DGVA_v23_IMPLEMENTATION_STRICT_Autonomous_Remote_Transport_Recovery.md,ExistingDiagnosticMechanismFirst_PASS,INVARIANT_TOKEN,exact,V17,470,Existing Diagnostic Mechanism First,6384,`ExistingDiagnosticMechanismFirst_PASS = true`,UNKNOWN,LOW,"weak fuzzy match only (Parent module 'diagnostic_bound_compatibility', overlap=1) -- insufficient confidence, needs individual semantic review"
CL-0923,L5_DGVA_v23_IMPLEMENTATION_STRICT_Autonomous_Remote_Transport_Recovery.md,ExistingDiagnosticMechanismBeforeNewInstrumentation_PASS,INVARIANT_TOKEN,exact,V17,470,Existing Diagnostic Mechanism First,6384,`ExistingDiagnosticMechanismBeforeNewInstrumentation_PASS = true`,UNKNOWN,LOW,"weak fuzzy match only (Parent module 'diagnostic_bound_compatibility', overlap=1) -- insufficient confidence, needs individual semantic review"
CL-0924,L5_DGVA_v23_IMPLEMENTATION_STRICT_Autonomous_Remote_Transport_Recovery.md,DiagnosticBoundEvidenceCompatibility_PASS,INVARIANT_TOKEN,exact,V17,471,Diagnostic Bound Compatibility,6396,`DiagnosticBoundEvidenceCompatibility_PASS = true`,CANONICAL_EQUIVALENT,HIGH,canonical module 'diagnostic_bound_compatibility' (keyword overlap=3)
CL-0925,L5_DGVA_v23_IMPLEMENTATION_STRICT_Autonomous_Remote_Transport_Recovery.md,FSDBScopeGapClassification_PASS,INVARIANT_TOKEN,exact,V17,472,Current FSDB Scope Gap Is Not FSDB Failure,6405,`FSDBScopeGapClassification_PASS = true`,CANONICAL_EQUIVALENT,MEDIUM,"Parent-only module 'fsdb_scope_gap_classifier' (keyword overlap=3), not yet migrated to canonical -- M5+ pool item"
CL-0926,L5_DGVA_v23_IMPLEMENTATION_STRICT_Autonomous_Remote_Transport_Recovery.md,ReferenceWaveConfigurationDiscovery_PASS,INVARIANT_TOKEN,exact,V17,473,Reference Wave Configuration Discovery / Inherit-First,6415,`ReferenceWaveConfigurationDiscovery_PASS = true`,CANONICAL_EQUIVALENT,MEDIUM,"Parent-only module 'l5dgva_qualified_reference_producer_discovery_order' (keyword overlap=2), not yet migrated to canonical -- M5+ pool item"
CL-0927,L5_DGVA_v23_IMPLEMENTATION_STRICT_Autonomous_Remote_Transport_Recovery.md,ReferenceWaveConfigurationInheritFirst_PASS,INVARIANT_TOKEN,exact,V17,473,Reference Wave Configuration Discovery / Inherit-First,6415,`ReferenceWaveConfigurationInheritFirst_PASS = true`,CANONICAL_EQUIVALENT,MEDIUM,"Parent-only module 'reference_wave_config_inherit' (keyword overlap=3), not yet migrated to canonical -- M5+ pool item"
CL-0928,L5_DGVA_v23_IMPLEMENTATION_STRICT_Autonomous_Remote_Transport_Recovery.md,TargetedWaveDumpScopeExtension_PASS,INVARIANT_TOKEN,exact,V17,474,Targeted Dump Scope Extension,6427,`TargetedWaveDumpScopeExtension_PASS = true`,UNKNOWN,LOW,"weak fuzzy match only (Parent module 'amba_command_txt_extension', overlap=1) -- insufficient confidence, needs individual semantic review"
CL-0929,L5_DGVA_v23_IMPLEMENTATION_STRICT_Autonomous_Remote_Transport_Recovery.md,FSDBRequiredScopePresenceValidation_PASS,INVARIANT_TOKEN,exact,V17,474,Targeted Dump Scope Extension,6427,`FSDBRequiredScopePresenceValidation_PASS = true`,CANONICAL_EQUIVALENT,MEDIUM,"Parent-only module 'fsdb_scope_gap_classifier' (keyword overlap=2), not yet migrated to canonical -- M5+ pool item"
CL-0930,L5_DGVA_v23_IMPLEMENTATION_STRICT_Autonomous_Remote_Transport_Recovery.md,FsdbReportAfterScopeExtension_PASS,INVARIANT_TOKEN,exact,V17,474,Targeted Dump Scope Extension,6427,`FsdbReportAfterScopeExtension_PASS = true`,CANONICAL_EQUIVALENT,HIGH,canonical module 'fsdb_report' (keyword overlap=2)
CL-0931,L5_DGVA_v23_IMPLEMENTATION_STRICT_Autonomous_Remote_Transport_Recovery.md,NoPrematureGUIDebugEscalation_PASS,INVARIANT_TOKEN,exact,V17,475,GUI Escalation,6439,`NoPrematureGUIDebugEscalation_PASS = true`,UNKNOWN,LOW,"weak fuzzy match only (Parent module 'debug_evidence_behavioral_firewall_gate', overlap=1) -- insufficient confidence, needs individual semantic review"
CL-0932,L5_DGVA_v23_IMPLEMENTATION_STRICT_Autonomous_Remote_Transport_Recovery.md,Heuristic::475::1246,MUST_NOT_STATEMENT,heuristic,V17,475,GUI Escalation,6439,Do not conclude GUI is required merely because current FSDB lacks a,UNKNOWN,LOW,did not match any defined bucket; not individually reviewed
CL-0933,L5_DGVA_v23_IMPLEMENTATION_STRICT_Autonomous_Remote_Transport_Recovery.md,TargetedWaveDumpScopeExtensionMethod_PASS,INVARIANT_TOKEN,exact,V17,476,Mandatory Generic Debug KCs,6448,`TargetedWaveDumpScopeExtensionMethod_PASS = true`,UNKNOWN,LOW,"weak fuzzy match only (Parent module 'amba_command_txt_extension', overlap=1) -- insufficient confidence, needs individual semantic review"
CL-0934,L5_DGVA_v23_IMPLEMENTATION_STRICT_Autonomous_Remote_Transport_Recovery.md,ExistingDiagnosticMechanismBeforeNewInstrumentationMethod_PASS,INVARIANT_TOKEN,exact,V17,476,Mandatory Generic Debug KCs,6448,`ExistingDiagnosticMechanismBeforeNewInstrumentationMethod_PASS = true`,UNKNOWN,LOW,"weak fuzzy match only (Parent module 'diagnostic_bound_compatibility', overlap=1) -- insufficient confidence, needs individual semantic review"
CL-0935,L5_DGVA_v23_IMPLEMENTATION_STRICT_Autonomous_Remote_Transport_Recovery.md,ReferenceWaveConfigurationInheritFirstMethod_PASS,INVARIANT_TOKEN,exact,V17,476,Mandatory Generic Debug KCs,6448,`ReferenceWaveConfigurationInheritFirstMethod_PASS = true`,CANONICAL_EQUIVALENT,MEDIUM,"Parent-only module 'reference_wave_config_inherit' (keyword overlap=3), not yet migrated to canonical -- M5+ pool item"
CL-0936,L5_DGVA_v23_IMPLEMENTATION_STRICT_Autonomous_Remote_Transport_Recovery.md,Heuristic::476::1250,MUST_NOT_STATEMENT,heuristic,V17,476,Mandatory Generic Debug KCs,6448,current FSDB scope insufficient → do not declare FSDB unusable →,UNKNOWN,LOW,did not match any defined bucket; not individually reviewed
CL-0937,L5_DGVA_v23_IMPLEMENTATION_STRICT_Autonomous_Remote_Transport_Recovery.md,DebugNextBestEvidenceArbitration_PASS,INVARIANT_TOKEN,exact,V17,477,Debug Next-Best Evidence Arbitration,6472,`DebugNextBestEvidenceArbitration_PASS = true`,CANONICAL_EQUIVALENT,HIGH,canonical module 'debug_evidence_behavioral_firewall_gate' (keyword overlap=2)
CL-0938,L5_DGVA_v23_IMPLEMENTATION_STRICT_Autonomous_Remote_Transport_Recovery.md,DebugEvidenceGapPersistence_PASS,INVARIANT_TOKEN,exact,V17,477,Debug Next-Best Evidence Arbitration,6472,`DebugEvidenceGapPersistence_PASS = true`,CANONICAL_EQUIVALENT,HIGH,canonical module 'debug_evidence_behavioral_firewall_gate' (keyword overlap=2)
CL-0939,L5_DGVA_v23_IMPLEMENTATION_STRICT_Autonomous_Remote_Transport_Recovery.md,DebugEvidenceGraphIntegration_PASS,INVARIANT_TOKEN,exact,V17,478,Debug Graph Integration,6485,`DebugEvidenceGraphIntegration_PASS = true`,CANONICAL_EQUIVALENT,HIGH,canonical module 'debug_evidence_behavioral_firewall_gate' (keyword overlap=2)
CL-0940,L5_DGVA_v23_IMPLEMENTATION_STRICT_Autonomous_Remote_Transport_Recovery.md,DebugKCRuntimeRecall_PASS,INVARIANT_TOKEN,exact,V17,479,Debug KC Recall / Artifact Consumption,6495,`DebugKCRuntimeRecall_PASS = true`,CANONICAL_EQUIVALENT,MEDIUM,"Parent-only module 'v7_ss146_build_runtime_debug_reference_differential' (keyword overlap=2), not yet migrated to canonical -- M5+ pool item"
CL-0941,L5_DGVA_v23_IMPLEMENTATION_STRICT_Autonomous_Remote_Transport_Recovery.md,ApplicableDebugKCNotRetrieved_Count,INVARIANT_TOKEN,exact,V17,479,Debug KC Recall / Artifact Consumption,6495,`ApplicableDebugKCNotRetrieved_Count = 0`,UNKNOWN,LOW,"weak fuzzy match only (Parent module 'debug_evidence_behavioral_firewall_gate', overlap=1) -- insufficient confidence, needs individual semantic review"
CL-0942,L5_DGVA_v23_IMPLEMENTATION_STRICT_Autonomous_Remote_Transport_Recovery.md,DebugEvidenceArtifactConsumption_PASS,INVARIANT_TOKEN,exact,V17,479,Debug KC Recall / Artifact Consumption,6495,`DebugEvidenceArtifactConsumption_PASS = true`,CANONICAL_EQUIVALENT,HIGH,canonical module 'debug_evidence_behavioral_firewall_gate' (keyword overlap=2)
CL-0943,L5_DGVA_v23_IMPLEMENTATION_STRICT_Autonomous_Remote_Transport_Recovery.md,ReferenceDebugCapabilityManifest_PASS,INVARIANT_TOKEN,exact,V17,480,Reference Debug Capability Manifest,6507,`ReferenceDebugCapabilityManifest_PASS = true`,CANONICAL_EQUIVALENT,MEDIUM,"Parent-only module 'reference_debug_capability_manifest' (keyword overlap=4), not yet migrated to canonical -- M5+ pool item"
CL-0944,L5_DGVA_v23_IMPLEMENTATION_STRICT_Autonomous_Remote_Transport_Recovery.md,DebugDiscoveryAutomaticKCHarvest_PASS,INVARIANT_TOKEN,exact,V17,481,Automatic KC Harvest at Phase Closure,6516,`DebugDiscoveryAutomaticKCHarvest_PASS = true`,UNKNOWN,LOW,"weak fuzzy match only (Parent module 'amba_discovery_report', overlap=1) -- insufficient confidence, needs individual semantic review"
CL-0945,L5_DGVA_v23_IMPLEMENTATION_STRICT_Autonomous_Remote_Transport_Recovery.md,UserSaysBecomeKCRequired_Count,INVARIANT_TOKEN,exact,V17,481,Automatic KC Harvest at Phase Closure,6516,`UserSaysBecomeKCRequired_Count = 0`,UNKNOWN,LOW,"weak fuzzy match only (Parent module 'multi_user_coordination', overlap=1) -- insufficient confidence, needs individual semantic review"
CL-0946,L5_DGVA_v23_IMPLEMENTATION_STRICT_Autonomous_Remote_Transport_Recovery.md,KCRuntimeOperationalizationMetaFailureClassification_PASS,INVARIANT_TOKEN,exact,V17,482,KC Operationalization Failure Is Meta Failure,6526,`KCRuntimeOperationalizationMetaFailureClassification_PASS = true`,CANONICAL_EQUIVALENT,MEDIUM,"Parent-only module 'kc_lifecycle_operationalization_meta_failure' (keyword overlap=3), not yet migrated to canonical -- M5+ pool item"
CL-0947,L5_DGVA_v23_IMPLEMENTATION_STRICT_Autonomous_Remote_Transport_Recovery.md,KCOperationalizationRootCause_PASS,INVARIANT_TOKEN,exact,V17,482,KC Operationalization Failure Is Meta Failure,6526,`KCOperationalizationRootCause_PASS = true`,CANONICAL_EQUIVALENT,HIGH,canonical module 'intra_project_root_cause_clustering' (keyword overlap=2)
CL-0948,L5_DGVA_v23_IMPLEMENTATION_STRICT_Autonomous_Remote_Transport_Recovery.md,KCOperationalizationMetaSelfRepair_PASS,INVARIANT_TOKEN,exact,V17,483,KC Lifecycle Meta Self-Repair,6542,`KCOperationalizationMetaSelfRepair_PASS = true`,CANONICAL_EQUIVALENT,MEDIUM,"Parent-only module 'kc_lifecycle_operationalization_meta_failure' (keyword overlap=2), not yet migrated to canonical -- M5+ pool item"
CL-0949,L5_DGVA_v23_IMPLEMENTATION_STRICT_Autonomous_Remote_Transport_Recovery.md,DebugKCSelfRepairAutomaticResume_PASS,INVARIANT_TOKEN,exact,V17,483,KC Lifecycle Meta Self-Repair,6542,`DebugKCSelfRepairAutomaticResume_PASS = true`,UNKNOWN,LOW,"weak fuzzy match only (Parent module 'autonomous_resume_next_action_arbitration', overlap=1) -- insufficient confidence, needs individual semantic review"
CL-0950,L5_DGVA_v23_IMPLEMENTATION_STRICT_Autonomous_Remote_Transport_Recovery.md,KCLifecycleHarnessRegression_PASS,INVARIANT_TOKEN,exact,V17,484,KC Lifecycle Harness Regression,6552,`KCLifecycleHarnessRegression_PASS = true`,CANONICAL_EQUIVALENT,MEDIUM,"Parent-only module 'kc_v18_harness_regression_qualification_gate' (keyword overlap=2), not yet migrated to canonical -- M5+ pool item"
CL-0951,L5_DGVA_v23_IMPLEMENTATION_STRICT_Autonomous_Remote_Transport_Recovery.md,RepeatedKCRuntimeOperationalizationFailure_Count,INVARIANT_TOKEN,exact,V17,484,KC Lifecycle Harness Regression,6552,`RepeatedKCRuntimeOperationalizationFailure_Count = 0`,CANONICAL_EQUIVALENT,MEDIUM,"Parent-only module 'kc_lifecycle_operationalization_meta_failure' (keyword overlap=2), not yet migrated to canonical -- M5+ pool item"
CL-0952,L5_DGVA_v23_IMPLEMENTATION_STRICT_Autonomous_Remote_Transport_Recovery.md,KCEvolutionEightEngineRuntime_PASS,INVARIANT_TOKEN,exact,V17,485,Eight-Engine KC Evolution Enforcement,6563,`KCEvolutionEightEngineRuntime_PASS = true`,CANONICAL_EQUIVALENT,MEDIUM,"Parent-only module 'eight_engine_runtime_proof_matrix' (keyword overlap=3), not yet migrated to canonical -- M5+ pool item"
CL-0953,L5_DGVA_v23_IMPLEMENTATION_STRICT_Autonomous_Remote_Transport_Recovery.md,KCPhaseClosureGate_PASS,INVARIANT_TOKEN,exact,V17,486,KC Phase Closure Gate / No Over-Harvesting,6574,`KCPhaseClosureGate_PASS = true`,CANONICAL_EQUIVALENT,MEDIUM,"Parent-only module 'phase_differential_closure_gate' (keyword overlap=3), not yet migrated to canonical -- M5+ pool item"
CL-0954,L5_DGVA_v23_IMPLEMENTATION_STRICT_Autonomous_Remote_Transport_Recovery.md,KCOverHarvestGuard_PASS,INVARIANT_TOKEN,exact,V17,486,KC Phase Closure Gate / No Over-Harvesting,6574,`KCOverHarvestGuard_PASS = true`,CANONICAL_EQUIVALENT,MEDIUM,"Parent-only module 'kc_over_harvest_admission_gate' (keyword overlap=2), not yet migrated to canonical -- M5+ pool item"
CL-0955,L5_DGVA_v23_IMPLEMENTATION_STRICT_Autonomous_Remote_Transport_Recovery.md,DebugKCGeneralizationTruth_PASS,INVARIANT_TOKEN,exact,V17,487,Generic vs Project-Specific Debug Knowledge,6587,`DebugKCGeneralizationTruth_PASS = true`,CANONICAL_EQUIVALENT,MEDIUM,"Parent-only module 'debug_kc_generalization_truth_gate' (keyword overlap=3), not yet migrated to canonical -- M5+ pool item"
CL-0956,L5_DGVA_v23_IMPLEMENTATION_STRICT_Autonomous_Remote_Transport_Recovery.md,ReferenceDebugDifferential_PASS,INVARIANT_TOKEN,exact,V17,488,Reference Debug Differential / Preservation,6595,`ReferenceDebugDifferential_PASS = true`,CANONICAL_EQUIVALENT,MEDIUM,"Parent-only module 'reference_debug_differential' (keyword overlap=3), not yet migrated to canonical -- M5+ pool item"
CL-0957,L5_DGVA_v23_IMPLEMENTATION_STRICT_Autonomous_Remote_Transport_Recovery.md,ReferenceDebugCapabilityPreservation_PASS,INVARIANT_TOKEN,exact,V17,488,Reference Debug Differential / Preservation,6595,`ReferenceDebugCapabilityPreservation_PASS = true`,CANONICAL_EQUIVALENT,MEDIUM,"Parent-only module 'reference_debug_capability_manifest' (keyword overlap=3), not yet migrated to canonical -- M5+ pool item"
CL-0958,L5_DGVA_v23_IMPLEMENTATION_STRICT_Autonomous_Remote_Transport_Recovery.md,DebugBehavioralFirewall_PASS,INVARIANT_TOKEN,exact,V17,489,Debug Behavioral Firewall,6607,`DebugBehavioralFirewall_PASS = true`,CANONICAL_EQUIVALENT,HIGH,canonical module 'debug_evidence_behavioral_firewall_gate' (keyword overlap=3)
CL-0959,L5_DGVA_v23_IMPLEMENTATION_STRICT_Autonomous_Remote_Transport_Recovery.md,ProhibitedDebugKCBehavior_Count,INVARIANT_TOKEN,exact,V17,490,Prohibited Debug/KC Behavior,6616,`ProhibitedDebugKCBehavior_Count = 0`,CANONICAL_EQUIVALENT,MEDIUM,"Parent-only module 'debug_kc_prohibited_behavior_registry' (keyword overlap=3), not yet migrated to canonical -- M5+ pool item"
CL-0960,L5_DGVA_v23_IMPLEMENTATION_STRICT_Autonomous_Remote_Transport_Recovery.md,Heuristic::490::1275,PROHIBITED_BEHAVIOR,heuristic,V17,490,Prohibited Debug/KC Behavior,6616,"Prohibited: signal absent in current FSDB → ""FSDB impossible""; new dump",UNKNOWN,LOW,did not match any defined bucket; not individually reviewed
CL-0961,L5_DGVA_v23_IMPLEMENTATION_STRICT_Autonomous_Remote_Transport_Recovery.md,L5DGVA_KNOWLEDGE_ARCHITECTURE_RUNTIME_PASS,INVARIANT_TOKEN,exact,V18,,ABSOLUTE KNOWLEDGE RUNTIME DIRECTIVE,6667,`L5DGVA_KNOWLEDGE_ARCHITECTURE_RUNTIME_PASS = true`,CANONICAL_EQUIVALENT,MEDIUM,"Parent-only module 'kc_knowledge_runtime_graph' (keyword overlap=2), not yet migrated to canonical -- M5+ pool item"
CL-0962,L5_DGVA_v23_IMPLEMENTATION_STRICT_Autonomous_Remote_Transport_Recovery.md,Heuristic::ABSOLUTE KNOWLEDGE RUNTIME DIRECTIVE::1297,MUST_STATEMENT,heuristic,V18,,ABSOLUTE KNOWLEDGE RUNTIME DIRECTIVE,6667,L5-DGVA Claude CLI MUST actually operate the complete:,UNKNOWN,LOW,did not match any defined bucket; not individually reviewed
CL-0963,L5_DGVA_v23_IMPLEMENTATION_STRICT_Autonomous_Remote_Transport_Recovery.md,Heuristic::ABSOLUTE KNOWLEDGE RUNTIME DIRECTIVE::1298,MUST_STATEMENT,heuristic,V18,,ABSOLUTE KNOWLEDGE RUNTIME DIRECTIVE,6667,"The user MUST see concise runtime status proving recall, memory level,",CANONICAL_EQUIVALENT,MEDIUM,Parent's extensive Knowledge Brain / 5-tier Memory module family already addresses this; canonical's own Engineering Memory Policy is the ALWAYS_ON compact form.
CL-0964,L5_DGVA_v23_IMPLEMENTATION_STRICT_Autonomous_Remote_Transport_Recovery.md,FiveLevelMemoryArchitecture_PASS,INVARIANT_TOKEN,exact,V18,512,Mandatory Five-Level Architecture,6684,`FiveLevelMemoryArchitecture_PASS = true`,CANONICAL_EQUIVALENT,MEDIUM,"Parent-only module 'kc_five_level_proof_and_provenance' (keyword overlap=2), not yet migrated to canonical -- M5+ pool item"
CL-0965,L5_DGVA_v23_IMPLEMENTATION_STRICT_Autonomous_Remote_Transport_Recovery.md,FiveLevelMemoryRuntimeProofMatrix_PASS,INVARIANT_TOKEN,exact,V18,513,Runtime Proof Per Memory Level,6695,`FiveLevelMemoryRuntimeProofMatrix_PASS = true`,CANONICAL_EQUIVALENT,MEDIUM,"Parent-only module 'eight_engine_runtime_proof_matrix' (keyword overlap=3), not yet migrated to canonical -- M5+ pool item"
CL-0966,L5_DGVA_v23_IMPLEMENTATION_STRICT_Autonomous_Remote_Transport_Recovery.md,MemoryLevelFalsePass_Count,INVARIANT_TOKEN,exact,V18,513,Runtime Proof Per Memory Level,6695,`MemoryLevelFalsePass_Count = 0`,UNKNOWN,LOW,"weak fuzzy match only (Parent module 'kc_five_level_proof_and_provenance', overlap=1) -- insufficient confidence, needs individual semantic review"
CL-0967,L5_DGVA_v23_IMPLEMENTATION_STRICT_Autonomous_Remote_Transport_Recovery.md,Artifact::FiveLevelMemoryRuntimeProofMatrix,ARTIFACT_REQUIREMENT,exact,V18,513,Runtime Proof Per Memory Level,6695,Create `FiveLevelMemoryRuntimeProofMatrix`,UNKNOWN,MEDIUM,no clear Parent module match found by name
CL-0968,L5_DGVA_v23_IMPLEMENTATION_STRICT_Autonomous_Remote_Transport_Recovery.md,M1WorkingMemoryRuntime_PASS,INVARIANT_TOKEN,exact,V18,514,M1 Runtime,6708,`M1WorkingMemoryRuntime_PASS = true`,UNKNOWN,LOW,"weak fuzzy match only (Parent module 'de_command_runtime_readiness_gate', overlap=1) -- insufficient confidence, needs individual semantic review"
CL-0969,L5_DGVA_v23_IMPLEMENTATION_STRICT_Autonomous_Remote_Transport_Recovery.md,M2JobMemoryRuntime_PASS,INVARIANT_TOKEN,exact,V18,515,M2 Runtime,6716,`M2JobMemoryRuntime_PASS = true`,UNKNOWN,LOW,"weak fuzzy match only (Parent module 'de_command_runtime_readiness_gate', overlap=1) -- insufficient confidence, needs individual semantic review"
CL-0970,L5_DGVA_v23_IMPLEMENTATION_STRICT_Autonomous_Remote_Transport_Recovery.md,M3ProjectMemoryRuntime_PASS,INVARIANT_TOKEN,exact,V18,516,M3 Runtime,6724,`M3ProjectMemoryRuntime_PASS = true`,UNKNOWN,LOW,"weak fuzzy match only (Parent module 'cross_project_mining', overlap=1) -- insufficient confidence, needs individual semantic review"
CL-0971,L5_DGVA_v23_IMPLEMENTATION_STRICT_Autonomous_Remote_Transport_Recovery.md,M4EngineeringMemoryRuntime_PASS,INVARIANT_TOKEN,exact,V18,517,M4 Runtime,6731,`M4EngineeringMemoryRuntime_PASS = true`,UNKNOWN,LOW,"weak fuzzy match only (Parent module 'de_command_runtime_readiness_gate', overlap=1) -- insufficient confidence, needs individual semantic review"
CL-0972,L5_DGVA_v23_IMPLEMENTATION_STRICT_Autonomous_Remote_Transport_Recovery.md,M5OrganizationalMemoryRuntime_PASS,INVARIANT_TOKEN,exact,V18,518,M5 Runtime / Authority,6738,`M5OrganizationalMemoryRuntime_PASS = true`,UNKNOWN,LOW,"weak fuzzy match only (Parent module 'de_command_runtime_readiness_gate', overlap=1) -- insufficient confidence, needs individual semantic review"
CL-0973,L5_DGVA_v23_IMPLEMENTATION_STRICT_Autonomous_Remote_Transport_Recovery.md,UnauthorizedMemoryPromotion_Count,INVARIANT_TOKEN,exact,V18,519,Promotion Governance,6748,`UnauthorizedMemoryPromotion_Count = 0`,UNKNOWN,LOW,"weak fuzzy match only (Parent module 'memory', overlap=1) -- insufficient confidence, needs individual semantic review"
CL-0974,L5_DGVA_v23_IMPLEMENTATION_STRICT_Autonomous_Remote_Transport_Recovery.md,DirectUnauthorizedM3PlusPromotion_Count,INVARIANT_TOKEN,exact,V18,519,Promotion Governance,6748,`DirectUnauthorizedM3PlusPromotion_Count = 0`,NEW_VALID_GOVERNANCE_REQUIREMENT,LOW,no fuzzy keyword match (0 overlap) against any of 498 Parent or canonical module names -- candidate for individual verification
CL-0975,L5_DGVA_v23_IMPLEMENTATION_STRICT_Autonomous_Remote_Transport_Recovery.md,KCEndToEndLifecycle_PASS,INVARIANT_TOKEN,exact,V18,520,KC End-to-End Lifecycle,6758,`KCEndToEndLifecycle_PASS = true`,UNKNOWN,LOW,"weak fuzzy match only (Parent module 'kc_lifecycle_operationalization_meta_failure', overlap=1) -- insufficient confidence, needs individual semantic review"
CL-0976,L5_DGVA_v23_IMPLEMENTATION_STRICT_Autonomous_Remote_Transport_Recovery.md,KCMemoryLevelMapping_PASS,INVARIANT_TOKEN,exact,V18,520,KC End-to-End Lifecycle,6758,`KCMemoryLevelMapping_PASS = true`,UNKNOWN,LOW,"weak fuzzy match only (Parent module 'irq_alias_token_mapping', overlap=1) -- insufficient confidence, needs individual semantic review"
CL-0977,L5_DGVA_v23_IMPLEMENTATION_STRICT_Autonomous_Remote_Transport_Recovery.md,PhaseTriggeredKnowledgeRecall_PASS,INVARIANT_TOKEN,exact,V18,521,Phase-Triggered Recall,6767,`PhaseTriggeredKnowledgeRecall_PASS = true`,UNKNOWN,LOW,"weak fuzzy match only (Parent module 'design_knowledge_correlation', overlap=1) -- insufficient confidence, needs individual semantic review"
CL-0978,L5_DGVA_v23_IMPLEMENTATION_STRICT_Autonomous_Remote_Transport_Recovery.md,ApplicableKnowledgeNotRecalled_Count,INVARIANT_TOKEN,exact,V18,521,Phase-Triggered Recall,6767,`ApplicableKnowledgeNotRecalled_Count = 0`,UNKNOWN,LOW,"weak fuzzy match only (Parent module 'design_knowledge_correlation', overlap=1) -- insufficient confidence, needs individual semantic review"
CL-0979,L5_DGVA_v23_IMPLEMENTATION_STRICT_Autonomous_Remote_Transport_Recovery.md,KnowledgeApplicabilityEvaluation_PASS,INVARIANT_TOKEN,exact,V18,522,Applicability and Consumption,6777,`KnowledgeApplicabilityEvaluation_PASS = true`,UNKNOWN,LOW,"weak fuzzy match only (Parent module 'design_knowledge_correlation', overlap=1) -- insufficient confidence, needs individual semantic review"
CL-0980,L5_DGVA_v23_IMPLEMENTATION_STRICT_Autonomous_Remote_Transport_Recovery.md,KnowledgeConsumptionEvidence_PASS,INVARIANT_TOKEN,exact,V18,522,Applicability and Consumption,6777,`KnowledgeConsumptionEvidence_PASS = true`,UNKNOWN,LOW,"weak fuzzy match only (Parent module 'command_deep_study_evidence_gate', overlap=1) -- insufficient confidence, needs individual semantic review"
CL-0981,L5_DGVA_v23_IMPLEMENTATION_STRICT_Autonomous_Remote_Transport_Recovery.md,ApplicableMemoryRuntimeReuseRate_PASS,INVARIANT_TOKEN,exact,V18,523,Operational Reuse Metrics,6789,`ApplicableMemoryRuntimeReuseRate_PASS = true`,UNKNOWN,LOW,"weak fuzzy match only (Parent module 'de_command_runtime_readiness_gate', overlap=1) -- insufficient confidence, needs individual semantic review"
CL-0982,L5_DGVA_v23_IMPLEMENTATION_STRICT_Autonomous_Remote_Transport_Recovery.md,ObsidianAdapterRuntimeDiscovery_PASS,INVARIANT_TOKEN,exact,V18,524,Obsidian Runtime Discovery and Health,6797,`ObsidianAdapterRuntimeDiscovery_PASS = true`,CANONICAL_EQUIVALENT,MEDIUM,"Parent-only module 'obsidian_adapter_readiness_dry_run' (keyword overlap=2), not yet migrated to canonical -- M5+ pool item"
CL-0983,L5_DGVA_v23_IMPLEMENTATION_STRICT_Autonomous_Remote_Transport_Recovery.md,ObsidianRuntimeHealthCheck_PASS,INVARIANT_TOKEN,exact,V18,524,Obsidian Runtime Discovery and Health,6797,`ObsidianRuntimeHealthCheck_PASS = true`,UNKNOWN,LOW,"weak fuzzy match only (Parent module 'agent_checkpoint_check', overlap=1) -- insufficient confidence, needs individual semantic review"
CL-0984,L5_DGVA_v23_IMPLEMENTATION_STRICT_Autonomous_Remote_Transport_Recovery.md,ObsidianCuratedKnowledgeBoundary_PASS,INVARIANT_TOKEN,exact,V18,525,Obsidian Curated Boundary,6807,`ObsidianCuratedKnowledgeBoundary_PASS = true`,UNKNOWN,LOW,"weak fuzzy match only (Parent module 'bind_protocol_boundary_rule', overlap=1) -- insufficient confidence, needs individual semantic review"
CL-0985,L5_DGVA_v23_IMPLEMENTATION_STRICT_Autonomous_Remote_Transport_Recovery.md,ObsidianCuratedKnowledgeWrite_PASS,INVARIANT_TOKEN,exact,V18,526,Qualified Obsidian Write,6815,`ObsidianCuratedKnowledgeWrite_PASS = true`,UNKNOWN,LOW,"weak fuzzy match only (Parent module 'design_knowledge_correlation', overlap=1) -- insufficient confidence, needs individual semantic review"
CL-0986,L5_DGVA_v23_IMPLEMENTATION_STRICT_Autonomous_Remote_Transport_Recovery.md,ObsidianSemanticDedup_PASS,INVARIANT_TOKEN,exact,V18,527,Obsidian Dedup and Linkage,6824,`ObsidianSemanticDedup_PASS = true`,CANONICAL_EQUIVALENT,MEDIUM,"Parent-only module 'l5dgva_kc_semantic_dedup' (keyword overlap=2), not yet migrated to canonical -- M5+ pool item"
CL-0987,L5_DGVA_v23_IMPLEMENTATION_STRICT_Autonomous_Remote_Transport_Recovery.md,DuplicateObsidianKnowledge_Count,INVARIANT_TOKEN,exact,V18,527,Obsidian Dedup and Linkage,6824,`DuplicateObsidianKnowledge_Count = 0`,UNKNOWN,LOW,"weak fuzzy match only (Parent module 'design_knowledge_correlation', overlap=1) -- insufficient confidence, needs individual semantic review"
CL-0988,L5_DGVA_v23_IMPLEMENTATION_STRICT_Autonomous_Remote_Transport_Recovery.md,ObsidianKnowledgeLinkage_PASS,INVARIANT_TOKEN,exact,V18,527,Obsidian Dedup and Linkage,6824,`ObsidianKnowledgeLinkage_PASS = true`,UNKNOWN,LOW,"weak fuzzy match only (Parent module 'design_knowledge_correlation', overlap=1) -- insufficient confidence, needs individual semantic review"
CL-0989,L5_DGVA_v23_IMPLEMENTATION_STRICT_Autonomous_Remote_Transport_Recovery.md,ObsidianKnowledgeRetrieval_PASS,INVARIANT_TOKEN,exact,V18,528,Obsidian Retrieval / Consumption / Outcome,6835,`ObsidianKnowledgeRetrieval_PASS = true`,UNKNOWN,LOW,"weak fuzzy match only (Parent module 'design_knowledge_correlation', overlap=1) -- insufficient confidence, needs individual semantic review"
CL-0990,L5_DGVA_v23_IMPLEMENTATION_STRICT_Autonomous_Remote_Transport_Recovery.md,ObsidianKnowledgeConsumed_PASS,INVARIANT_TOKEN,exact,V18,528,Obsidian Retrieval / Consumption / Outcome,6835,`ObsidianKnowledgeConsumed_PASS = true`,UNKNOWN,LOW,"weak fuzzy match only (Parent module 'design_knowledge_correlation', overlap=1) -- insufficient confidence, needs individual semantic review"
CL-0991,L5_DGVA_v23_IMPLEMENTATION_STRICT_Autonomous_Remote_Transport_Recovery.md,ObsidianKnowledgeOutcomeVerification_PASS,INVARIANT_TOKEN,exact,V18,528,Obsidian Retrieval / Consumption / Outcome,6835,`ObsidianKnowledgeOutcomeVerification_PASS = true`,CANONICAL_EQUIVALENT,HIGH,canonical module 'verification_knowledge_graph' (keyword overlap=2)
CL-0992,L5_DGVA_v23_IMPLEMENTATION_STRICT_Autonomous_Remote_Transport_Recovery.md,ObsidianKnowledgeRoundTrip_PASS,INVARIANT_TOKEN,exact,V18,529,Obsidian Round-Trip Qualification,6845,`ObsidianKnowledgeRoundTrip_PASS = true`,CANONICAL_EQUIVALENT,MEDIUM,"Parent-only module 'obsidian_causal_round_trip_record_registry' (keyword overlap=3), not yet migrated to canonical -- M5+ pool item"
CL-0993,L5_DGVA_v23_IMPLEMENTATION_STRICT_Autonomous_Remote_Transport_Recovery.md,CrossSessionKnowledgeRecall_PASS,INVARIANT_TOKEN,exact,V18,530,Cross-Session Recall,6853,`CrossSessionKnowledgeRecall_PASS = true`,CANONICAL_EQUIVALENT,MEDIUM,"Parent-only module 'kc_v18_cross_session_recall_harness_replay_gate' (keyword overlap=3), not yet migrated to canonical -- M5+ pool item"
CL-0994,L5_DGVA_v23_IMPLEMENTATION_STRICT_Autonomous_Remote_Transport_Recovery.md,KnowledgeArchitectureE2EPilot_PASS,INVARIANT_TOKEN,exact,V18,531,Controlled E2E Pilot,6860,`KnowledgeArchitectureE2EPilot_PASS = true`,UNKNOWN,LOW,"weak fuzzy match only (Parent module 'design_architecture_ir', overlap=1) -- insufficient confidence, needs individual semantic review"
CL-0995,L5_DGVA_v23_IMPLEMENTATION_STRICT_Autonomous_Remote_Transport_Recovery.md,KnowledgeRuntimeUserVisibility_PASS,INVARIANT_TOKEN,exact,V18,532,Mandatory User-Visible Runtime Status,6869,`KnowledgeRuntimeUserVisibility_PASS = true`,CANONICAL_EQUIVALENT,MEDIUM,"Parent-only module 'kc_knowledge_runtime_graph' (keyword overlap=2), not yet migrated to canonical -- M5+ pool item"
CL-0996,L5_DGVA_v23_IMPLEMENTATION_STRICT_Autonomous_Remote_Transport_Recovery.md,Heuristic::532::1333,MUST_STATEMENT,heuristic,V18,532,Mandatory User-Visible Runtime Status,6869,During material phases Claude CLI MUST visibly show concise,UNKNOWN,LOW,did not match any defined bucket; not individually reviewed
CL-0997,L5_DGVA_v23_IMPLEMENTATION_STRICT_Autonomous_Remote_Transport_Recovery.md,KnowledgeStatusHeader_PASS,INVARIANT_TOKEN,exact,V18,533,Standard Status Block,6876,`KnowledgeStatusHeader_PASS = true`,UNKNOWN,LOW,"weak fuzzy match only (Parent module 'design_knowledge_correlation', overlap=1) -- insufficient confidence, needs individual semantic review"
CL-0998,L5_DGVA_v23_IMPLEMENTATION_STRICT_Autonomous_Remote_Transport_Recovery.md,KnowledgeStatusTruth_PASS,INVARIANT_TOKEN,exact,V18,534,Status Truth,6893,`KnowledgeStatusTruth_PASS = true`,UNKNOWN,LOW,"weak fuzzy match only (Parent module 'debug_kc_generalization_truth_gate', overlap=1) -- insufficient confidence, needs individual semantic review"
CL-0999,L5_DGVA_v23_IMPLEMENTATION_STRICT_Autonomous_Remote_Transport_Recovery.md,KnowledgeStatusFalsePass_Count,INVARIANT_TOKEN,exact,V18,534,Status Truth,6893,`KnowledgeStatusFalsePass_Count = 0`,UNKNOWN,LOW,"weak fuzzy match only (Parent module 'design_knowledge_correlation', overlap=1) -- insufficient confidence, needs individual semantic review"
CL-1000,L5_DGVA_v23_IMPLEMENTATION_STRICT_Autonomous_Remote_Transport_Recovery.md,KnowledgeRecallVisibility_PASS,INVARIANT_TOKEN,exact,V18,535,Visible Recall / Harvest / Promotion / Obsidian Activity,6903,`KnowledgeRecallVisibility_PASS = true`,UNKNOWN,LOW,"weak fuzzy match only (Parent module 'design_knowledge_correlation', overlap=1) -- insufficient confidence, needs individual semantic review"
CL-1001,L5_DGVA_v23_IMPLEMENTATION_STRICT_Autonomous_Remote_Transport_Recovery.md,KCHarvestVisibility_PASS,INVARIANT_TOKEN,exact,V18,535,Visible Recall / Harvest / Promotion / Obsidian Activity,6903,`KCHarvestVisibility_PASS = true`,UNKNOWN,LOW,"weak fuzzy match only (Parent module 'kc_harvest_phase_closure_coverage', overlap=1) -- insufficient confidence, needs individual semantic review"
CL-1002,L5_DGVA_v23_IMPLEMENTATION_STRICT_Autonomous_Remote_Transport_Recovery.md,ObsidianRuntimeVisibility_PASS,INVARIANT_TOKEN,exact,V18,535,Visible Recall / Harvest / Promotion / Obsidian Activity,6903,`ObsidianRuntimeVisibility_PASS = true`,UNKNOWN,LOW,"weak fuzzy match only (Parent module 'de_command_runtime_readiness_gate', overlap=1) -- insufficient confidence, needs individual semantic review"
CL-1003,L5_DGVA_v23_IMPLEMENTATION_STRICT_Autonomous_Remote_Transport_Recovery.md,KnowledgeRuntimeDashboardArtifact_PASS,INVARIANT_TOKEN,exact,V18,536,KnowledgeRuntimeDashboardArtifact,6915,`KnowledgeRuntimeDashboardArtifact_PASS = true`,CANONICAL_EQUIVALENT,MEDIUM,"Parent-only module 'kc_knowledge_runtime_graph' (keyword overlap=2), not yet migrated to canonical -- M5+ pool item"
CL-1004,L5_DGVA_v23_IMPLEMENTATION_STRICT_Autonomous_Remote_Transport_Recovery.md,KnowledgeArchitectureEightEngineIntegration_PASS,INVARIANT_TOKEN,exact,V18,537,Eight-Engine Integration,6923,`KnowledgeArchitectureEightEngineIntegration_PASS = true`,CANONICAL_EQUIVALENT,MEDIUM,"Parent-only module 'eight_engine_runtime_proof_matrix' (keyword overlap=2), not yet migrated to canonical -- M5+ pool item"
CL-1005,L5_DGVA_v23_IMPLEMENTATION_STRICT_Autonomous_Remote_Transport_Recovery.md,KnowledgeRuntimeGraphWiring_PASS,INVARIANT_TOKEN,exact,V18,538,Knowledge Runtime Graph,6935,`KnowledgeRuntimeGraphWiring_PASS = true`,CANONICAL_EQUIVALENT,HIGH,canonical module 'dut_knowledge_graph' (keyword overlap=2)
CL-1006,L5_DGVA_v23_IMPLEMENTATION_STRICT_Autonomous_Remote_Transport_Recovery.md,KnowledgeArtifactProducedButNotConsumed_Count,INVARIANT_TOKEN,exact,V18,539,No Dead Knowledge Artifacts,6944,`KnowledgeArtifactProducedButNotConsumed_Count = 0`,CANONICAL_EQUIVALENT,MEDIUM,"Parent-only module 'l5dgva_documented_not_implemented_boundary_artifact_gate' (keyword overlap=2), not yet migrated to canonical -- M5+ pool item"
CL-1007,L5_DGVA_v23_IMPLEMENTATION_STRICT_Autonomous_Remote_Transport_Recovery.md,KnowledgeContradictionHandling_PASS,INVARIANT_TOKEN,exact,V18,540,Contradiction / Staleness,6950,`KnowledgeContradictionHandling_PASS = true`,UNKNOWN,LOW,"weak fuzzy match only (Parent module 'design_knowledge_correlation', overlap=1) -- insufficient confidence, needs individual semantic review"
CL-1008,L5_DGVA_v23_IMPLEMENTATION_STRICT_Autonomous_Remote_Transport_Recovery.md,StaleKnowledgeGuard_PASS,INVARIANT_TOKEN,exact,V18,540,Contradiction / Staleness,6950,`StaleKnowledgeGuard_PASS = true`,UNKNOWN,LOW,"weak fuzzy match only (Parent module 'design_knowledge_correlation', overlap=1) -- insufficient confidence, needs individual semantic review"
CL-1009,L5_DGVA_v23_IMPLEMENTATION_STRICT_Autonomous_Remote_Transport_Recovery.md,KnowledgeArchitectureSelfHealing_PASS,INVARIANT_TOKEN,exact,V18,541,Knowledge Self-Healing,6960,`KnowledgeArchitectureSelfHealing_PASS = true`,CANONICAL_EQUIVALENT,HIGH,canonical module 'bounded_self_healing' (keyword overlap=2)
CL-1010,L5_DGVA_v23_IMPLEMENTATION_STRICT_Autonomous_Remote_Transport_Recovery.md,KnowledgeArchitectureFailureClassification_PASS,INVARIANT_TOKEN,exact,V18,542,Failure Classification,6969,`KnowledgeArchitectureFailureClassification_PASS = true`,UNKNOWN,LOW,"weak fuzzy match only (Parent module 'amba_performance_classification', overlap=1) -- insufficient confidence, needs individual semantic review"
CL-1011,L5_DGVA_v23_IMPLEMENTATION_STRICT_Autonomous_Remote_Transport_Recovery.md,KnowledgeArchitectureMetaSelfRepairLoop_PASS,INVARIANT_TOKEN,exact,V18,543,Meta Self-Repair Loop,6980,`KnowledgeArchitectureMetaSelfRepairLoop_PASS = true`,CANONICAL_EQUIVALENT,MEDIUM,"Parent-only module 'kc_meta_self_healing_identity_freeze' (keyword overlap=2), not yet migrated to canonical -- M5+ pool item"
CL-1012,L5_DGVA_v23_IMPLEMENTATION_STRICT_Autonomous_Remote_Transport_Recovery.md,KnowledgeArchitectureHarnessRegression_PASS,INVARIANT_TOKEN,exact,V18,544,Harness Regression,6989,`KnowledgeArchitectureHarnessRegression_PASS = true`,CANONICAL_EQUIVALENT,MEDIUM,"Parent-only module 'kc_v18_harness_regression_qualification_gate' (keyword overlap=2), not yet migrated to canonical -- M5+ pool item"
CL-1013,L5_DGVA_v23_IMPLEMENTATION_STRICT_Autonomous_Remote_Transport_Recovery.md,KnowledgeArchitectureQualificationMatrix_PASS,INVARIANT_TOKEN,exact,V18,545,Qualification Matrix,6998,`KnowledgeArchitectureQualificationMatrix_PASS = true`,UNKNOWN,LOW,"weak fuzzy match only (Parent module 'coverage_closure_loop_leg_matrix', overlap=1) -- insufficient confidence, needs individual semantic review"
CL-1014,L5_DGVA_v23_IMPLEMENTATION_STRICT_Autonomous_Remote_Transport_Recovery.md,Artifact::KnowledgeArchitectureQualificationMatrix,ARTIFACT_REQUIREMENT,exact,V18,545,Qualification Matrix,6998,Create `KnowledgeArchitectureQualificationMatrix`,CANONICAL_EQUIVALENT,MEDIUM,kc_v18_harness_regression_qualification_gate.py
CL-1015,L5_DGVA_v23_IMPLEMENTATION_STRICT_Autonomous_Remote_Transport_Recovery.md,L5_DGVA_KNOWLEDGE_ARCHITECTURE_PASS,INVARIANT_TOKEN,exact,V18,546,Strict Knowledge Qualification,7011,`L5_DGVA_KNOWLEDGE_ARCHITECTURE_PASS`,UNKNOWN,LOW,"weak fuzzy match only (Parent module 'design_architecture_ir', overlap=1) -- insufficient confidence, needs individual semantic review"
CL-1016,L5_DGVA_v23_IMPLEMENTATION_STRICT_Autonomous_Remote_Transport_Recovery.md,ProhibitedKnowledgeFalsePass_Count,INVARIANT_TOKEN,exact,V18,547,Prohibited False Passes,7022,`ProhibitedKnowledgeFalsePass_Count = 0`,UNKNOWN,LOW,"weak fuzzy match only (Parent module 'debug_kc_prohibited_behavior_registry', overlap=1) -- insufficient confidence, needs individual semantic review"
CL-1017,L5_DGVA_v23_IMPLEMENTATION_STRICT_Autonomous_Remote_Transport_Recovery.md,Heuristic::547::1355,PROHIBITED_BEHAVIOR,heuristic,V18,547,Prohibited False Passes,7022,Prohibited: MemoryService exists→Five-Level PASS; KC exists→operational,CANONICAL_EQUIVALENT,MEDIUM,Parent's extensive Knowledge Brain / 5-tier Memory module family already addresses this; canonical's own Engineering Memory Policy is the ALWAYS_ON compact form.
CL-1018,L5_DGVA_v23_IMPLEMENTATION_STRICT_Autonomous_Remote_Transport_Recovery.md,UserKnowledgeOrchestrationReminder_Count,INVARIANT_TOKEN,exact,V18,548,User Is Not Knowledge Orchestrator,7032,`UserKnowledgeOrchestrationReminder_Count = 0`,UNKNOWN,LOW,"weak fuzzy match only (Parent module 'design_knowledge_correlation', overlap=1) -- insufficient confidence, needs individual semantic review"
CL-1019,L5_DGVA_v23_IMPLEMENTATION_STRICT_Autonomous_Remote_Transport_Recovery.md,Heuristic::548::1358,MUST_NOT_STATEMENT,heuristic,V18,548,User Is Not Knowledge Orchestrator,7032,"User MUST NOT need to remind Claude CLI to recall KC, promote memory,",CANONICAL_EQUIVALENT,MEDIUM,Parent's extensive Knowledge Brain / 5-tier Memory module family already addresses this; canonical's own Engineering Memory Policy is the ALWAYS_ON compact form.
CL-1020,L5_DGVA_v23_IMPLEMENTATION_STRICT_Autonomous_Remote_Transport_Recovery.md,MajorMilestoneKnowledgeStatus_PASS,INVARIANT_TOKEN,exact,V18,549,Mandatory Knowledge Status at Major Milestones,7041,`MajorMilestoneKnowledgeStatus_PASS = true`,UNKNOWN,LOW,"weak fuzzy match only (Parent module 'design_knowledge_correlation', overlap=1) -- insufficient confidence, needs individual semantic review"
CL-1021,L5_DGVA_v23_IMPLEMENTATION_STRICT_Autonomous_Remote_Transport_Recovery.md,KnowledgeArchitectureE2EQualificationGate_PASS,INVARIANT_TOKEN,exact,V18,550,Final E2E Runtime Qualification Gate,7050,`KnowledgeArchitectureE2EQualificationGate_PASS = true`,CANONICAL_EQUIVALENT,MEDIUM,"Parent-only module 'irq_backdoor_qualification_gate' (keyword overlap=2), not yet migrated to canonical -- M5+ pool item"
CL-1022,L5_DGVA_v23_IMPLEMENTATION_STRICT_Autonomous_Remote_Transport_Recovery.md,L5_DGVA_KNOWLEDGE_BRAIN_RUNTIME_PASS,INVARIANT_TOKEN,exact,V19,,ABSOLUTE PROOF DIRECTIVE,7103,`L5_DGVA_KNOWLEDGE_BRAIN_RUNTIME_PASS = true`,CANONICAL_EQUIVALENT,MEDIUM,"Parent-only module 'kc_knowledge_runtime_graph' (keyword overlap=2), not yet migrated to canonical -- M5+ pool item"
CL-1023,L5_DGVA_v23_IMPLEMENTATION_STRICT_Autonomous_Remote_Transport_Recovery.md,Heuristic::ABSOLUTE PROOF DIRECTIVE::1381,MUST_NOT_STATEMENT,heuristic,V19,,ABSOLUTE PROOF DIRECTIVE,7103,"Claude CLI MUST NOT claim that Obsidian, KC, Five-Level Memory, or the",CANONICAL_EQUIVALENT,MEDIUM,Parent's extensive Knowledge Brain / 5-tier Memory module family already addresses this; canonical's own Engineering Memory Policy is the ALWAYS_ON compact form.
CL-1024,L5_DGVA_v23_IMPLEMENTATION_STRICT_Autonomous_Remote_Transport_Recovery.md,KnowledgeBrainRoleDefinition_PASS,INVARIANT_TOKEN,exact,V19,552,Knowledge Brain Definition,7114,`KnowledgeBrainRoleDefinition_PASS = true`,CANONICAL_EQUIVALENT,MEDIUM,"Parent-only module 'knowledge_brain_ablation_experiment' (keyword overlap=2), not yet migrated to canonical -- M5+ pool item"
CL-1025,L5_DGVA_v23_IMPLEMENTATION_STRICT_Autonomous_Remote_Transport_Recovery.md,KnowledgeBrainProofLevelModel_PASS,INVARIANT_TOKEN,exact,V19,553,Proof Levels,7125,`KnowledgeBrainProofLevelModel_PASS = true`,CANONICAL_EQUIVALENT,MEDIUM,"Parent-only module 'knowledge_brain_proof_level_gate' (keyword overlap=4), not yet migrated to canonical -- M5+ pool item"
CL-1026,L5_DGVA_v23_IMPLEMENTATION_STRICT_Autonomous_Remote_Transport_Recovery.md,KnowledgeCausalDecisionTrace_PASS,INVARIANT_TOKEN,exact,V19,554,Causal Decision Trace,7136,`KnowledgeCausalDecisionTrace_PASS = true`,UNKNOWN,LOW,"weak fuzzy match only (Parent module 'command_task_trace', overlap=1) -- insufficient confidence, needs individual semantic review"
CL-1027,L5_DGVA_v23_IMPLEMENTATION_STRICT_Autonomous_Remote_Transport_Recovery.md,KnowledgeCausalityFalsePass_Count,INVARIANT_TOKEN,exact,V19,555,No Retrieval-Equals-Brain False Pass,7146,`KnowledgeCausalityFalsePass_Count = 0`,UNKNOWN,LOW,"weak fuzzy match only (Parent module 'design_knowledge_correlation', overlap=1) -- insufficient confidence, needs individual semantic review"
CL-1028,L5_DGVA_v23_IMPLEMENTATION_STRICT_Autonomous_Remote_Transport_Recovery.md,KnowledgeBrainAblationQualification_PASS,INVARIANT_TOKEN,exact,V19,556,A/B and Ablation Qualification,7154,`KnowledgeBrainAblationQualification_PASS = true`,CANONICAL_EQUIVALENT,MEDIUM,"Parent-only module 'knowledge_brain_ablation_experiment' (keyword overlap=3), not yet migrated to canonical -- M5+ pool item"
CL-1029,L5_DGVA_v23_IMPLEMENTATION_STRICT_Autonomous_Remote_Transport_Recovery.md,KnowledgeAblationIsolation_PASS,INVARIANT_TOKEN,exact,V19,557,Isolation Guard,7166,`KnowledgeAblationIsolation_PASS = true`,CANONICAL_EQUIVALENT,MEDIUM,"Parent-only module 'knowledge_brain_ablation_experiment' (keyword overlap=2), not yet migrated to canonical -- M5+ pool item"
CL-1030,L5_DGVA_v23_IMPLEMENTATION_STRICT_Autonomous_Remote_Transport_Recovery.md,KnowledgeBrainCrossSession_PASS,INVARIANT_TOKEN,exact,V19,558,Cross-Session Test,7174,`KnowledgeBrainCrossSession_PASS = true`,CANONICAL_EQUIVALENT,MEDIUM,"Parent-only module 'kc_v18_cross_session_recall_harness_replay_gate' (keyword overlap=2), not yet migrated to canonical -- M5+ pool item"
CL-1031,L5_DGVA_v23_IMPLEMENTATION_STRICT_Autonomous_Remote_Transport_Recovery.md,KnowledgeBrainCrossIPTransfer_PASS,INVARIANT_TOKEN,exact,V19,559,Cross-IP Transfer Test,7182,`KnowledgeBrainCrossIPTransfer_PASS = true`,CANONICAL_EQUIVALENT,MEDIUM,"Parent-only module 'knowledge_brain_ablation_experiment' (keyword overlap=2), not yet migrated to canonical -- M5+ pool item"
CL-1032,L5_DGVA_v23_IMPLEMENTATION_STRICT_Autonomous_Remote_Transport_Recovery.md,KnowledgeBrainStaleKnowledgeRejection_PASS,INVARIANT_TOKEN,exact,V19,560,Stale/Contradicted Knowledge Adversarial Test,7190,`KnowledgeBrainStaleKnowledgeRejection_PASS = true`,CANONICAL_EQUIVALENT,MEDIUM,"Parent-only module 'knowledge_brain_ablation_experiment' (keyword overlap=2), not yet migrated to canonical -- M5+ pool item"
CL-1033,L5_DGVA_v23_IMPLEMENTATION_STRICT_Autonomous_Remote_Transport_Recovery.md,ObsidianDisconnectTruth_PASS,INVARIANT_TOKEN,exact,V19,561,Obsidian Disconnect Test,7199,`ObsidianDisconnectTruth_PASS = true`,UNKNOWN,LOW,"weak fuzzy match only (Parent module 'debug_kc_generalization_truth_gate', overlap=1) -- insufficient confidence, needs individual semantic review"
CL-1034,L5_DGVA_v23_IMPLEMENTATION_STRICT_Autonomous_Remote_Transport_Recovery.md,ObsidianCausalRoundTrip_PASS,INVARIANT_TOKEN,exact,V19,562,Obsidian Round-Trip Proof,7207,`ObsidianCausalRoundTrip_PASS = true`,CANONICAL_EQUIVALENT,MEDIUM,"Parent-only module 'obsidian_causal_round_trip_record_registry' (keyword overlap=4), not yet migrated to canonical -- M5+ pool item"
CL-1035,L5_DGVA_v23_IMPLEMENTATION_STRICT_Autonomous_Remote_Transport_Recovery.md,FiveLevelMemoryCausalRuntimeProof_PASS,INVARIANT_TOKEN,exact,V19,563,Five-Level Proof,7215,`FiveLevelMemoryCausalRuntimeProof_PASS = true`,CANONICAL_EQUIVALENT,MEDIUM,"Parent-only module 'kc_five_level_proof_and_provenance' (keyword overlap=3), not yet migrated to canonical -- M5+ pool item"
CL-1036,L5_DGVA_v23_IMPLEMENTATION_STRICT_Autonomous_Remote_Transport_Recovery.md,KnowledgeBrainProvenance_PASS,INVARIANT_TOKEN,exact,V19,564,Knowledge Provenance,7222,`KnowledgeBrainProvenance_PASS = true`,CANONICAL_EQUIVALENT,MEDIUM,"Parent-only module 'knowledge_brain_ablation_experiment' (keyword overlap=2), not yet migrated to canonical -- M5+ pool item"
CL-1037,L5_DGVA_v23_IMPLEMENTATION_STRICT_Autonomous_Remote_Transport_Recovery.md,KnowledgeBrainProofVisibility_PASS,INVARIANT_TOKEN,exact,V19,565,Visible Proof Status,7230,`KnowledgeBrainProofVisibility_PASS = true`,CANONICAL_EQUIVALENT,MEDIUM,"Parent-only module 'knowledge_brain_proof_level_gate' (keyword overlap=3), not yet migrated to canonical -- M5+ pool item"
CL-1038,L5_DGVA_v23_IMPLEMENTATION_STRICT_Autonomous_Remote_Transport_Recovery.md,Heuristic::565::1396,MUST_NOT_STATEMENT,heuristic,V19,565,Visible Proof Status,7230,Never expose hidden chain-of-thought.,NEW_VALID_GOVERNANCE_REQUIREMENT,MEDIUM,No existing canonical or Parent rule found addressing hidden-reasoning/chain-of-thought exposure specifically.
CL-1039,L5_DGVA_v23_IMPLEMENTATION_STRICT_Autonomous_Remote_Transport_Recovery.md,KnowledgeBrainRuntimeProofDashboard_PASS,INVARIANT_TOKEN,exact,V19,566,Runtime Proof Dashboard,7240,`KnowledgeBrainRuntimeProofDashboard_PASS = true`,CANONICAL_EQUIVALENT,MEDIUM,"Parent-only module 'knowledge_brain_proof_level_gate' (keyword overlap=3), not yet migrated to canonical -- M5+ pool item"
CL-1040,L5_DGVA_v23_IMPLEMENTATION_STRICT_Autonomous_Remote_Transport_Recovery.md,Artifact::KnowledgeBrainRuntimeProofDashboard,ARTIFACT_REQUIREMENT,exact,V19,566,Runtime Proof Dashboard,7240,Create `KnowledgeBrainRuntimeProofDashboard`,UNKNOWN,MEDIUM,no clear Parent module match found by name
CL-1041,L5_DGVA_v23_IMPLEMENTATION_STRICT_Autonomous_Remote_Transport_Recovery.md,ObsidianBrainQualificationMatrix_PASS,INVARIANT_TOKEN,exact,V19,567,Obsidian Brain Qualification Matrix,7248,`ObsidianBrainQualificationMatrix_PASS = true`,UNKNOWN,LOW,"weak fuzzy match only (Parent module 'coverage_closure_loop_leg_matrix', overlap=1) -- insufficient confidence, needs individual semantic review"
CL-1042,L5_DGVA_v23_IMPLEMENTATION_STRICT_Autonomous_Remote_Transport_Recovery.md,KnowledgeBrainHarnessRegression_PASS,INVARIANT_TOKEN,exact,V19,568,Knowledge Brain Harness Tests,7257,`KnowledgeBrainHarnessRegression_PASS = true`,CANONICAL_EQUIVALENT,MEDIUM,"Parent-only module 'kc_v18_harness_regression_qualification_gate' (keyword overlap=2), not yet migrated to canonical -- M5+ pool item"
CL-1043,L5_DGVA_v23_IMPLEMENTATION_STRICT_Autonomous_Remote_Transport_Recovery.md,KnowledgeBrainMetaSelfHealing_PASS,INVARIANT_TOKEN,exact,V19,569,Meta Self-Healing,7265,`KnowledgeBrainMetaSelfHealing_PASS = true`,CANONICAL_EQUIVALENT,HIGH,canonical module 'bounded_self_healing' (keyword overlap=2)
CL-1044,L5_DGVA_v23_IMPLEMENTATION_STRICT_Autonomous_Remote_Transport_Recovery.md,CodexKnowledgeBrainReviewPackage_PASS,INVARIANT_TOKEN,exact,V19,571,Codex Handoff Package,7281,`CodexKnowledgeBrainReviewPackage_PASS = true`,CANONICAL_EQUIVALENT,HIGH,canonical module 'design_knowledge_output_package' (keyword overlap=2)
CL-1045,L5_DGVA_v23_IMPLEMENTATION_STRICT_Autonomous_Remote_Transport_Recovery.md,IndependentReviewerNonCoaching_PASS,INVARIANT_TOKEN,exact,V19,572,No Coaching the Reviewer,7291,`IndependentReviewerNonCoaching_PASS = true`,UNKNOWN,LOW,"weak fuzzy match only (Parent module 'independent_work_continuation', overlap=1) -- insufficient confidence, needs individual semantic review"
CL-1046,L5_DGVA_v23_IMPLEMENTATION_STRICT_Autonomous_Remote_Transport_Recovery.md,Heuristic::572::1404,MUST_NOT_STATEMENT,heuristic,V19,572,No Coaching the Reviewer,7291,Do not instruct Codex to confirm Claude's conclusion.,CANONICAL_EXISTING_RULE_STRONGER,MEDIUM,"Already extensively, independently audited this program (M4_5_CODEX_INTEGRATION_AUDIT.md) -- HUMAN_MEDIATED_CODEX_REVIEW confirmed, this sentence restates the same discipline."
CL-1047,L5_DGVA_v23_IMPLEMENTATION_STRICT_Autonomous_Remote_Transport_Recovery.md,CodexIssueHandoff_PASS,INVARIANT_TOKEN,exact,V19,573,Codex Findings Become issue.md,7298,`CodexIssueHandoff_PASS = true`,CANONICAL_EQUIVALENT,MEDIUM,"Parent-only module 'codex_kc_handoff_package' (keyword overlap=2), not yet migrated to canonical -- M5+ pool item"
CL-1048,L5_DGVA_v23_IMPLEMENTATION_STRICT_Autonomous_Remote_Transport_Recovery.md,KnowledgeBrainIndependentRepairLoop_PASS,INVARIANT_TOKEN,exact,V19,574,Repair/Re-review Loop,7308,`KnowledgeBrainIndependentRepairLoop_PASS = true`,CANONICAL_EQUIVALENT,MEDIUM,"Parent-only module 'knowledge_brain_ablation_experiment' (keyword overlap=2), not yet migrated to canonical -- M5+ pool item"
CL-1049,L5_DGVA_v23_IMPLEMENTATION_STRICT_Autonomous_Remote_Transport_Recovery.md,L5_DGVA_KNOWLEDGE_BRAIN_SIGNOFF_PASS,INVARIANT_TOKEN,exact,V19,575,Dual Signoff,7315,`L5_DGVA_KNOWLEDGE_BRAIN_SIGNOFF_PASS = true`,CANONICAL_EQUIVALENT,MEDIUM,"Parent-only module 'knowledge_brain_ablation_experiment' (keyword overlap=2), not yet migrated to canonical -- M5+ pool item"
CL-1050,L5_DGVA_v23_IMPLEMENTATION_STRICT_Autonomous_Remote_Transport_Recovery.md,KnowledgeBrainDualSignoffTruth_PASS,INVARIANT_TOKEN,exact,V19,575,Dual Signoff,7315,`KnowledgeBrainDualSignoffTruth_PASS = true`,CANONICAL_EQUIVALENT,MEDIUM,"Parent-only module 'knowledge_brain_ablation_experiment' (keyword overlap=2), not yet migrated to canonical -- M5+ pool item"
CL-1051,L5_DGVA_v23_IMPLEMENTATION_STRICT_Autonomous_Remote_Transport_Recovery.md,Heuristic::575::1409,MUST_NOT_STATEMENT,heuristic,V19,575,Dual Signoff,7315,"If reviewer unavailable, report `INDEPENDENT_REVIEW_PENDING`; do not",CANONICAL_EXISTING_RULE_STRONGER,MEDIUM,"Already extensively, independently audited this program (M4_5_CODEX_INTEGRATION_AUDIT.md) -- HUMAN_MEDIATED_CODEX_REVIEW confirmed, this sentence restates the same discipline."
CL-1052,L5_DGVA_v23_IMPLEMENTATION_STRICT_Autonomous_Remote_Transport_Recovery.md,KnowledgeBrainProofShortcut_Count,INVARIANT_TOKEN,exact,V19,577,Prohibited Proof Shortcuts,7336,`KnowledgeBrainProofShortcut_Count = 0`,CANONICAL_EQUIVALENT,MEDIUM,"Parent-only module 'knowledge_brain_proof_level_gate' (keyword overlap=3), not yet migrated to canonical -- M5+ pool item"
CL-1053,L5_DGVA_v23_IMPLEMENTATION_STRICT_Autonomous_Remote_Transport_Recovery.md,Heuristic::577::1412,PROHIBITED_BEHAVIOR,heuristic,V19,577,Prohibited Proof Shortcuts,7336,Prohibited: vault exists→PASS; note count→brain quality; search,UNKNOWN,LOW,did not match any defined bucket; not individually reviewed
CL-1054,L5_DGVA_v23_IMPLEMENTATION_STRICT_Autonomous_Remote_Transport_Recovery.md,ContractAsCodeImplementation_PASS,INVARIANT_TOKEN,exact,V20,,(preamble),7370,`ContractAsCodeImplementation_PASS = true`,UNKNOWN,LOW,"weak fuzzy match only (Parent module 'codex_full_contract_review_package', overlap=1) -- insufficient confidence, needs individual semantic review"
CL-1055,L5_DGVA_v23_IMPLEMENTATION_STRICT_Autonomous_Remote_Transport_Recovery.md,Heuristic::(preamble)::1428,MUST_NOT_STATEMENT,heuristic,V20,,(preamble),7370,MUST NOT summarize the governing contract and stop.,UNKNOWN,LOW,did not match any defined bucket; not individually reviewed
CL-1056,L5_DGVA_v23_IMPLEMENTATION_STRICT_Autonomous_Remote_Transport_Recovery.md,NormativeContractPreservation_PASS,INVARIANT_TOKEN,exact,V20,579,Preserve Normative Source,7384,`NormativeContractPreservation_PASS = true`,UNKNOWN,LOW,"weak fuzzy match only (Parent module 'codex_full_contract_review_package', overlap=1) -- insufficient confidence, needs individual semantic review"
CL-1057,L5_DGVA_v23_IMPLEMENTATION_STRICT_Autonomous_Remote_Transport_Recovery.md,ContractCompiler_PASS,INVARIANT_TOKEN,exact,V20,580,Contract Compiler,7390,`ContractCompiler_PASS = true`,CANONICAL_EQUIVALENT,MEDIUM,"Parent-only module 'l5dgva_contract_compiler_auto_inference' (keyword overlap=2), not yet migrated to canonical -- M5+ pool item"
CL-1058,L5_DGVA_v23_IMPLEMENTATION_STRICT_Autonomous_Remote_Transport_Recovery.md,ContractRequirementExtraction_PASS,INVARIANT_TOKEN,exact,V20,581,Requirement Registry,7396,`ContractRequirementExtraction_PASS = true`,CANONICAL_EQUIVALENT,HIGH,canonical module 'requirement_contract' (keyword overlap=2)
CL-1059,L5_DGVA_v23_IMPLEMENTATION_STRICT_Autonomous_Remote_Transport_Recovery.md,ContractRequirementRegistry_PASS,INVARIANT_TOKEN,exact,V20,581,Requirement Registry,7396,`ContractRequirementRegistry_PASS = true`,CANONICAL_EQUIVALENT,HIGH,canonical module 'requirement_contract' (keyword overlap=2)
CL-1060,L5_DGVA_v23_IMPLEMENTATION_STRICT_Autonomous_Remote_Transport_Recovery.md,StableContractRequirementIdentity_PASS,INVARIANT_TOKEN,exact,V20,582,Stable Identity / Provenance / Incremental Compile,7405,`StableContractRequirementIdentity_PASS = true`,CANONICAL_EQUIVALENT,HIGH,canonical module 'requirement_contract' (keyword overlap=2)
CL-1061,L5_DGVA_v23_IMPLEMENTATION_STRICT_Autonomous_Remote_Transport_Recovery.md,ContractRegistryProvenance_PASS,INVARIANT_TOKEN,exact,V20,582,Stable Identity / Provenance / Incremental Compile,7405,`ContractRegistryProvenance_PASS = true`,CANONICAL_EQUIVALENT,MEDIUM,"Parent-only module 'l5dgva_contract_artifact_registry' (keyword overlap=2), not yet migrated to canonical -- M5+ pool item"
CL-1062,L5_DGVA_v23_IMPLEMENTATION_STRICT_Autonomous_Remote_Transport_Recovery.md,IncrementalContractCompilation_PASS,INVARIANT_TOKEN,exact,V20,582,Stable Identity / Provenance / Incremental Compile,7405,`IncrementalContractCompilation_PASS = true`,UNKNOWN,LOW,"weak fuzzy match only (Parent module 'codex_full_contract_review_package', overlap=1) -- insufficient confidence, needs individual semantic review"
CL-1063,L5_DGVA_v23_IMPLEMENTATION_STRICT_Autonomous_Remote_Transport_Recovery.md,Heuristic::583::1437,MUST_STATEMENT,heuristic,V20,583,Contract-to-Runtime Traceability,7414,Map every applicable MUST/Required invariant: Requirement → EngineOwner,UNKNOWN,LOW,did not match any defined bucket; not individually reviewed
CL-1064,L5_DGVA_v23_IMPLEMENTATION_STRICT_Autonomous_Remote_Transport_Recovery.md,ContractRuntimeMappingClassification_PASS,INVARIANT_TOKEN,exact,V20,584,Runtime Classification,7420,`ContractRuntimeMappingClassification_PASS = true`,CANONICAL_EQUIVALENT,MEDIUM,"Parent-only module 'l5dgva_runtime_classification_mapping' (keyword overlap=3), not yet migrated to canonical -- M5+ pool item"
CL-1065,L5_DGVA_v23_IMPLEMENTATION_STRICT_Autonomous_Remote_Transport_Recovery.md,CriticalUnmappedContractRequirement_Count,INVARIANT_TOKEN,exact,V20,584,Runtime Classification,7420,`CriticalUnmappedContractRequirement_Count = 0`,CANONICAL_EQUIVALENT,HIGH,canonical module 'requirement_contract' (keyword overlap=2)
CL-1066,L5_DGVA_v23_IMPLEMENTATION_STRICT_Autonomous_Remote_Transport_Recovery.md,ContractEngineOwnership_PASS,INVARIANT_TOKEN,exact,V20,585,Eight-Engine Ownership,7428,`ContractEngineOwnership_PASS = true`,UNKNOWN,LOW,"weak fuzzy match only (Parent module 'ai_engine_bypass_detector', overlap=1) -- insufficient confidence, needs individual semantic review"
CL-1067,L5_DGVA_v23_IMPLEMENTATION_STRICT_Autonomous_Remote_Transport_Recovery.md,ContractGraphCompilation_PASS,INVARIANT_TOKEN,exact,V20,586,Graph / Trigger / Gate Compilation,7434,`ContractGraphCompilation_PASS = true`,UNKNOWN,LOW,"weak fuzzy match only (Parent module 'amba_fabric_graph_ir', overlap=1) -- insufficient confidence, needs individual semantic review"
CL-1068,L5_DGVA_v23_IMPLEMENTATION_STRICT_Autonomous_Remote_Transport_Recovery.md,ContractTriggerCompilation_PASS,INVARIANT_TOKEN,exact,V20,586,Graph / Trigger / Gate Compilation,7434,`ContractTriggerCompilation_PASS = true`,UNKNOWN,LOW,"weak fuzzy match only (Parent module 'codex_full_contract_review_package', overlap=1) -- insufficient confidence, needs individual semantic review"
CL-1069,L5_DGVA_v23_IMPLEMENTATION_STRICT_Autonomous_Remote_Transport_Recovery.md,ContractGateCompilation_PASS,INVARIANT_TOKEN,exact,V20,586,Graph / Trigger / Gate Compilation,7434,`ContractGateCompilation_PASS = true`,CANONICAL_EQUIVALENT,MEDIUM,"Parent-only module 'l5dgva_all_contract_closure_gate_verdict' (keyword overlap=2), not yet migrated to canonical -- M5+ pool item"
CL-1070,L5_DGVA_v23_IMPLEMENTATION_STRICT_Autonomous_Remote_Transport_Recovery.md,GraphDefinedButUnreachable_Count,INVARIANT_TOKEN,exact,V20,586,Graph / Trigger / Gate Compilation,7434,`GraphDefinedButUnreachable_Count = 0`,UNKNOWN,LOW,"weak fuzzy match only (Parent module 'amba_fabric_graph_ir', overlap=1) -- insufficient confidence, needs individual semantic review"
CL-1071,L5_DGVA_v23_IMPLEMENTATION_STRICT_Autonomous_Remote_Transport_Recovery.md,ContractProhibitedBehaviorEnforcement_PASS,INVARIANT_TOKEN,exact,V20,587,Prohibited-Behavior Enforcement,7445,`ContractProhibitedBehaviorEnforcement_PASS = true`,CANONICAL_EQUIVALENT,MEDIUM,"Parent-only module 'debug_kc_prohibited_behavior_registry' (keyword overlap=2), not yet migrated to canonical -- M5+ pool item"
CL-1072,L5_DGVA_v23_IMPLEMENTATION_STRICT_Autonomous_Remote_Transport_Recovery.md,ContractArtifactSchemaRegistry_PASS,INVARIANT_TOKEN,exact,V20,588,Artifact / Consumer / Regression Registries,7453,`ContractArtifactSchemaRegistry_PASS = true`,CANONICAL_EQUIVALENT,MEDIUM,"Parent-only module 'l5dgva_contract_artifact_registry' (keyword overlap=3), not yet migrated to canonical -- M5+ pool item"
CL-1073,L5_DGVA_v23_IMPLEMENTATION_STRICT_Autonomous_Remote_Transport_Recovery.md,ArtifactConsumerRegistry_PASS,INVARIANT_TOKEN,exact,V20,588,Artifact / Consumer / Regression Registries,7453,`ArtifactConsumerRegistry_PASS = true`,CANONICAL_EQUIVALENT,MEDIUM,"Parent-only module 'behavioral_violation_artifact_registry' (keyword overlap=2), not yet migrated to canonical -- M5+ pool item"
CL-1074,L5_DGVA_v23_IMPLEMENTATION_STRICT_Autonomous_Remote_Transport_Recovery.md,ContractRegressionRegistry_PASS,INVARIANT_TOKEN,exact,V20,588,Artifact / Consumer / Regression Registries,7453,`ContractRegressionRegistry_PASS = true`,CANONICAL_EQUIVALENT,MEDIUM,"Parent-only module 'l5dgva_contract_artifact_registry' (keyword overlap=2), not yet migrated to canonical -- M5+ pool item"
CL-1075,L5_DGVA_v23_IMPLEMENTATION_STRICT_Autonomous_Remote_Transport_Recovery.md,PhaseScopedContractRetrieval_PASS,INVARIANT_TOKEN,exact,V20,589,Phase-Scoped Contract Retrieval,7462,`PhaseScopedContractRetrieval_PASS = true`,CANONICAL_EQUIVALENT,MEDIUM,"Parent-only module 'l5dgva_phase_scoped_retrieval' (keyword overlap=3), not yet migrated to canonical -- M5+ pool item"
CL-1076,L5_DGVA_v23_IMPLEMENTATION_STRICT_Autonomous_Remote_Transport_Recovery.md,RequirementDependencyClosure_PASS,INVARIANT_TOKEN,exact,V20,589,Phase-Scoped Contract Retrieval,7462,`RequirementDependencyClosure_PASS = true`,CANONICAL_EQUIVALENT,MEDIUM,"Parent-only module 'l5dgva_requirement_dependency_closure' (keyword overlap=3), not yet migrated to canonical -- M5+ pool item"
CL-1077,L5_DGVA_v23_IMPLEMENTATION_STRICT_Autonomous_Remote_Transport_Recovery.md,ContractRuntimeStatusVisibility_PASS,INVARIANT_TOKEN,exact,V20,590,Visible Contract Status,7469,`ContractRuntimeStatusVisibility_PASS = true`,CANONICAL_EQUIVALENT,MEDIUM,"Parent-only module 'kc_v18_runtime_status_dashboard_gate' (keyword overlap=2), not yet migrated to canonical -- M5+ pool item"
CL-1078,L5_DGVA_v23_IMPLEMENTATION_STRICT_Autonomous_Remote_Transport_Recovery.md,KnowledgeBrainImplementationDiscovery_PASS,INVARIANT_TOKEN,exact,V20,591,Knowledge Brain Implementation Discovery,7477,`KnowledgeBrainImplementationDiscovery_PASS = true`,CANONICAL_EQUIVALENT,MEDIUM,"Parent-only module 'knowledge_brain_ablation_experiment' (keyword overlap=2), not yet migrated to canonical -- M5+ pool item"
CL-1079,L5_DGVA_v23_IMPLEMENTATION_STRICT_Autonomous_Remote_Transport_Recovery.md,KnowledgeBrainSourceExistenceFalsePass_Count,INVARIANT_TOKEN,exact,V20,592,Source Existence Is Not Runtime Proof,7484,`KnowledgeBrainSourceExistenceFalsePass_Count = 0`,CANONICAL_EQUIVALENT,MEDIUM,"Parent-only module 'knowledge_brain_ablation_experiment' (keyword overlap=2), not yet migrated to canonical -- M5+ pool item"
CL-1080,L5_DGVA_v23_IMPLEMENTATION_STRICT_Autonomous_Remote_Transport_Recovery.md,FiveLevelMemoryPhysicalLogicalMapping_PASS,INVARIANT_TOKEN,exact,V20,593,Five-Level Physical/Logical Mapping,7489,`FiveLevelMemoryPhysicalLogicalMapping_PASS = true`,CANONICAL_EQUIVALENT,MEDIUM,"Parent-only module 'kc_five_level_proof_and_provenance' (keyword overlap=2), not yet migrated to canonical -- M5+ pool item"
CL-1081,L5_DGVA_v23_IMPLEMENTATION_STRICT_Autonomous_Remote_Transport_Recovery.md,KCRuntimeWiring_PASS,INVARIANT_TOKEN,exact,V20,594,KC Runtime Wiring,7495,`KCRuntimeWiring_PASS = true`,UNKNOWN,LOW,"weak fuzzy match only (Parent module 'de_command_runtime_readiness_gate', overlap=1) -- insufficient confidence, needs individual semantic review"
CL-1082,L5_DGVA_v23_IMPLEMENTATION_STRICT_Autonomous_Remote_Transport_Recovery.md,ObsidianRuntimeWiring_PASS,INVARIANT_TOKEN,exact,V20,595,Obsidian Runtime Wiring,7501,`ObsidianRuntimeWiring_PASS = true`,UNKNOWN,LOW,"weak fuzzy match only (Parent module 'de_command_runtime_readiness_gate', overlap=1) -- insufficient confidence, needs individual semantic review"
CL-1083,L5_DGVA_v23_IMPLEMENTATION_STRICT_Autonomous_Remote_Transport_Recovery.md,ObsidianConfigurationTruth_PASS,INVARIANT_TOKEN,exact,V20,595,Obsidian Runtime Wiring,7501,`ObsidianConfigurationTruth_PASS = true`,UNKNOWN,LOW,"weak fuzzy match only (Parent module 'debug_kc_generalization_truth_gate', overlap=1) -- insufficient confidence, needs individual semantic review"
CL-1084,L5_DGVA_v23_IMPLEMENTATION_STRICT_Autonomous_Remote_Transport_Recovery.md,KnowledgeStatusEventPolicy_PASS,INVARIANT_TOKEN,exact,V20,596,Visible Knowledge Status,7510,`KnowledgeStatusEventPolicy_PASS = true`,CANONICAL_EQUIVALENT,HIGH,canonical module 'harness_status_event_wiring' (keyword overlap=2)
CL-1085,L5_DGVA_v23_IMPLEMENTATION_STRICT_Autonomous_Remote_Transport_Recovery.md,KnowledgeStatusEvidenceLink_PASS,INVARIANT_TOKEN,exact,V20,596,Visible Knowledge Status,7510,`KnowledgeStatusEvidenceLink_PASS = true`,UNKNOWN,LOW,"weak fuzzy match only (Parent module 'command_deep_study_evidence_gate', overlap=1) -- insufficient confidence, needs individual semantic review"
CL-1086,L5_DGVA_v23_IMPLEMENTATION_STRICT_Autonomous_Remote_Transport_Recovery.md,ContractRuntimeGapAutoRepair_PASS,INVARIANT_TOKEN,exact,V20,600,Automatic Runtime Gap Repair,7549,`ContractRuntimeGapAutoRepair_PASS = true`,CANONICAL_EQUIVALENT,MEDIUM,"Parent-only module 'l5dgva_contract_compiler_auto_inference' (keyword overlap=2), not yet migrated to canonical -- M5+ pool item"
CL-1087,L5_DGVA_v23_IMPLEMENTATION_STRICT_Autonomous_Remote_Transport_Recovery.md,DocumentedNotImplementedResolution_PASS,INVARIANT_TOKEN,exact,V20,600,Automatic Runtime Gap Repair,7549,`DocumentedNotImplementedResolution_PASS = true`,CANONICAL_EQUIVALENT,MEDIUM,"Parent-only module 'l5dgva_documented_not_implemented_boundary_artifact_gate' (keyword overlap=3), not yet migrated to canonical -- M5+ pool item"
CL-1088,L5_DGVA_v23_IMPLEMENTATION_STRICT_Autonomous_Remote_Transport_Recovery.md,ContractAsCodeMetaSelfHealing_PASS,INVARIANT_TOKEN,exact,V20,601,Meta Self-Healing,7559,`ContractAsCodeMetaSelfHealing_PASS = true`,CANONICAL_EQUIVALENT,HIGH,canonical module 'bounded_self_healing' (keyword overlap=2)
CL-1089,L5_DGVA_v23_IMPLEMENTATION_STRICT_Autonomous_Remote_Transport_Recovery.md,KnownGovernanceFailureReplay_PASS,INVARIANT_TOKEN,exact,V20,602,Known Governance Failure Replay,7565,`KnownGovernanceFailureReplay_PASS = true`,CANONICAL_EQUIVALENT,MEDIUM,"Parent-only module 'known_governance_failure_replay_registry' (keyword overlap=4), not yet migrated to canonical -- M5+ pool item"
CL-1090,L5_DGVA_v23_IMPLEMENTATION_STRICT_Autonomous_Remote_Transport_Recovery.md,ContractSummaryStop_Count,INVARIANT_TOKEN,exact,V20,603,No Summary Stop,7574,`ContractSummaryStop_Count = 0`,UNKNOWN,LOW,"weak fuzzy match only (Parent module 'codex_full_contract_review_package', overlap=1) -- insufficient confidence, needs individual semantic review"
CL-1091,L5_DGVA_v23_IMPLEMENTATION_STRICT_Autonomous_Remote_Transport_Recovery.md,Heuristic::603::1480,MUST_NOT_STATEMENT,heuristic,V20,603,No Summary Stop,7574,"After reading/compiling contract, do not stop with summary or ask",UNKNOWN,LOW,did not match any defined bucket; not individually reviewed
CL-1092,L5_DGVA_v23_IMPLEMENTATION_STRICT_Autonomous_Remote_Transport_Recovery.md,CompactGoverningKernel_PASS,INVARIANT_TOKEN,exact,V20,604,Compact Governing Kernel,7580,`CompactGoverningKernel_PASS = true`,CANONICAL_EQUIVALENT,MEDIUM,"Parent-only module 'l5dgva_ss604_compact_kernel_component_inventory' (keyword overlap=2), not yet migrated to canonical -- M5+ pool item"
CL-1093,L5_DGVA_v23_IMPLEMENTATION_STRICT_Autonomous_Remote_Transport_Recovery.md,ContractCompiledCache_PASS,INVARIANT_TOKEN,exact,V20,605,Compiled Registry Cache,7587,`ContractCompiledCache_PASS = true`,CANONICAL_EQUIVALENT,MEDIUM,"Parent-only module 'l5dgva_ss605_contract_compiled_cache' (keyword overlap=3), not yet migrated to canonical -- M5+ pool item"
CL-1094,L5_DGVA_v23_IMPLEMENTATION_STRICT_Autonomous_Remote_Transport_Recovery.md,ContractOpenSpecRuntimeIntegration_PASS,INVARIANT_TOKEN,exact,V20,606,OpenSpec / Reference / KC Integration,7592,`ContractOpenSpecRuntimeIntegration_PASS = true`,CANONICAL_EQUIVALENT,MEDIUM,"Parent-only module 'l5dgva_ss583_contract_to_runtime_traceability' (keyword overlap=2), not yet migrated to canonical -- M5+ pool item"
CL-1095,L5_DGVA_v23_IMPLEMENTATION_STRICT_Autonomous_Remote_Transport_Recovery.md,ContractReferenceKCRuntimeIntegration_PASS,INVARIANT_TOKEN,exact,V20,606,OpenSpec / Reference / KC Integration,7592,`ContractReferenceKCRuntimeIntegration_PASS = true`,CANONICAL_EQUIVALENT,MEDIUM,"Parent-only module 'canonical_reference_integration_baseline_gate' (keyword overlap=2), not yet migrated to canonical -- M5+ pool item"
CL-1096,L5_DGVA_v23_IMPLEMENTATION_STRICT_Autonomous_Remote_Transport_Recovery.md,IndependentReviewTruth_PASS,INVARIANT_TOKEN,exact,V20,608,Independent Review Truth,7607,`IndependentReviewTruth_PASS = true`,CANONICAL_EQUIVALENT,MEDIUM,"Parent-only module 'l5dgva_pre_codex_review_truth' (keyword overlap=2), not yet migrated to canonical -- M5+ pool item"
CL-1097,L5_DGVA_v23_IMPLEMENTATION_STRICT_Autonomous_Remote_Transport_Recovery.md,CodexIssueRepairLoop_PASS,INVARIANT_TOKEN,exact,V20,608,Independent Review Truth,7607,`CodexIssueRepairLoop_PASS = true`,UNKNOWN,LOW,"weak fuzzy match only (Parent module 'codex_full_contract_review_package', overlap=1) -- insufficient confidence, needs individual semantic review"
CL-1098,L5_DGVA_v23_IMPLEMENTATION_STRICT_Autonomous_Remote_Transport_Recovery.md,SelfAuthoredEvidenceCircularity_Count,INVARIANT_TOKEN,exact,V20,609,No Circular Evidence,7615,`SelfAuthoredEvidenceCircularity_Count = 0`,UNKNOWN,LOW,"weak fuzzy match only (Parent module 'command_deep_study_evidence_gate', overlap=1) -- insufficient confidence, needs individual semantic review"
CL-1099,L5_DGVA_v23_IMPLEMENTATION_STRICT_Autonomous_Remote_Transport_Recovery.md,FinalRuntimeQualificationVisibility_PASS,INVARIANT_TOKEN,exact,V20,610,Final Visible Qualification,7621,`FinalRuntimeQualificationVisibility_PASS = true`,UNKNOWN,LOW,"weak fuzzy match only (Parent module 'de_command_runtime_readiness_gate', overlap=1) -- insufficient confidence, needs individual semantic review"
CL-1100,L5_DGVA_v23_IMPLEMENTATION_STRICT_Autonomous_Remote_Transport_Recovery.md,V20ImplementationQualificationGate_PASS,INVARIANT_TOKEN,exact,V20,611,Implementation Completion Gate,7629,`V20ImplementationQualificationGate_PASS = true`,CANONICAL_EQUIVALENT,MEDIUM,"Parent-only module 'irq_backdoor_qualification_gate' (keyword overlap=2), not yet migrated to canonical -- M5+ pool item"
CL-1101,L5_DGVA_v23_IMPLEMENTATION_STRICT_Autonomous_Remote_Transport_Recovery.md,Heuristic::612::1507,MUST_NOT_STATEMENT,heuristic,V20,612,Immediate Execution Instruction,7643,Do not stop for routine confirmation.,CANONICAL_EQUIVALENT,MEDIUM,Canonical's Autonomous Wave Execution discipline (project memory) + Trust Progression + 'actionable findings must close before Final Deep Audit' already codify this.
CL-1102,L5_DGVA_v23_IMPLEMENTATION_STRICT_Autonomous_Remote_Transport_Recovery.md,L5_DGVA_ALL_CONTRACT_IMPLEMENTATION_PASS,INVARIANT_TOKEN,exact,V21,,(preamble),7675,`L5_DGVA_ALL_CONTRACT_IMPLEMENTATION_PASS = true`,CANONICAL_EQUIVALENT,MEDIUM,"Parent-only module 'l5dgva_all_contract_closure_gate_verdict' (keyword overlap=2), not yet migrated to canonical -- M5+ pool item"
CL-1103,L5_DGVA_v23_IMPLEMENTATION_STRICT_Autonomous_Remote_Transport_Recovery.md,Heuristic::(preamble)::1509,MUST_STATEMENT,heuristic,V21,,(preamble),7675,"Claude CLI MUST discover, parse, reconcile,",UNKNOWN,LOW,did not match any defined bucket; not individually reviewed
CL-1104,L5_DGVA_v23_IMPLEMENTATION_STRICT_Autonomous_Remote_Transport_Recovery.md,Heuristic::(preamble)::1510,MUST_NOT_STATEMENT,heuristic,V21,,(preamble),7675,"Do not stop after inventory, summary, gap report, partial implementation",CANONICAL_EQUIVALENT,MEDIUM,Canonical's Autonomous Wave Execution discipline (project memory) + Trust Progression + 'actionable findings must close before Final Deep Audit' already codify this.
CL-1105,L5_DGVA_v23_IMPLEMENTATION_STRICT_Autonomous_Remote_Transport_Recovery.md,AllContractFilesDiscovered_PASS,INVARIANT_TOKEN,exact,V21,613,All Governing Contract Discovery,7691,`AllContractFilesDiscovered_PASS = true`,CANONICAL_EQUIVALENT,MEDIUM,"Parent-only module 'l5dgva_all_contract_closure_gate_verdict' (keyword overlap=2), not yet migrated to canonical -- M5+ pool item"
CL-1106,L5_DGVA_v23_IMPLEMENTATION_STRICT_Autonomous_Remote_Transport_Recovery.md,AllContractInventory_PASS,INVARIANT_TOKEN,exact,V21,613,All Governing Contract Discovery,7691,`AllContractInventory_PASS = true`,CANONICAL_EQUIVALENT,MEDIUM,"Parent-only module 'l5dgva_all_contract_closure_gate_verdict' (keyword overlap=2), not yet migrated to canonical -- M5+ pool item"
CL-1107,L5_DGVA_v23_IMPLEMENTATION_STRICT_Autonomous_Remote_Transport_Recovery.md,Artifact::AllContractInventory,ARTIFACT_REQUIREMENT,exact,V21,613,All Governing Contract Discovery,7691,Create `AllContractInventory`,CANONICAL_EQUIVALENT,MEDIUM,l5dgva_contract_registry.py's own AllContractInventory dataclass (this exact module)
CL-1108,L5_DGVA_v23_IMPLEMENTATION_STRICT_Autonomous_Remote_Transport_Recovery.md,AllContractFilesParsed_PASS,INVARIANT_TOKEN,exact,V21,614,Full Parse,7705,`AllContractFilesParsed_PASS = true`,CANONICAL_EQUIVALENT,MEDIUM,"Parent-only module 'l5dgva_all_contract_closure_gate_verdict' (keyword overlap=2), not yet migrated to canonical -- M5+ pool item"
CL-1109,L5_DGVA_v23_IMPLEMENTATION_STRICT_Autonomous_Remote_Transport_Recovery.md,PartiallyParsedActiveContract_Count,INVARIANT_TOKEN,exact,V21,614,Full Parse,7705,`PartiallyParsedActiveContract_Count = 0`,UNKNOWN,LOW,"weak fuzzy match only (Parent module 'codex_full_contract_review_package', overlap=1) -- insufficient confidence, needs individual semantic review"
CL-1110,L5_DGVA_v23_IMPLEMENTATION_STRICT_Autonomous_Remote_Transport_Recovery.md,AllContractRequirementExtraction_PASS,INVARIANT_TOKEN,exact,V21,615,Requirement Extraction,7714,`AllContractRequirementExtraction_PASS = true`,CANONICAL_EQUIVALENT,HIGH,canonical module 'requirement_contract' (keyword overlap=2)
CL-1111,L5_DGVA_v23_IMPLEMENTATION_STRICT_Autonomous_Remote_Transport_Recovery.md,Heuristic::615::1517,MUST_NOT_STATEMENT,heuristic,V21,615,Requirement Extraction,7714,Extract every MUST/MUST NOT/Required invariant/Count=0/hard,UNKNOWN,LOW,did not match any defined bucket; not individually reviewed
CL-1112,L5_DGVA_v23_IMPLEMENTATION_STRICT_Autonomous_Remote_Transport_Recovery.md,MasterContractRequirementRegistry_PASS,INVARIANT_TOKEN,exact,V21,616,MasterContractRequirementRegistry,7723,`MasterContractRequirementRegistry_PASS = true`,CANONICAL_EQUIVALENT,HIGH,canonical module 'requirement_contract' (keyword overlap=2)
CL-1113,L5_DGVA_v23_IMPLEMENTATION_STRICT_Autonomous_Remote_Transport_Recovery.md,ContractRequirementSourceTraceability_PASS,INVARIANT_TOKEN,exact,V21,616,MasterContractRequirementRegistry,7723,`ContractRequirementSourceTraceability_PASS = true`,CANONICAL_EQUIVALENT,HIGH,canonical module 'requirement_contract' (keyword overlap=2)
CL-1114,L5_DGVA_v23_IMPLEMENTATION_STRICT_Autonomous_Remote_Transport_Recovery.md,ContractSemanticDedup_PASS,INVARIANT_TOKEN,exact,V21,617,Semantic Dedup / Inheritance,7734,`ContractSemanticDedup_PASS = true`,CANONICAL_EQUIVALENT,MEDIUM,"Parent-only module 'l5dgva_kc_semantic_dedup' (keyword overlap=2), not yet migrated to canonical -- M5+ pool item"
CL-1115,L5_DGVA_v23_IMPLEMENTATION_STRICT_Autonomous_Remote_Transport_Recovery.md,ContractInheritanceResolution_PASS,INVARIANT_TOKEN,exact,V21,617,Semantic Dedup / Inheritance,7734,`ContractInheritanceResolution_PASS = true`,CANONICAL_EQUIVALENT,MEDIUM,"Parent-only module 'l5dgva_contract_inheritance_taxonomy' (keyword overlap=2), not yet migrated to canonical -- M5+ pool item"
CL-1116,L5_DGVA_v23_IMPLEMENTATION_STRICT_Autonomous_Remote_Transport_Recovery.md,Heuristic::617::1522,MUST_NOT_STATEMENT,heuristic,V21,617,Semantic Dedup / Inheritance,7734,"Do not double-count equivalent requirements, but preserve",CANONICAL_EQUIVALENT,MEDIUM,This exact module (l5dgva_contract_registry.py's dedup_by_first_definition()/detect_requirement_value_conflicts()) already implements this.
CL-1117,L5_DGVA_v23_IMPLEMENTATION_STRICT_Autonomous_Remote_Transport_Recovery.md,ContractConflictMatrix_PASS,INVARIANT_TOKEN,exact,V21,618,Conflict Matrix,7746,`ContractConflictMatrix_PASS = true`,UNKNOWN,LOW,"weak fuzzy match only (Parent module 'codex_full_contract_review_package', overlap=1) -- insufficient confidence, needs individual semantic review"
CL-1118,L5_DGVA_v23_IMPLEMENTATION_STRICT_Autonomous_Remote_Transport_Recovery.md,NoConvenienceBasedContractResolution_PASS,INVARIANT_TOKEN,exact,V21,618,Conflict Matrix,7746,`NoConvenienceBasedContractResolution_PASS = true`,UNKNOWN,LOW,"weak fuzzy match only (Parent module 'codex_full_contract_review_package', overlap=1) -- insufficient confidence, needs individual semantic review"
CL-1119,L5_DGVA_v23_IMPLEMENTATION_STRICT_Autonomous_Remote_Transport_Recovery.md,ContractConflictBoundary_PASS,INVARIANT_TOKEN,exact,V21,618,Conflict Matrix,7746,`ContractConflictBoundary_PASS = true`,UNKNOWN,LOW,"weak fuzzy match only (Parent module 'bind_protocol_boundary_rule', overlap=1) -- insufficient confidence, needs individual semantic review"
CL-1120,L5_DGVA_v23_IMPLEMENTATION_STRICT_Autonomous_Remote_Transport_Recovery.md,Artifact::ContractConflictMatrix,ARTIFACT_REQUIREMENT,exact,V21,618,Conflict Matrix,7746,Create `ContractConflictMatrix`,NEW_VALID_GOVERNANCE_REQUIREMENT,MEDIUM,l5dgva_contract_registry.py's own docstring explicitly says the full 8-value cross-version taxonomy (section 617/618) is NOT built -- only a narrow value-conflict check exists
CL-1121,L5_DGVA_v23_IMPLEMENTATION_STRICT_Autonomous_Remote_Transport_Recovery.md,Heuristic::618::1527,MUST_NOT_STATEMENT,heuristic,V21,618,Conflict Matrix,7746,Never select the easier implementation merely to resolve conflict.,UNKNOWN,LOW,did not match any defined bucket; not individually reviewed
CL-1122,L5_DGVA_v23_IMPLEMENTATION_STRICT_Autonomous_Remote_Transport_Recovery.md,EffectiveContractRequirementSet_PASS,INVARIANT_TOKEN,exact,V21,619,Effective Requirement Set,7760,`EffectiveContractRequirementSet_PASS = true`,CANONICAL_EQUIVALENT,HIGH,canonical module 'requirement_contract' (keyword overlap=2)
CL-1123,L5_DGVA_v23_IMPLEMENTATION_STRICT_Autonomous_Remote_Transport_Recovery.md,ContractRequirementApplicabilityTruth_PASS,INVARIANT_TOKEN,exact,V21,619,Effective Requirement Set,7760,`ContractRequirementApplicabilityTruth_PASS = true`,CANONICAL_EQUIVALENT,HIGH,canonical module 'requirement_contract' (keyword overlap=2)
CL-1124,L5_DGVA_v23_IMPLEMENTATION_STRICT_Autonomous_Remote_Transport_Recovery.md,NotApplicableRequirementEvidence_PASS,INVARIANT_TOKEN,exact,V21,619,Effective Requirement Set,7760,`NotApplicableRequirementEvidence_PASS = true`,UNKNOWN,LOW,"weak fuzzy match only (Parent module 'amba_performance_requirement_checker', overlap=1) -- insufficient confidence, needs individual semantic review"
CL-1125,L5_DGVA_v23_IMPLEMENTATION_STRICT_Autonomous_Remote_Transport_Recovery.md,AllApplicableRequirementsMapped_PASS,INVARIANT_TOKEN,exact,V21,620,Complete Runtime Mapping,7773,`AllApplicableRequirementsMapped_PASS = true`,UNKNOWN,LOW,"weak fuzzy match only (Parent module 'l5dgva_all_contract_closure_gate_verdict', overlap=1) -- insufficient confidence, needs individual semantic review"
CL-1126,L5_DGVA_v23_IMPLEMENTATION_STRICT_Autonomous_Remote_Transport_Recovery.md,AllContractRuntimeStatusClassification_PASS,INVARIANT_TOKEN,exact,V21,621,Runtime Status,7781,`AllContractRuntimeStatusClassification_PASS = true`,CANONICAL_EQUIVALENT,MEDIUM,"Parent-only module 'l5dgva_ss621_runtime_status_classification' (keyword overlap=3), not yet migrated to canonical -- M5+ pool item"
CL-1127,L5_DGVA_v23_IMPLEMENTATION_STRICT_Autonomous_Remote_Transport_Recovery.md,NarrativeContractPass_Count,INVARIANT_TOKEN,exact,V21,621,Runtime Status,7781,`NarrativeContractPass_Count = 0`,UNKNOWN,LOW,"weak fuzzy match only (Parent module 'codex_full_contract_review_package', overlap=1) -- insufficient confidence, needs individual semantic review"
CL-1128,L5_DGVA_v23_IMPLEMENTATION_STRICT_Autonomous_Remote_Transport_Recovery.md,ContractImplementationGapQueue_PASS,INVARIANT_TOKEN,exact,V21,622,Implementation Gap Queue,7794,`ContractImplementationGapQueue_PASS = true`,CANONICAL_EQUIVALENT,MEDIUM,"Parent-only module 'l5dgva_gap_queue' (keyword overlap=2), not yet migrated to canonical -- M5+ pool item"
CL-1129,L5_DGVA_v23_IMPLEMENTATION_STRICT_Autonomous_Remote_Transport_Recovery.md,Artifact::ContractImplementationGapQueue,ARTIFACT_REQUIREMENT,exact,V21,622,Implementation Gap Queue,7794,Create `ContractImplementationGapQueue`,CANONICAL_EQUIVALENT,MEDIUM,"l5dgva_gap_queue.py (referenced elsewhere as Parent-only, unmigrated)"
CL-1130,L5_DGVA_v23_IMPLEMENTATION_STRICT_Autonomous_Remote_Transport_Recovery.md,AutomaticContractGapImplementation_PASS,INVARIANT_TOKEN,exact,V21,623,Automatic Closure,7803,`AutomaticContractGapImplementation_PASS = true`,UNKNOWN,LOW,"weak fuzzy match only (Parent module 'codex_full_contract_review_package', overlap=1) -- insufficient confidence, needs individual semantic review"
CL-1131,L5_DGVA_v23_IMPLEMENTATION_STRICT_Autonomous_Remote_Transport_Recovery.md,Heuristic::623::1537,MUST_NOT_STATEMENT,heuristic,V21,623,Automatic Closure,7803,Do not ask permission to fix mandatory internally authorized gaps.,CANONICAL_EQUIVALENT,MEDIUM,Canonical's Autonomous Wave Execution discipline (project memory) + Trust Progression + 'actionable findings must close before Final Deep Audit' already codify this.
CL-1132,L5_DGVA_v23_IMPLEMENTATION_STRICT_Autonomous_Remote_Transport_Recovery.md,DocumentedNotImplemented_Count,INVARIANT_TOKEN,exact,V21,624,Zero-Gap Final Requirements,7813,`DocumentedNotImplemented_Count = 0`,CANONICAL_EQUIVALENT,MEDIUM,"Parent-only module 'l5dgva_documented_not_implemented_boundary_artifact_gate' (keyword overlap=3), not yet migrated to canonical -- M5+ pool item"
CL-1133,L5_DGVA_v23_IMPLEMENTATION_STRICT_Autonomous_Remote_Transport_Recovery.md,ImplementedNotWired_Count,INVARIANT_TOKEN,exact,V21,624,Zero-Gap Final Requirements,7813,`ImplementedNotWired_Count = 0`,CANONICAL_EQUIVALENT,MEDIUM,"Parent-only module 'l5dgva_documented_not_implemented_boundary_artifact_gate' (keyword overlap=2), not yet migrated to canonical -- M5+ pool item"
CL-1134,L5_DGVA_v23_IMPLEMENTATION_STRICT_Autonomous_Remote_Transport_Recovery.md,WiredNotReachable_Count,INVARIANT_TOKEN,exact,V21,624,Zero-Gap Final Requirements,7813,`WiredNotReachable_Count = 0`,UNKNOWN,LOW,"weak fuzzy match only (Parent module 'l5dgva_documented_not_implemented_boundary_artifact_gate', overlap=1) -- insufficient confidence, needs individual semantic review"
CL-1135,L5_DGVA_v23_IMPLEMENTATION_STRICT_Autonomous_Remote_Transport_Recovery.md,WiredNotTriggered_Count,INVARIANT_TOKEN,exact,V21,624,Zero-Gap Final Requirements,7813,`WiredNotTriggered_Count = 0`,UNKNOWN,LOW,"weak fuzzy match only (Parent module 'l5dgva_documented_not_implemented_boundary_artifact_gate', overlap=1) -- insufficient confidence, needs individual semantic review"
CL-1136,L5_DGVA_v23_IMPLEMENTATION_STRICT_Autonomous_Remote_Transport_Recovery.md,RequiredArtifactNotConsumed_Count,INVARIANT_TOKEN,exact,V21,624,Zero-Gap Final Requirements,7813,`RequiredArtifactNotConsumed_Count = 0`,CANONICAL_EQUIVALENT,MEDIUM,"Parent-only module 'l5dgva_documented_not_implemented_boundary_artifact_gate' (keyword overlap=2), not yet migrated to canonical -- M5+ pool item"
CL-1137,L5_DGVA_v23_IMPLEMENTATION_STRICT_Autonomous_Remote_Transport_Recovery.md,ConsumedOutcomeNotVerified_Count,INVARIANT_TOKEN,exact,V21,624,Zero-Gap Final Requirements,7813,`ConsumedOutcomeNotVerified_Count = 0`,UNKNOWN,LOW,"weak fuzzy match only (Parent module 'kc_extraction_trigger_and_outcome_registration_gap', overlap=1) -- insufficient confidence, needs individual semantic review"
CL-1138,L5_DGVA_v23_IMPLEMENTATION_STRICT_Autonomous_Remote_Transport_Recovery.md,RequiredRegressionMissing_Count,INVARIANT_TOKEN,exact,V21,624,Zero-Gap Final Requirements,7813,`RequiredRegressionMissing_Count = 0`,UNKNOWN,LOW,"weak fuzzy match only (Parent module 'kc_v18_harness_regression_qualification_gate', overlap=1) -- insufficient confidence, needs individual semantic review"
CL-1139,L5_DGVA_v23_IMPLEMENTATION_STRICT_Autonomous_Remote_Transport_Recovery.md,ContractRuntimeCoverageMetrics_PASS,INVARIANT_TOKEN,exact,V21,625,Runtime Coverage,7823,`ContractRuntimeCoverageMetrics_PASS = true`,CANONICAL_EQUIVALENT,MEDIUM,"Parent-only module 'l5dgva_runtime_coverage_dimensions' (keyword overlap=2), not yet migrated to canonical -- M5+ pool item"
CL-1140,L5_DGVA_v23_IMPLEMENTATION_STRICT_Autonomous_Remote_Transport_Recovery.md,ContractRuntimeCoverageCalculation_PASS,INVARIANT_TOKEN,exact,V21,625,Runtime Coverage,7823,`ContractRuntimeCoverageCalculation_PASS = true`,CANONICAL_EQUIVALENT,MEDIUM,"Parent-only module 'l5dgva_runtime_coverage_dimensions' (keyword overlap=2), not yet migrated to canonical -- M5+ pool item"
CL-1141,L5_DGVA_v23_IMPLEMENTATION_STRICT_Autonomous_Remote_Transport_Recovery.md,ContractRuntimeCoverage100_PASS,INVARIANT_TOKEN,exact,V21,626,100% Closure,7839,`ContractRuntimeCoverage100_PASS = true`,CANONICAL_EQUIVALENT,MEDIUM,"Parent-only module 'l5dgva_ss583_contract_to_runtime_traceability' (keyword overlap=2), not yet migrated to canonical -- M5+ pool item"
CL-1142,L5_DGVA_v23_IMPLEMENTATION_STRICT_Autonomous_Remote_Transport_Recovery.md,HighCoverageEarlyStop_Count,INVARIANT_TOKEN,exact,V21,626,100% Closure,7839,`HighCoverageEarlyStop_Count = 0`,UNKNOWN,LOW,"weak fuzzy match only (Parent module 'amba_functional_coverage_ir', overlap=1) -- insufficient confidence, needs individual semantic review"
CL-1143,L5_DGVA_v23_IMPLEMENTATION_STRICT_Autonomous_Remote_Transport_Recovery.md,AllContractCoverageDashboard_PASS,INVARIANT_TOKEN,exact,V21,627,Visible Dashboard,7848,`AllContractCoverageDashboard_PASS = true`,CANONICAL_EQUIVALENT,MEDIUM,"Parent-only module 'l5dgva_all_contract_closure_gate_verdict' (keyword overlap=2), not yet migrated to canonical -- M5+ pool item"
CL-1144,L5_DGVA_v23_IMPLEMENTATION_STRICT_Autonomous_Remote_Transport_Recovery.md,ContractCoverageStatusEventPolicy_PASS,INVARIANT_TOKEN,exact,V21,627,Visible Dashboard,7848,`ContractCoverageStatusEventPolicy_PASS = true`,CANONICAL_EQUIVALENT,HIGH,canonical module 'harness_status_event_wiring' (keyword overlap=2)
CL-1145,L5_DGVA_v23_IMPLEMENTATION_STRICT_Autonomous_Remote_Transport_Recovery.md,AllContractEightEngineRuntimeAudit_PASS,INVARIANT_TOKEN,exact,V21,628,Domain Audits,7859,`AllContractEightEngineRuntimeAudit_PASS = true`,CANONICAL_EQUIVALENT,MEDIUM,"Parent-only module 'eight_engine_runtime_proof_matrix' (keyword overlap=3), not yet migrated to canonical -- M5+ pool item"
CL-1146,L5_DGVA_v23_IMPLEMENTATION_STRICT_Autonomous_Remote_Transport_Recovery.md,AllContractKnowledgeBrainAudit_PASS,INVARIANT_TOKEN,exact,V21,628,Domain Audits,7859,`AllContractKnowledgeBrainAudit_PASS = true`,CANONICAL_EQUIVALENT,MEDIUM,"Parent-only module 'knowledge_brain_ablation_experiment' (keyword overlap=2), not yet migrated to canonical -- M5+ pool item"
CL-1147,L5_DGVA_v23_IMPLEMENTATION_STRICT_Autonomous_Remote_Transport_Recovery.md,AllContractReferenceDEArchitectureAudit_PASS,INVARIANT_TOKEN,exact,V21,628,Domain Audits,7859,`AllContractReferenceDEArchitectureAudit_PASS = true`,CANONICAL_EQUIVALENT,HIGH,canonical module 'reference_pattern_audit' (keyword overlap=2)
CL-1148,L5_DGVA_v23_IMPLEMENTATION_STRICT_Autonomous_Remote_Transport_Recovery.md,AllContractIRQAudit_PASS,INVARIANT_TOKEN,exact,V21,628,Domain Audits,7859,`AllContractIRQAudit_PASS = true`,CANONICAL_EQUIVALENT,MEDIUM,"Parent-only module 'l5dgva_all_contract_closure_gate_verdict' (keyword overlap=2), not yet migrated to canonical -- M5+ pool item"
CL-1149,L5_DGVA_v23_IMPLEMENTATION_STRICT_Autonomous_Remote_Transport_Recovery.md,AllContractDebugAudit_PASS,INVARIANT_TOKEN,exact,V21,628,Domain Audits,7859,`AllContractDebugAudit_PASS = true`,CANONICAL_EQUIVALENT,MEDIUM,"Parent-only module 'debug_kc_artifact_consumption_contract' (keyword overlap=2), not yet migrated to canonical -- M5+ pool item"
CL-1150,L5_DGVA_v23_IMPLEMENTATION_STRICT_Autonomous_Remote_Transport_Recovery.md,AllContractVerificationClosureAudit_PASS,INVARIANT_TOKEN,exact,V21,628,Domain Audits,7859,`AllContractVerificationClosureAudit_PASS = true`,CANONICAL_EQUIVALENT,HIGH,canonical module 'system_verification_contract' (keyword overlap=2)
CL-1151,L5_DGVA_v23_IMPLEMENTATION_STRICT_Autonomous_Remote_Transport_Recovery.md,AllContractMultiLevelScopeAudit_PASS,INVARIANT_TOKEN,exact,V21,628,Domain Audits,7859,`AllContractMultiLevelScopeAudit_PASS = true`,CANONICAL_EQUIVALENT,MEDIUM,"Parent-only module 'l5dgva_all_contract_closure_gate_verdict' (keyword overlap=2), not yet migrated to canonical -- M5+ pool item"
CL-1152,L5_DGVA_v23_IMPLEMENTATION_STRICT_Autonomous_Remote_Transport_Recovery.md,AllContractOpenSpecAudit_PASS,INVARIANT_TOKEN,exact,V21,628,Domain Audits,7859,`AllContractOpenSpecAudit_PASS = true`,CANONICAL_EQUIVALENT,MEDIUM,"Parent-only module 'l5dgva_all_contract_closure_gate_verdict' (keyword overlap=2), not yet migrated to canonical -- M5+ pool item"
CL-1153,L5_DGVA_v23_IMPLEMENTATION_STRICT_Autonomous_Remote_Transport_Recovery.md,AllContractKnownFailureReplay_PASS,INVARIANT_TOKEN,exact,V21,629,Known Failure Replay,7878,`AllContractKnownFailureReplay_PASS = true`,CANONICAL_EQUIVALENT,MEDIUM,"Parent-only module 'known_governance_failure_replay_registry' (keyword overlap=3), not yet migrated to canonical -- M5+ pool item"
CL-1154,L5_DGVA_v23_IMPLEMENTATION_STRICT_Autonomous_Remote_Transport_Recovery.md,AllContractEnforcementSelfHealing_PASS,INVARIANT_TOKEN,exact,V21,630,Enforcement Self-Healing / KC,7888,`AllContractEnforcementSelfHealing_PASS = true`,CANONICAL_EQUIVALENT,HIGH,canonical module 'bounded_self_healing' (keyword overlap=2)
CL-1155,L5_DGVA_v23_IMPLEMENTATION_STRICT_Autonomous_Remote_Transport_Recovery.md,ContractImplementationKCEvolution_PASS,INVARIANT_TOKEN,exact,V21,630,Enforcement Self-Healing / KC,7888,`ContractImplementationKCEvolution_PASS = true`,UNKNOWN,LOW,"weak fuzzy match only (Parent module 'capability_evolution', overlap=1) -- insufficient confidence, needs individual semantic review"
CL-1156,L5_DGVA_v23_IMPLEMENTATION_STRICT_Autonomous_Remote_Transport_Recovery.md,UserContractImplementationReminder_Count,INVARIANT_TOKEN,exact,V21,630,Enforcement Self-Healing / KC,7888,`UserContractImplementationReminder_Count = 0`,UNKNOWN,LOW,"weak fuzzy match only (Parent module 'codex_full_contract_review_package', overlap=1) -- insufficient confidence, needs individual semantic review"
CL-1157,L5_DGVA_v23_IMPLEMENTATION_STRICT_Autonomous_Remote_Transport_Recovery.md,AllContractImplementationCheckpoint_PASS,INVARIANT_TOKEN,exact,V21,631,Checkpoint,7898,`AllContractImplementationCheckpoint_PASS = true`,CANONICAL_EQUIVALENT,MEDIUM,"Parent-only module 'l5dgva_all_contract_closure_gate_verdict' (keyword overlap=2), not yet migrated to canonical -- M5+ pool item"
CL-1158,L5_DGVA_v23_IMPLEMENTATION_STRICT_Autonomous_Remote_Transport_Recovery.md,AllContractCodexReviewPackage_PASS,INVARIANT_TOKEN,exact,V21,632,Codex Independent Review,7905,`AllContractCodexReviewPackage_PASS = true`,CANONICAL_EQUIVALENT,HIGH,canonical module 'de_command_review_package' (keyword overlap=2)
CL-1159,L5_DGVA_v23_IMPLEMENTATION_STRICT_Autonomous_Remote_Transport_Recovery.md,L5_DGVA_ALL_CONTRACT_IMPLEMENTATION_SIGNOFF_PASS,INVARIANT_TOKEN,exact,V21,633,Dual Signoff,7918,`L5_DGVA_ALL_CONTRACT_IMPLEMENTATION_SIGNOFF_PASS = true`,CANONICAL_EQUIVALENT,MEDIUM,"Parent-only module 'l5dgva_all_contract_closure_gate_verdict' (keyword overlap=2), not yet migrated to canonical -- M5+ pool item"
CL-1160,L5_DGVA_v23_IMPLEMENTATION_STRICT_Autonomous_Remote_Transport_Recovery.md,ClaudeAllContractProvisionalSignoffTruth_PASS,INVARIANT_TOKEN,exact,V21,633,Dual Signoff,7918,`ClaudeAllContractProvisionalSignoffTruth_PASS = true`,CANONICAL_EQUIVALENT,MEDIUM,"Parent-only module 'l5dgva_all_contract_closure_gate_verdict' (keyword overlap=2), not yet migrated to canonical -- M5+ pool item"
CL-1161,L5_DGVA_v23_IMPLEMENTATION_STRICT_Autonomous_Remote_Transport_Recovery.md,AllContractDualSignoff_PASS,INVARIANT_TOKEN,exact,V21,633,Dual Signoff,7918,`AllContractDualSignoff_PASS = true`,CANONICAL_EQUIVALENT,MEDIUM,"Parent-only module 'l5dgva_all_contract_closure_gate_verdict' (keyword overlap=2), not yet migrated to canonical -- M5+ pool item"
CL-1162,L5_DGVA_v23_IMPLEMENTATION_STRICT_Autonomous_Remote_Transport_Recovery.md,LargeContractNoComplianceDegradation_PASS,INVARIANT_TOKEN,exact,V21,634,Large Contract Handling,7930,`LargeContractNoComplianceDegradation_PASS = true`,CANONICAL_EQUIVALENT,MEDIUM,"Parent-only module 'contract_compliance_artifact' (keyword overlap=2), not yet migrated to canonical -- M5+ pool item"
CL-1163,L5_DGVA_v23_IMPLEMENTATION_STRICT_Autonomous_Remote_Transport_Recovery.md,AllContractPhaseScopedRuntimeRetrieval_PASS,INVARIANT_TOKEN,exact,V21,634,Large Contract Handling,7930,`AllContractPhaseScopedRuntimeRetrieval_PASS = true`,CANONICAL_EQUIVALENT,MEDIUM,"Parent-only module 'l5dgva_phase_scoped_retrieval' (keyword overlap=3), not yet migrated to canonical -- M5+ pool item"
CL-1164,L5_DGVA_v23_IMPLEMENTATION_STRICT_Autonomous_Remote_Transport_Recovery.md,AllContractChangeImpact_PASS,INVARIANT_TOKEN,exact,V21,635,Contract Change Impact / Supersession Safety,7939,`AllContractChangeImpact_PASS = true`,CANONICAL_EQUIVALENT,HIGH,canonical module 'change_impact' (keyword overlap=2)
CL-1165,L5_DGVA_v23_IMPLEMENTATION_STRICT_Autonomous_Remote_Transport_Recovery.md,ContractSupersessionSafety_PASS,INVARIANT_TOKEN,exact,V21,635,Contract Change Impact / Supersession Safety,7939,`ContractSupersessionSafety_PASS = true`,UNKNOWN,LOW,"weak fuzzy match only (Parent module 'codex_full_contract_review_package', overlap=1) -- insufficient confidence, needs individual semantic review"
CL-1166,L5_DGVA_v23_IMPLEMENTATION_STRICT_Autonomous_Remote_Transport_Recovery.md,AllContractImplementationClosureMatrix_PASS,INVARIANT_TOKEN,exact,V21,636,Final Closure Matrix,7950,`AllContractImplementationClosureMatrix_PASS = true`,CANONICAL_EQUIVALENT,MEDIUM,"Parent-only module 'l5dgva_all_contract_closure_gate_verdict' (keyword overlap=3), not yet migrated to canonical -- M5+ pool item"
CL-1167,L5_DGVA_v23_IMPLEMENTATION_STRICT_Autonomous_Remote_Transport_Recovery.md,ALL_CONTRACT_IMPLEMENTATION_CLOSURE_GATE_PASS,INVARIANT_TOKEN,exact,V21,637,ALL_CONTRACT_IMPLEMENTATION_CLOSURE_GATE,7959,`ALL_CONTRACT_IMPLEMENTATION_CLOSURE_GATE_PASS = true`,CANONICAL_EQUIVALENT,MEDIUM,"Parent-only module 'l5dgva_all_contract_closure_gate_verdict' (keyword overlap=4), not yet migrated to canonical -- M5+ pool item"
CL-1168,L5_DGVA_v23_IMPLEMENTATION_STRICT_Autonomous_Remote_Transport_Recovery.md,Heuristic::638::1586,MUST_STATEMENT,heuristic,V21,638,Immediate Execution,7973,Upon receiving V21 Claude CLI MUST: 1.,UNKNOWN,LOW,did not match any defined bucket; not individually reviewed
CL-1169,L5_DGVA_v23_IMPLEMENTATION_STRICT_Autonomous_Remote_Transport_Recovery.md,Heuristic::638::1588,MUST_NOT_STATEMENT,heuristic,V21,638,Immediate Execution,7973,Do not claim COMPLETE below,UNKNOWN,LOW,did not match any defined bucket; not individually reviewed
CL-1170,L5_DGVA_v23_IMPLEMENTATION_STRICT_Autonomous_Remote_Transport_Recovery.md,GoverningContractActivationAndExecution_PASS,INVARIANT_TOKEN,exact,V22,,ABSOLUTE RULE,8014,`GoverningContractActivationAndExecution_PASS = true`,CANONICAL_EQUIVALENT,MEDIUM,"Parent-only module 'l5dgva_contract_ingestion_activation' (keyword overlap=2), not yet migrated to canonical -- M5+ pool item"
CL-1171,L5_DGVA_v23_IMPLEMENTATION_STRICT_Autonomous_Remote_Transport_Recovery.md,Heuristic::ABSOLUTE RULE::1590,MUST_NOT_STATEMENT,heuristic,V22,,ABSOLUTE RULE,8014,Claude CLI MUST NOT recognize an executable directive and then state,UNKNOWN,LOW,did not match any defined bucket; not individually reviewed
CL-1172,L5_DGVA_v23_IMPLEMENTATION_STRICT_Autonomous_Remote_Transport_Recovery.md,Heuristic::ABSOLUTE RULE::1591,MUST_NOT_STATEMENT,heuristic,V22,,ABSOLUTE RULE,8014,"Only an explicit user instruction equivalent to ""read-only / do not",UNKNOWN,LOW,did not match any defined bucket; not individually reviewed
CL-1173,L5_DGVA_v23_IMPLEMENTATION_STRICT_Autonomous_Remote_Transport_Recovery.md,ContractIngestionModeResolution_PASS,INVARIANT_TOKEN,exact,V22,639,Contract Ingestion Modes,8033,`ContractIngestionModeResolution_PASS = true`,CANONICAL_EQUIVALENT,MEDIUM,"Parent-only module 'l5dgva_contract_ingestion_activation' (keyword overlap=2), not yet migrated to canonical -- M5+ pool item"
CL-1174,L5_DGVA_v23_IMPLEMENTATION_STRICT_Autonomous_Remote_Transport_Recovery.md,GoverningContractRecognition_PASS,INVARIANT_TOKEN,exact,V22,640,Governing Contract Recognition,8048,`GoverningContractRecognition_PASS = true`,UNKNOWN,LOW,"weak fuzzy match only (Parent module 'codex_full_contract_review_package', overlap=1) -- insufficient confidence, needs individual semantic review"
CL-1175,L5_DGVA_v23_IMPLEMENTATION_STRICT_Autonomous_Remote_Transport_Recovery.md,Heuristic::640::1594,MUST_NOT_STATEMENT,heuristic,V22,640,Governing Contract Recognition,8048,Do not treat an active governing contract as an ordinary large reference,UNKNOWN,LOW,did not match any defined bucket; not individually reviewed
CL-1176,L5_DGVA_v23_IMPLEMENTATION_STRICT_Autonomous_Remote_Transport_Recovery.md,AutomaticGoverningContractActivation_PASS,INVARIANT_TOKEN,exact,V22,641,Automatic Activation,8058,`AutomaticGoverningContractActivation_PASS = true`,CANONICAL_EQUIVALENT,MEDIUM,"Parent-only module 'l5dgva_contract_ingestion_activation' (keyword overlap=2), not yet migrated to canonical -- M5+ pool item"
CL-1177,L5_DGVA_v23_IMPLEMENTATION_STRICT_Autonomous_Remote_Transport_Recovery.md,ExecutableContractDirectiveDetection_PASS,INVARIANT_TOKEN,exact,V22,642,Executable Directive Detection,8067,`ExecutableContractDirectiveDetection_PASS = true`,CANONICAL_EQUIVALENT,HIGH,canonical module 'intake_contract_stale_detection' (keyword overlap=2)
CL-1178,L5_DGVA_v23_IMPLEMENTATION_STRICT_Autonomous_Remote_Transport_Recovery.md,Heuristic::642::1597,MUST_STATEMENT,heuristic,V22,642,Executable Directive Detection,8067,"""Upon receiving this prompt"" ""Immediately execute"" ""MUST execute"" ""Do",UNKNOWN,LOW,did not match any defined bucket; not individually reviewed
CL-1179,L5_DGVA_v23_IMPLEMENTATION_STRICT_Autonomous_Remote_Transport_Recovery.md,ExecutableDirectiveRegistry_PASS,INVARIANT_TOKEN,exact,V22,643,ExecutableDirectiveRegistry,8078,`ExecutableDirectiveRegistry_PASS = true`,CANONICAL_EQUIVALENT,MEDIUM,"Parent-only module 'l5dgva_directive_registry' (keyword overlap=2), not yet migrated to canonical -- M5+ pool item"
CL-1180,L5_DGVA_v23_IMPLEMENTATION_STRICT_Autonomous_Remote_Transport_Recovery.md,Artifact::ExecutableDirectiveRegistry,ARTIFACT_REQUIREMENT,exact,V22,643,ExecutableDirectiveRegistry,8078,Create/reconcile `ExecutableDirectiveRegistry`,CANONICAL_EQUIVALENT,MEDIUM,l5dgva_executable_directive_detection.py
CL-1181,L5_DGVA_v23_IMPLEMENTATION_STRICT_Autonomous_Remote_Transport_Recovery.md,RecognizedButNotDispatched_Count,INVARIANT_TOKEN,exact,V22,644,Recognized Means Dispatched,8087,`RecognizedButNotDispatched_Count = 0`,UNKNOWN,LOW,"weak fuzzy match only (Parent module 'l5dgva_documented_not_implemented_boundary_artifact_gate', overlap=1) -- insufficient confidence, needs individual semantic review"
CL-1182,L5_DGVA_v23_IMPLEMENTATION_STRICT_Autonomous_Remote_Transport_Recovery.md,DirectiveWorkItemCompilation_PASS,INVARIANT_TOKEN,exact,V22,645,Directive-to-Work-Item Compilation,8097,`DirectiveWorkItemCompilation_PASS = true`,CANONICAL_EQUIVALENT,MEDIUM,"Parent-only module 'l5dgva_directive_blackboard_work_queue' (keyword overlap=2), not yet migrated to canonical -- M5+ pool item"
CL-1183,L5_DGVA_v23_IMPLEMENTATION_STRICT_Autonomous_Remote_Transport_Recovery.md,DirectiveWorkItemStateMachine_PASS,INVARIANT_TOKEN,exact,V22,646,Work Item State Machine,8114,`DirectiveWorkItemStateMachine_PASS = true`,CANONICAL_EQUIVALENT,HIGH,canonical module 'pattern_runtime_state_machine' (keyword overlap=2)
CL-1184,L5_DGVA_v23_IMPLEMENTATION_STRICT_Autonomous_Remote_Transport_Recovery.md,ExecutableDirectiveGraphDispatch_PASS,INVARIANT_TOKEN,exact,V22,647,Graph Dispatch,8123,`ExecutableDirectiveGraphDispatch_PASS = true`,CANONICAL_EQUIVALENT,MEDIUM,"Parent-only module 'l5dgva_executable_directive_detection' (keyword overlap=2), not yet migrated to canonical -- M5+ pool item"
CL-1185,L5_DGVA_v23_IMPLEMENTATION_STRICT_Autonomous_Remote_Transport_Recovery.md,ExecutableDirectiveGraphBypass_Count,INVARIANT_TOKEN,exact,V22,647,Graph Dispatch,8123,`ExecutableDirectiveGraphBypass_Count = 0`,CANONICAL_EQUIVALENT,MEDIUM,"Parent-only module 'l5dgva_executable_directive_detection' (keyword overlap=2), not yet migrated to canonical -- M5+ pool item"
CL-1186,L5_DGVA_v23_IMPLEMENTATION_STRICT_Autonomous_Remote_Transport_Recovery.md,ExecutableDirectiveEightEngineRuntime_PASS,INVARIANT_TOKEN,exact,V22,648,Eight-Engine Execution,8131,`ExecutableDirectiveEightEngineRuntime_PASS = true`,CANONICAL_EQUIVALENT,MEDIUM,"Parent-only module 'eight_engine_runtime_proof_matrix' (keyword overlap=3), not yet migrated to canonical -- M5+ pool item"
CL-1187,L5_DGVA_v23_IMPLEMENTATION_STRICT_Autonomous_Remote_Transport_Recovery.md,ExecutableDirectiveBlackboardQueue_PASS,INVARIANT_TOKEN,exact,V22,649,Blackboard Work Queue,8139,`ExecutableDirectiveBlackboardQueue_PASS = true`,CANONICAL_EQUIVALENT,MEDIUM,"Parent-only module 'l5dgva_directive_blackboard_work_queue' (keyword overlap=3), not yet migrated to canonical -- M5+ pool item"
CL-1188,L5_DGVA_v23_IMPLEMENTATION_STRICT_Autonomous_Remote_Transport_Recovery.md,DirectivePlanExecuteReAct_PASS,INVARIANT_TOKEN,exact,V22,650,Plan/ReAct Must Advance Work,8146,`DirectivePlanExecuteReAct_PASS = true`,UNKNOWN,LOW,"weak fuzzy match only (Parent module 'l5dgva_directive_blackboard_work_queue', overlap=1) -- insufficient confidence, needs individual semantic review"
CL-1189,L5_DGVA_v23_IMPLEMENTATION_STRICT_Autonomous_Remote_Transport_Recovery.md,ExecutableDirectiveCompletionGate_PASS,INVARIANT_TOKEN,exact,V22,651,Qualification Blocks Summary-Only Completion,8153,`ExecutableDirectiveCompletionGate_PASS = true`,CANONICAL_EQUIVALENT,MEDIUM,"Parent-only module 'de_command_migration_completion_gate' (keyword overlap=2), not yet migrated to canonical -- M5+ pool item"
CL-1190,L5_DGVA_v23_IMPLEMENTATION_STRICT_Autonomous_Remote_Transport_Recovery.md,PrematureSummaryStop_Count,INVARIANT_TOKEN,exact,V22,652,No Summary Stop,8160,`PrematureSummaryStop_Count = 0`,NEW_VALID_GOVERNANCE_REQUIREMENT,LOW,no fuzzy keyword match (0 overlap) against any of 498 Parent or canonical module names -- candidate for individual verification
CL-1191,L5_DGVA_v23_IMPLEMENTATION_STRICT_Autonomous_Remote_Transport_Recovery.md,SummaryToExecutionContinuation_PASS,INVARIANT_TOKEN,exact,V22,653,Immediate Action After Summary,8168,`SummaryToExecutionContinuation_PASS = true`,UNKNOWN,LOW,"weak fuzzy match only (Parent module 'independent_work_continuation', overlap=1) -- insufficient confidence, needs individual semantic review"
CL-1192,L5_DGVA_v23_IMPLEMENTATION_STRICT_Autonomous_Remote_Transport_Recovery.md,GoverningContractRoutineConfirmation_Count,INVARIANT_TOKEN,exact,V22,654,"No ""If You Want"" Routine Offer",8176,`GoverningContractRoutineConfirmation_Count = 0`,UNKNOWN,LOW,"weak fuzzy match only (Parent module 'codex_full_contract_review_package', overlap=1) -- insufficient confidence, needs individual semantic review"
CL-1193,L5_DGVA_v23_IMPLEMENTATION_STRICT_Autonomous_Remote_Transport_Recovery.md,Heuristic::654::1613,MUST_NOT_STATEMENT,heuristic,V22,654,"No ""If You Want"" Routine Offer",8176,"Do not end governing-contract activation with: ""If you want, I can",UNKNOWN,LOW,did not match any defined bucket; not individually reviewed
CL-1194,L5_DGVA_v23_IMPLEMENTATION_STRICT_Autonomous_Remote_Transport_Recovery.md,ReadRequestGovernanceActivation_PASS,INVARIANT_TOKEN,exact,V22,655,Read Request Does Not Override Governance,8184,`ReadRequestGovernanceActivation_PASS = true`,UNKNOWN,LOW,"weak fuzzy match only (Parent module 'autonomy_governance_failure_classifier', overlap=1) -- insufficient confidence, needs individual semantic review"
CL-1195,L5_DGVA_v23_IMPLEMENTATION_STRICT_Autonomous_Remote_Transport_Recovery.md,ExplicitReadOnlyOverride_PASS,INVARIANT_TOKEN,exact,V22,656,Explicit Read-Only Override,8193,`ExplicitReadOnlyOverride_PASS = true`,NEW_VALID_GOVERNANCE_REQUIREMENT,LOW,no fuzzy keyword match (0 overlap) against any of 498 Parent or canonical module names -- candidate for individual verification
CL-1196,L5_DGVA_v23_IMPLEMENTATION_STRICT_Autonomous_Remote_Transport_Recovery.md,Heuristic::656::1616,MUST_NOT_STATEMENT,heuristic,V22,656,Explicit Read-Only Override,8193,If the user explicitly says only read/summarize and do not execute: set,UNKNOWN,LOW,did not match any defined bucket; not individually reviewed
CL-1197,L5_DGVA_v23_IMPLEMENTATION_STRICT_Autonomous_Remote_Transport_Recovery.md,Heuristic::656::1617,MUST_NOT_STATEMENT,heuristic,V22,656,Explicit Read-Only Override,8193,READ_ONLY → parse/summarize as requested → do not dispatch executable,UNKNOWN,LOW,did not match any defined bucket; not individually reviewed
CL-1198,L5_DGVA_v23_IMPLEMENTATION_STRICT_Autonomous_Remote_Transport_Recovery.md,ContractActivationStatusVisibility_PASS,INVARIANT_TOKEN,exact,V22,657,Execution Status Visibility,8201,`ContractActivationStatusVisibility_PASS = true`,CANONICAL_EQUIVALENT,MEDIUM,"Parent-only module 'l5dgva_contract_ingestion_activation' (keyword overlap=2), not yet migrated to canonical -- M5+ pool item"
CL-1199,L5_DGVA_v23_IMPLEMENTATION_STRICT_Autonomous_Remote_Transport_Recovery.md,ExecutableDirectiveCounterIntegrity_PASS,INVARIANT_TOKEN,exact,V22,658,Directive Counters,8212,`ExecutableDirectiveCounterIntegrity_PASS = true`,CANONICAL_EQUIVALENT,MEDIUM,"Parent-only module 'l5dgva_executable_directive_detection' (keyword overlap=2), not yet migrated to canonical -- M5+ pool item"
CL-1200,L5_DGVA_v23_IMPLEMENTATION_STRICT_Autonomous_Remote_Transport_Recovery.md,ExecutableDirectiveCounterClosure_PASS,INVARIANT_TOKEN,exact,V22,659,Counter Closure,8221,`ExecutableDirectiveCounterClosure_PASS = true`,CANONICAL_EQUIVALENT,MEDIUM,"Parent-only module 'l5dgva_executable_directive_detection' (keyword overlap=2), not yet migrated to canonical -- M5+ pool item"
CL-1201,L5_DGVA_v23_IMPLEMENTATION_STRICT_Autonomous_Remote_Transport_Recovery.md,DispatchedButNotExecuted_Count,INVARIANT_TOKEN,exact,V22,660,Dispatched Must Execute,8230,`DispatchedButNotExecuted_Count = 0`,UNKNOWN,LOW,"weak fuzzy match only (Parent module 'l5dgva_documented_not_implemented_boundary_artifact_gate', overlap=1) -- insufficient confidence, needs individual semantic review"
CL-1202,L5_DGVA_v23_IMPLEMENTATION_STRICT_Autonomous_Remote_Transport_Recovery.md,ExecutedButNotVerified_Count,INVARIANT_TOKEN,exact,V22,661,Executed Must Verify,8237,`ExecutedButNotVerified_Count = 0`,UNKNOWN,LOW,"weak fuzzy match only (Parent module 'l5dgva_documented_not_implemented_boundary_artifact_gate', overlap=1) -- insufficient confidence, needs individual semantic review"
CL-1203,L5_DGVA_v23_IMPLEMENTATION_STRICT_Autonomous_Remote_Transport_Recovery.md,ExecutableDirectiveValidBlockTruth_PASS,INVARIANT_TOKEN,exact,V22,662,Valid Block Requirements,8243,`ExecutableDirectiveValidBlockTruth_PASS = true`,CANONICAL_EQUIVALENT,MEDIUM,"Parent-only module 'l5dgva_executable_directive_detection' (keyword overlap=2), not yet migrated to canonical -- M5+ pool item"
CL-1204,L5_DGVA_v23_IMPLEMENTATION_STRICT_Autonomous_Remote_Transport_Recovery.md,ContractExecutionBypassClassification_PASS,INVARIANT_TOKEN,exact,V22,663,Contract Execution Bypass Classification,8253,`ContractExecutionBypassClassification_PASS = true`,UNKNOWN,LOW,"weak fuzzy match only (Parent module 'ai_engine_bypass_detector', overlap=1) -- insufficient confidence, needs individual semantic review"
CL-1205,L5_DGVA_v23_IMPLEMENTATION_STRICT_Autonomous_Remote_Transport_Recovery.md,ContractExecutionBypassRootCause_PASS,INVARIANT_TOKEN,exact,V22,664,Meta Root Cause,8261,`ContractExecutionBypassRootCause_PASS = true`,CANONICAL_EQUIVALENT,HIGH,canonical module 'intra_project_root_cause_clustering' (keyword overlap=2)
CL-1206,L5_DGVA_v23_IMPLEMENTATION_STRICT_Autonomous_Remote_Transport_Recovery.md,ContractExecutionBypassStructuralRepair_PASS,INVARIANT_TOKEN,exact,V22,665,Structural Self-Repair,8271,`ContractExecutionBypassStructuralRepair_PASS = true`,UNKNOWN,LOW,"weak fuzzy match only (Parent module 'ai_engine_bypass_detector', overlap=1) -- insufficient confidence, needs individual semantic review"
CL-1207,L5_DGVA_v23_IMPLEMENTATION_STRICT_Autonomous_Remote_Transport_Recovery.md,GoverningContractActivationRegression_PASS,INVARIANT_TOKEN,exact,V22,666,Permanent Regression Test,8278,`GoverningContractActivationRegression_PASS = true`,CANONICAL_EQUIVALENT,MEDIUM,"Parent-only module 'l5dgva_contract_ingestion_activation' (keyword overlap=2), not yet migrated to canonical -- M5+ pool item"
CL-1208,L5_DGVA_v23_IMPLEMENTATION_STRICT_Autonomous_Remote_Transport_Recovery.md,V21ContractExecutionFailureReplay_PASS,INVARIANT_TOKEN,exact,V22,667,V21 Failure Replay,8291,`V21ContractExecutionFailureReplay_PASS = true`,CANONICAL_EQUIVALENT,MEDIUM,"Parent-only module 'known_governance_failure_replay_registry' (keyword overlap=2), not yet migrated to canonical -- M5+ pool item"
CL-1209,L5_DGVA_v23_IMPLEMENTATION_STRICT_Autonomous_Remote_Transport_Recovery.md,RepeatedContractExecutionBypass_Count,INVARIANT_TOKEN,exact,V22,668,Same-Class Failure Must Not Recur,8301,`RepeatedContractExecutionBypass_Count = 0`,UNKNOWN,LOW,"weak fuzzy match only (Parent module 'ai_engine_bypass_detector', overlap=1) -- insufficient confidence, needs individual semantic review"
CL-1210,L5_DGVA_v23_IMPLEMENTATION_STRICT_Autonomous_Remote_Transport_Recovery.md,ContractExecutionKCRuntimeOperational_PASS,INVARIANT_TOKEN,exact,V22,669,KC Operationalization,8308,`ContractExecutionKCRuntimeOperational_PASS = true`,CANONICAL_EQUIVALENT,MEDIUM,"Parent-only module 'l5dgva_ss583_contract_to_runtime_traceability' (keyword overlap=2), not yet migrated to canonical -- M5+ pool item"
CL-1211,L5_DGVA_v23_IMPLEMENTATION_STRICT_Autonomous_Remote_Transport_Recovery.md,ActiveGoverningContractMemory_PASS,INVARIANT_TOKEN,exact,V22,670,Active Contract Memory,8318,`ActiveGoverningContractMemory_PASS = true`,UNKNOWN,LOW,"weak fuzzy match only (Parent module 'codex_full_contract_review_package', overlap=1) -- insufficient confidence, needs individual semantic review"
CL-1212,L5_DGVA_v23_IMPLEMENTATION_STRICT_Autonomous_Remote_Transport_Recovery.md,ContractChangeReactivation_PASS,INVARIANT_TOKEN,exact,V22,671,Contract Change Re-Activation,8326,`ContractChangeReactivation_PASS = true`,CANONICAL_EQUIVALENT,MEDIUM,"Parent-only module 'l5dgva_contract_change_reactivation' (keyword overlap=3), not yet migrated to canonical -- M5+ pool item"
CL-1213,L5_DGVA_v23_IMPLEMENTATION_STRICT_Autonomous_Remote_Transport_Recovery.md,ContractExecutionContextIndependence_PASS,INVARIANT_TOKEN,exact,V22,672,No Full-Context Dependency,8334,`ContractExecutionContextIndependence_PASS = true`,UNKNOWN,LOW,"weak fuzzy match only (Parent module 'codex_full_contract_review_package', overlap=1) -- insufficient confidence, needs individual semantic review"
CL-1214,L5_DGVA_v23_IMPLEMENTATION_STRICT_Autonomous_Remote_Transport_Recovery.md,ExecutableDirectiveRegistryIntegration_PASS,INVARIANT_TOKEN,exact,V22,673,Contract-as-Code Consumer,8342,`ExecutableDirectiveRegistryIntegration_PASS = true`,CANONICAL_EQUIVALENT,MEDIUM,"Parent-only module 'l5dgva_directive_registry' (keyword overlap=2), not yet migrated to canonical -- M5+ pool item"
CL-1215,L5_DGVA_v23_IMPLEMENTATION_STRICT_Autonomous_Remote_Transport_Recovery.md,DirectiveExecutionGovernancePreservation_PASS,INVARIANT_TOKEN,exact,V22,674,OpenSpec / KC / Reference Are Still Required,8350,`DirectiveExecutionGovernancePreservation_PASS = true`,CANONICAL_EQUIVALENT,MEDIUM,"Parent-only module 'l5dgva_directive_governance_preservation_gate' (keyword overlap=3), not yet migrated to canonical -- M5+ pool item"
CL-1216,L5_DGVA_v23_IMPLEMENTATION_STRICT_Autonomous_Remote_Transport_Recovery.md,ExecutionTheater_Count,INVARIANT_TOKEN,exact,V22,675,No Execution Theater,8358,`ExecutionTheater_Count = 0`,UNKNOWN,LOW,"weak fuzzy match only (Parent module 'l5dgva_directive_execution_counters', overlap=1) -- insufficient confidence, needs individual semantic review"
CL-1217,L5_DGVA_v23_IMPLEMENTATION_STRICT_Autonomous_Remote_Transport_Recovery.md,ExecutableDirectiveProgressVisibility_PASS,INVARIANT_TOKEN,exact,V22,676,Visible Work Progress,8366,`ExecutableDirectiveProgressVisibility_PASS = true`,CANONICAL_EQUIVALENT,MEDIUM,"Parent-only module 'l5dgva_executable_directive_detection' (keyword overlap=2), not yet migrated to canonical -- M5+ pool item"
CL-1218,L5_DGVA_v23_IMPLEMENTATION_STRICT_Autonomous_Remote_Transport_Recovery.md,ExecutableDirectiveCheckpointResume_PASS,INVARIANT_TOKEN,exact,V22,677,Checkpoint / Resume,8373,`ExecutableDirectiveCheckpointResume_PASS = true`,CANONICAL_EQUIVALENT,MEDIUM,"Parent-only module 'l5dgva_directive_checkpoint_resume' (keyword overlap=3), not yet migrated to canonical -- M5+ pool item"
CL-1219,L5_DGVA_v23_IMPLEMENTATION_STRICT_Autonomous_Remote_Transport_Recovery.md,ExecutableDirectiveCodexAuditPackage_PASS,INVARIANT_TOKEN,exact,V22,678,Codex Independent Audit,8380,`ExecutableDirectiveCodexAuditPackage_PASS = true`,CANONICAL_EQUIVALENT,MEDIUM,"Parent-only module 'codex_full_contract_review_package' (keyword overlap=2), not yet migrated to canonical -- M5+ pool item"
CL-1220,L5_DGVA_v23_IMPLEMENTATION_STRICT_Autonomous_Remote_Transport_Recovery.md,V22_EXECUTION_ENFORCEMENT_CLOSURE_PASS,INVARIANT_TOKEN,exact,V22,679,Final V22 Closure Gate,8390,`V22_EXECUTION_ENFORCEMENT_CLOSURE_PASS = true`,CANONICAL_EQUIVALENT,MEDIUM,"Parent-only module 'l5dgva_v22_execution_enforcement_closure_gate' (keyword overlap=4), not yet migrated to canonical -- M5+ pool item"
CL-1221,L5_DGVA_v23_IMPLEMENTATION_STRICT_Autonomous_Remote_Transport_Recovery.md,Heuristic::680::1652,MUST_NOT_STATEMENT,heuristic,V22,680,Immediate Execution Instruction,8408,Do not stop for summary or routine confirmation.,CANONICAL_EQUIVALENT,MEDIUM,Canonical's Autonomous Wave Execution discipline (project memory) + Trust Progression + 'actionable findings must close before Final Deep Audit' already codify this.
CL-1222,L5_DGVA_v23_IMPLEMENTATION_STRICT_Autonomous_Remote_Transport_Recovery.md,AutonomousRemoteTransportRecovery_PASS,INVARIANT_TOKEN,exact,V23,,ABSOLUTE REMOTE-EXECUTION RULE,8453,`AutonomousRemoteTransportRecovery_PASS = true`,CANONICAL_EQUIVALENT,MEDIUM,"Parent-only module 'remote_recovery_hypothesis_matrix' (keyword overlap=2), not yet migrated to canonical -- M5+ pool item"
CL-1223,L5_DGVA_v23_IMPLEMENTATION_STRICT_Autonomous_Remote_Transport_Recovery.md,Heuristic::ABSOLUTE REMOTE-EXECUTION RULE::1654,MUST_NOT_STATEMENT,heuristic,V23,,ABSOLUTE REMOTE-EXECUTION RULE,8453,Claude CLI MUST NOT escalate to the user merely because,UNKNOWN,LOW,did not match any defined bucket; not individually reviewed
CL-1224,L5_DGVA_v23_IMPLEMENTATION_STRICT_Autonomous_Remote_Transport_Recovery.md,Heuristic::ABSOLUTE REMOTE-EXECUTION RULE::1655,MUST_STATEMENT,heuristic,V23,,ABSOLUTE REMOTE-EXECUTION RULE,8453,"Before declaring a Human/External boundary, L5-DGVA MUST execute a",UNKNOWN,LOW,did not match any defined bucket; not individually reviewed
CL-1225,L5_DGVA_v23_IMPLEMENTATION_STRICT_Autonomous_Remote_Transport_Recovery.md,RemoteTransportLayerModel_PASS,INVARIANT_TOKEN,exact,V23,681,Remote Transport Layer Model,8466,`RemoteTransportLayerModel_PASS = true`,CANONICAL_EQUIVALENT,MEDIUM,"Parent-only module 'remote_transport_failure_artifact' (keyword overlap=2), not yet migrated to canonical -- M5+ pool item"
CL-1226,L5_DGVA_v23_IMPLEMENTATION_STRICT_Autonomous_Remote_Transport_Recovery.md,RemoteTransportFailureIdentity_PASS,INVARIANT_TOKEN,exact,V23,682,Freeze Failure Identity,8477,`RemoteTransportFailureIdentity_PASS = true`,CANONICAL_EQUIVALENT,MEDIUM,"Parent-only module 'remote_transport_failure_artifact' (keyword overlap=3), not yet migrated to canonical -- M5+ pool item"
CL-1227,L5_DGVA_v23_IMPLEMENTATION_STRICT_Autonomous_Remote_Transport_Recovery.md,Artifact::RemoteTransportFailureArtifact,ARTIFACT_REQUIREMENT,exact,V23,682,Freeze Failure Identity,8477,create/reconcile `RemoteTransportFailureArtifact`,CANONICAL_EQUIVALENT,MEDIUM,remote_bounded_local_diagnosis.py / remote_human_boundary_qualification.py
CL-1228,L5_DGVA_v23_IMPLEMENTATION_STRICT_Autonomous_Remote_Transport_Recovery.md,RemoteTransportUnsupportedRootCause_Count,INVARIANT_TOKEN,exact,V23,683,No Unsupported Root Cause,8486,`RemoteTransportUnsupportedRootCause_Count = 0`,CANONICAL_EQUIVALENT,HIGH,canonical module 'intra_project_root_cause_clustering' (keyword overlap=2)
CL-1229,L5_DGVA_v23_IMPLEMENTATION_STRICT_Autonomous_Remote_Transport_Recovery.md,Heuristic::683::1660,MUST_NOT_STATEMENT,heuristic,V23,683,No Unsupported Root Cause,8486,"Do not conclude LOW_MEMORY, AUTH, NETWORK, RELAY_BUG or other root cause",CANONICAL_EQUIVALENT,MEDIUM,Canonical's Remote Linux Execution (Persistent Relay) section already codifies bounded-reconnect/no-blind-retry discipline (the 'Known residual' clause).
CL-1230,L5_DGVA_v23_IMPLEMENTATION_STRICT_Autonomous_Remote_Transport_Recovery.md,RemoteRecoverySingleOwner_PASS,INVARIANT_TOKEN,exact,V23,684,Single-Owner Recovery Critical Section,8494,`RemoteRecoverySingleOwner_PASS = true`,CANONICAL_EQUIVALENT,MEDIUM,"Parent-only module 'remote_recovery_single_owner' (keyword overlap=4), not yet migrated to canonical -- M5+ pool item"
CL-1231,L5_DGVA_v23_IMPLEMENTATION_STRICT_Autonomous_Remote_Transport_Recovery.md,StaleRemoteRecoveryCleanup_PASS,INVARIANT_TOKEN,exact,V23,685,Stale Recovery Cleanup,8504,`StaleRemoteRecoveryCleanup_PASS = true`,CANONICAL_EQUIVALENT,MEDIUM,"Parent-only module 'remote_recovery_hypothesis_matrix' (keyword overlap=2), not yet migrated to canonical -- M5+ pool item"
CL-1232,L5_DGVA_v23_IMPLEMENTATION_STRICT_Autonomous_Remote_Transport_Recovery.md,RelayHealthDiagnosis_PASS,INVARIANT_TOKEN,exact,V23,686,Bounded Relay Health Diagnosis,8511,`RelayHealthDiagnosis_PASS = true`,UNKNOWN,LOW,"weak fuzzy match only (Parent module 'platform_health', overlap=1) -- insufficient confidence, needs individual semantic review"
CL-1233,L5_DGVA_v23_IMPLEMENTATION_STRICT_Autonomous_Remote_Transport_Recovery.md,Heuristic::686::1664,MUST_NOT_STATEMENT,heuristic,V23,686,Bounded Relay Health Diagnosis,8511,Do not expose secrets.,CANONICAL_EXISTING_RULE_STRONGER,MEDIUM,"Canonical's SSH/Remote Transport Connection Intake + Remote Linux Execution ALWAYS_ON rules already extensively cover credential/secret non-exposure/non-persistence, more thoroughly than this one sentence."
CL-1234,L5_DGVA_v23_IMPLEMENTATION_STRICT_Autonomous_Remote_Transport_Recovery.md,BoundedRelayRestart_PASS,INVARIANT_TOKEN,exact,V23,687,Bounded Restart,8521,`BoundedRelayRestart_PASS = true`,UNKNOWN,LOW,"weak fuzzy match only (Parent module 'remote_bounded_local_diagnosis', overlap=1) -- insufficient confidence, needs individual semantic review"
CL-1235,L5_DGVA_v23_IMPLEMENTATION_STRICT_Autonomous_Remote_Transport_Recovery.md,UnboundedRelayRestart_Count,INVARIANT_TOKEN,exact,V23,687,Bounded Restart,8521,`UnboundedRelayRestart_Count = 0`,NEW_VALID_GOVERNANCE_REQUIREMENT,LOW,no fuzzy keyword match (0 overlap) against any of 498 Parent or canonical module names -- candidate for individual verification
CL-1236,L5_DGVA_v23_IMPLEMENTATION_STRICT_Autonomous_Remote_Transport_Recovery.md,RelayRestartPhaseVisibility_PASS,INVARIANT_TOKEN,exact,V23,688,Restart Phase Visibility,8530,`RelayRestartPhaseVisibility_PASS = true`,UNKNOWN,LOW,"weak fuzzy match only (Parent module 'kc_harvest_phase_closure_coverage', overlap=1) -- insufficient confidence, needs individual semantic review"
CL-1237,L5_DGVA_v23_IMPLEMENTATION_STRICT_Autonomous_Remote_Transport_Recovery.md,BlindRelayRestartRetry_Count,INVARIANT_TOKEN,exact,V23,689,No Blind Repeated Restart,8539,`BlindRelayRestartRetry_Count = 0`,UNKNOWN,LOW,"weak fuzzy match only (Parent module 'no_blind_implementation_gate', overlap=1) -- insufficient confidence, needs individual semantic review"
CL-1238,L5_DGVA_v23_IMPLEMENTATION_STRICT_Autonomous_Remote_Transport_Recovery.md,Heuristic::689::1669,MUST_NOT_STATEMENT,heuristic,V23,689,No Blind Repeated Restart,8539,"After a bounded restart fails, do not immediately repeat the same",CANONICAL_EQUIVALENT,MEDIUM,Canonical's Remote Linux Execution (Persistent Relay) section already codifies bounded-reconnect/no-blind-retry discipline (the 'Known residual' clause).
CL-1239,L5_DGVA_v23_IMPLEMENTATION_STRICT_Autonomous_Remote_Transport_Recovery.md,DirectRemoteHopFallbackProbe_PASS,INVARIANT_TOKEN,exact,V23,690,Direct Remote-Hop Fallback,8546,`DirectRemoteHopFallbackProbe_PASS = true`,UNKNOWN,LOW,"weak fuzzy match only (Parent module 'kc_v19_process_boundary_probe', overlap=1) -- insufficient confidence, needs individual semantic review"
CL-1240,L5_DGVA_v23_IMPLEMENTATION_STRICT_Autonomous_Remote_Transport_Recovery.md,RemoteConnectivityFreshEvidence_PASS,INVARIANT_TOKEN,exact,V23,691,Known-Good Connectivity Evidence,8556,`RemoteConnectivityFreshEvidence_PASS = true`,UNKNOWN,LOW,"weak fuzzy match only (Parent module 'command_deep_study_evidence_gate', overlap=1) -- insufficient confidence, needs individual semantic review"
CL-1241,L5_DGVA_v23_IMPLEMENTATION_STRICT_Autonomous_Remote_Transport_Recovery.md,RelayFailureFallbackContinuation_PASS,INVARIANT_TOKEN,exact,V23,692,Fallback Decision,8563,`RelayFailureFallbackContinuation_PASS = true`,UNKNOWN,LOW,"weak fuzzy match only (Parent module 'autonomy_governance_failure_classifier', overlap=1) -- insufficient confidence, needs individual semantic review"
CL-1242,L5_DGVA_v23_IMPLEMENTATION_STRICT_Autonomous_Remote_Transport_Recovery.md,ExistingRemoteJobEvidenceFirst_PASS,INVARIANT_TOKEN,exact,V23,693,Target Job Artifact Access,8572,`ExistingRemoteJobEvidenceFirst_PASS = true`,UNKNOWN,LOW,"weak fuzzy match only (Parent module 'command_deep_study_evidence_gate', overlap=1) -- insufficient confidence, needs individual semantic review"
CL-1243,L5_DGVA_v23_IMPLEMENTATION_STRICT_Autonomous_Remote_Transport_Recovery.md,G9FatalProbeEvidenceContinuation_PASS,INVARIANT_TOKEN,exact,V23,694,g9_fatal_probe Continuation Rule,8579,`G9FatalProbeEvidenceContinuation_PASS = true`,UNKNOWN,LOW,"weak fuzzy match only (Parent module 'command_deep_study_evidence_gate', overlap=1) -- insufficient confidence, needs individual semantic review"
CL-1244,L5_DGVA_v23_IMPLEMENTATION_STRICT_Autonomous_Remote_Transport_Recovery.md,RemoteFallbackGovernancePreservation_PASS,INVARIANT_TOKEN,exact,V23,695,Remote Fallback Does Not Bypass Verification Governance,8589,`RemoteFallbackGovernancePreservation_PASS = true`,CANONICAL_EQUIVALENT,MEDIUM,"Parent-only module 'l5dgva_directive_governance_preservation_gate' (keyword overlap=2), not yet migrated to canonical -- M5+ pool item"
CL-1245,L5_DGVA_v23_IMPLEMENTATION_STRICT_Autonomous_Remote_Transport_Recovery.md,RemoteCredentialExposure_Count,INVARIANT_TOKEN,exact,V23,696,Credential Safety,8597,`RemoteCredentialExposure_Count = 0`,UNKNOWN,LOW,"weak fuzzy match only (Parent module 'remote_bounded_local_diagnosis', overlap=1) -- insufficient confidence, needs individual semantic review"
CL-1246,L5_DGVA_v23_IMPLEMENTATION_STRICT_Autonomous_Remote_Transport_Recovery.md,RemoteCredentialKCPersistence_Count,INVARIANT_TOKEN,exact,V23,696,Credential Safety,8597,`RemoteCredentialKCPersistence_Count = 0`,UNKNOWN,LOW,"weak fuzzy match only (Parent module 'remote_bounded_local_diagnosis', overlap=1) -- insufficient confidence, needs individual semantic review"
CL-1247,L5_DGVA_v23_IMPLEMENTATION_STRICT_Autonomous_Remote_Transport_Recovery.md,Heuristic::696::1678,MUST_NOT_STATEMENT,heuristic,V23,696,Credential Safety,8597,"Never print, persist into KC/Obsidian, log, or expose",CANONICAL_EQUIVALENT,MEDIUM,Parent's extensive Knowledge Brain / 5-tier Memory module family already addresses this; canonical's own Engineering Memory Policy is the ALWAYS_ON compact form.
CL-1248,L5_DGVA_v23_IMPLEMENTATION_STRICT_Autonomous_Remote_Transport_Recovery.md,RemoteHumanBoundaryQualification_PASS,INVARIANT_TOKEN,exact,V23,697,Human Boundary Qualification,8606,`RemoteHumanBoundaryQualification_PASS = true`,CANONICAL_EQUIVALENT,MEDIUM,"Parent-only module 'remote_human_boundary_qualification' (keyword overlap=4), not yet migrated to canonical -- M5+ pool item"
CL-1249,L5_DGVA_v23_IMPLEMENTATION_STRICT_Autonomous_Remote_Transport_Recovery.md,RemoteBoundaryStatusVisibility_PASS,INVARIANT_TOKEN,exact,V23,698,Boundary Status,8615,`RemoteBoundaryStatusVisibility_PASS = true`,CANONICAL_EQUIVALENT,MEDIUM,"Parent-only module 'remote_human_boundary_escalation_gate' (keyword overlap=2), not yet migrated to canonical -- M5+ pool item"
CL-1250,L5_DGVA_v23_IMPLEMENTATION_STRICT_Autonomous_Remote_Transport_Recovery.md,PrematureManualRelayRestartRequest_Count,INVARIANT_TOKEN,exact,V23,699,No Premature Manual Restart Request,8625,`PrematureManualRelayRestartRequest_Count = 0`,NEW_VALID_GOVERNANCE_REQUIREMENT,LOW,no fuzzy keyword match (0 overlap) against any of 498 Parent or canonical module names -- candidate for individual verification
CL-1251,L5_DGVA_v23_IMPLEMENTATION_STRICT_Autonomous_Remote_Transport_Recovery.md,Heuristic::699::1682,MUST_NOT_STATEMENT,heuristic,V23,699,No Premature Manual Restart Request,8625,Do not ask the user to restart relay while direct authorized fallback or,CANONICAL_EQUIVALENT,MEDIUM,Canonical's Remote Linux Execution (Persistent Relay) section already codifies bounded-reconnect/no-blind-retry discipline (the 'Known residual' clause).
CL-1252,L5_DGVA_v23_IMPLEMENTATION_STRICT_Autonomous_Remote_Transport_Recovery.md,RemoteRecoveryInferenceMatrix_PASS,INVARIANT_TOKEN,exact,V23,700,Recovery Hypothesis Matrix,8632,`RemoteRecoveryInferenceMatrix_PASS = true`,CANONICAL_EQUIVALENT,MEDIUM,"Parent-only module 'remote_recovery_hypothesis_matrix' (keyword overlap=3), not yet migrated to canonical -- M5+ pool item"
CL-1253,L5_DGVA_v23_IMPLEMENTATION_STRICT_Autonomous_Remote_Transport_Recovery.md,RemoteRecoveryInferenceEngine_PASS,INVARIANT_TOKEN,exact,V23,701,Autonomous Inference Integration,8643,`RemoteRecoveryInferenceEngine_PASS = true`,CANONICAL_EQUIVALENT,MEDIUM,"Parent-only module 'remote_recovery_hypothesis_matrix' (keyword overlap=2), not yet migrated to canonical -- M5+ pool item"
CL-1254,L5_DGVA_v23_IMPLEMENTATION_STRICT_Autonomous_Remote_Transport_Recovery.md,RemoteRecoveryGraphIntegration_PASS,INVARIANT_TOKEN,exact,V23,702,Graph Integration,8650,`RemoteRecoveryGraphIntegration_PASS = true`,CANONICAL_EQUIVALENT,MEDIUM,"Parent-only module 'remote_recovery_hypothesis_matrix' (keyword overlap=2), not yet migrated to canonical -- M5+ pool item"
CL-1255,L5_DGVA_v23_IMPLEMENTATION_STRICT_Autonomous_Remote_Transport_Recovery.md,RemoteRecoveryMultiAgentGovernance_PASS,INVARIANT_TOKEN,exact,V23,703,Multi-Agent Resource Governance,8660,`RemoteRecoveryMultiAgentGovernance_PASS = true`,CANONICAL_EQUIVALENT,HIGH,canonical module 'multi_agent' (keyword overlap=2)
CL-1256,L5_DGVA_v23_IMPLEMENTATION_STRICT_Autonomous_Remote_Transport_Recovery.md,RemoteRecoveryRouteSkillResolution_PASS,INVARIANT_TOKEN,exact,V23,704,Route / Skill Resolver,8667,`RemoteRecoveryRouteSkillResolution_PASS = true`,CANONICAL_EQUIVALENT,MEDIUM,"Parent-only module 'remote_recovery_hypothesis_matrix' (keyword overlap=2), not yet migrated to canonical -- M5+ pool item"
CL-1257,L5_DGVA_v23_IMPLEMENTATION_STRICT_Autonomous_Remote_Transport_Recovery.md,RemoteRecoveryBlackboard_PASS,INVARIANT_TOKEN,exact,V23,705,Blackboard Integration,8674,`RemoteRecoveryBlackboard_PASS = true`,CANONICAL_EQUIVALENT,MEDIUM,"Parent-only module 'remote_recovery_hypothesis_matrix' (keyword overlap=2), not yet migrated to canonical -- M5+ pool item"
CL-1258,L5_DGVA_v23_IMPLEMENTATION_STRICT_Autonomous_Remote_Transport_Recovery.md,RemoteRecoveryKCRuntimeRecall_PASS,INVARIANT_TOKEN,exact,V23,706,Memory / KC Recall,8682,`RemoteRecoveryKCRuntimeRecall_PASS = true`,CANONICAL_EQUIVALENT,MEDIUM,"Parent-only module 'remote_recovery_hypothesis_matrix' (keyword overlap=2), not yet migrated to canonical -- M5+ pool item"
CL-1259,L5_DGVA_v23_IMPLEMENTATION_STRICT_Autonomous_Remote_Transport_Recovery.md,ApplicableRemoteRecoveryKCNotRetrieved_Count,INVARIANT_TOKEN,exact,V23,706,Memory / KC Recall,8682,`ApplicableRemoteRecoveryKCNotRetrieved_Count = 0`,CANONICAL_EQUIVALENT,MEDIUM,"Parent-only module 'remote_recovery_hypothesis_matrix' (keyword overlap=2), not yet migrated to canonical -- M5+ pool item"
CL-1260,L5_DGVA_v23_IMPLEMENTATION_STRICT_Autonomous_Remote_Transport_Recovery.md,RemoteExecutionUnavailableTruthGate_PASS,INVARIANT_TOKEN,exact,V23,707,Qualification Engine,8691,`RemoteExecutionUnavailableTruthGate_PASS = true`,CANONICAL_EQUIVALENT,MEDIUM,"Parent-only module 'debug_kc_generalization_truth_gate' (keyword overlap=2), not yet migrated to canonical -- M5+ pool item"
CL-1261,L5_DGVA_v23_IMPLEMENTATION_STRICT_Autonomous_Remote_Transport_Recovery.md,PersistentRelayFailureFallbackMethod_PASS,INVARIANT_TOKEN,exact,V23,708,Generic KC Operationalization,8698,`PersistentRelayFailureFallbackMethod_PASS = true`,UNKNOWN,LOW,"weak fuzzy match only (Parent module 'autonomy_governance_failure_classifier', overlap=1) -- insufficient confidence, needs individual semantic review"
CL-1262,L5_DGVA_v23_IMPLEMENTATION_STRICT_Autonomous_Remote_Transport_Recovery.md,SingleOwnerRemoteRecoveryMethod_PASS,INVARIANT_TOKEN,exact,V23,708,Generic KC Operationalization,8698,`SingleOwnerRemoteRecoveryMethod_PASS = true`,CANONICAL_EQUIVALENT,MEDIUM,"Parent-only module 'remote_recovery_single_owner' (keyword overlap=4), not yet migrated to canonical -- M5+ pool item"
CL-1263,L5_DGVA_v23_IMPLEMENTATION_STRICT_Autonomous_Remote_Transport_Recovery.md,BoundedRelayRestartDiagnosticMethod_PASS,INVARIANT_TOKEN,exact,V23,708,Generic KC Operationalization,8698,`BoundedRelayRestartDiagnosticMethod_PASS = true`,UNKNOWN,LOW,"weak fuzzy match only (Parent module 'diagnostic_bound_compatibility', overlap=1) -- insufficient confidence, needs individual semantic review"
CL-1264,L5_DGVA_v23_IMPLEMENTATION_STRICT_Autonomous_Remote_Transport_Recovery.md,RemoteRecoveryKCRuntimeTrigger_PASS,INVARIANT_TOKEN,exact,V23,709,KC Runtime Triggers,8720,`RemoteRecoveryKCRuntimeTrigger_PASS = true`,CANONICAL_EQUIVALENT,MEDIUM,"Parent-only module 'remote_recovery_hypothesis_matrix' (keyword overlap=2), not yet migrated to canonical -- M5+ pool item"
CL-1265,L5_DGVA_v23_IMPLEMENTATION_STRICT_Autonomous_Remote_Transport_Recovery.md,KnownRelayHangSelfHealing_PASS,INVARIANT_TOKEN,exact,V23,710,Replay.ps1 Hang Is Not Permanent Residual Exemption,8728,`KnownRelayHangSelfHealing_PASS = true`,CANONICAL_EQUIVALENT,HIGH,canonical module 'bounded_self_healing' (keyword overlap=2)
CL-1266,L5_DGVA_v23_IMPLEMENTATION_STRICT_Autonomous_Remote_Transport_Recovery.md,RelayRestartDiagnosticHardening_PASS,INVARIANT_TOKEN,exact,V23,711,Restart Script Diagnostic Hardening,8736,`RelayRestartDiagnosticHardening_PASS = true`,UNKNOWN,LOW,"weak fuzzy match only (Parent module 'diagnostic_bound_compatibility', overlap=1) -- insufficient confidence, needs individual semantic review"
CL-1267,L5_DGVA_v23_IMPLEMENTATION_STRICT_Autonomous_Remote_Transport_Recovery.md,RemoteRecoveryHarnessRegression_PASS,INVARIANT_TOKEN,exact,V23,712,Remote Recovery Regression,8744,`RemoteRecoveryHarnessRegression_PASS = true`,CANONICAL_EQUIVALENT,MEDIUM,"Parent-only module 'kc_v18_harness_regression_qualification_gate' (keyword overlap=2), not yet migrated to canonical -- M5+ pool item"
CL-1268,L5_DGVA_v23_IMPLEMENTATION_STRICT_Autonomous_Remote_Transport_Recovery.md,RelayDownPrematureEscalationReplay_PASS,INVARIANT_TOKEN,exact,V23,713,Known Failure Replay,8753,`RelayDownPrematureEscalationReplay_PASS = true`,UNKNOWN,LOW,"weak fuzzy match only (Parent module 'escalation_notify', overlap=1) -- insufficient confidence, needs individual semantic review"
CL-1269,L5_DGVA_v23_IMPLEMENTATION_STRICT_Autonomous_Remote_Transport_Recovery.md,RepeatedPrematureRemoteHumanEscalation_Count,INVARIANT_TOKEN,exact,V23,714,Same-Class Failure Must Not Recur,8763,`RepeatedPrematureRemoteHumanEscalation_Count = 0`,CANONICAL_EQUIVALENT,MEDIUM,"Parent-only module 'remote_human_boundary_escalation_gate' (keyword overlap=3), not yet migrated to canonical -- M5+ pool item"
CL-1270,L5_DGVA_v23_IMPLEMENTATION_STRICT_Autonomous_Remote_Transport_Recovery.md,RemoteRecoverySameClassPrevention_PASS,INVARIANT_TOKEN,exact,V23,714,Same-Class Failure Must Not Recur,8763,`RemoteRecoverySameClassPrevention_PASS = true`,CANONICAL_EQUIVALENT,MEDIUM,"Parent-only module 'remote_recovery_hypothesis_matrix' (keyword overlap=2), not yet migrated to canonical -- M5+ pool item"
CL-1271,L5_DGVA_v23_IMPLEMENTATION_STRICT_Autonomous_Remote_Transport_Recovery.md,RemoteResourcePressureInferenceTruth_PASS,INVARIANT_TOKEN,exact,V23,715,Resource Pressure Truth,8769,`RemoteResourcePressureInferenceTruth_PASS = true`,UNKNOWN,LOW,"weak fuzzy match only (Parent module 'debug_kc_generalization_truth_gate', overlap=1) -- insufficient confidence, needs individual semantic review"
CL-1272,L5_DGVA_v23_IMPLEMENTATION_STRICT_Autonomous_Remote_Transport_Recovery.md,RemoteTransportDebugEvidenceComposition_PASS,INVARIANT_TOKEN,exact,V23,716,Existing Diagnostic / Remote Transport Composition,8777,`RemoteTransportDebugEvidenceComposition_PASS = true`,CANONICAL_EQUIVALENT,HIGH,canonical module 'debug_evidence_behavioral_firewall_gate' (keyword overlap=2)
CL-1273,L5_DGVA_v23_IMPLEMENTATION_STRICT_Autonomous_Remote_Transport_Recovery.md,UnnecessaryRemoteSimulationRerun_Count,INVARIANT_TOKEN,exact,V23,717,No Automatic Simulation Rerun,8785,`UnnecessaryRemoteSimulationRerun_Count = 0`,UNKNOWN,LOW,"weak fuzzy match only (Parent module 'remote_bounded_local_diagnosis', overlap=1) -- insufficient confidence, needs individual semantic review"
CL-1274,L5_DGVA_v23_IMPLEMENTATION_STRICT_Autonomous_Remote_Transport_Recovery.md,Heuristic::717::1705,MUST_NOT_STATEMENT,heuristic,V23,717,No Automatic Simulation Rerun,8785,Do not rerun expensive remote simulation merely because connection was,UNKNOWN,LOW,did not match any defined bucket; not individually reviewed
CL-1275,L5_DGVA_v23_IMPLEMENTATION_STRICT_Autonomous_Remote_Transport_Recovery.md,RemoteRecoveryRuntimeVisibility_PASS,INVARIANT_TOKEN,exact,V23,718,Visible Runtime Status,8792,`RemoteRecoveryRuntimeVisibility_PASS = true`,CANONICAL_EQUIVALENT,MEDIUM,"Parent-only module 'remote_recovery_hypothesis_matrix' (keyword overlap=2), not yet migrated to canonical -- M5+ pool item"
CL-1276,L5_DGVA_v23_IMPLEMENTATION_STRICT_Autonomous_Remote_Transport_Recovery.md,RemoteRecoveryCheckpointResume_PASS,INVARIANT_TOKEN,exact,V23,719,Checkpoint / Resume,8802,`RemoteRecoveryCheckpointResume_PASS = true`,CANONICAL_EQUIVALENT,MEDIUM,"Parent-only module 'l5dgva_directive_checkpoint_resume' (keyword overlap=2), not yet migrated to canonical -- M5+ pool item"
CL-1277,L5_DGVA_v23_IMPLEMENTATION_STRICT_Autonomous_Remote_Transport_Recovery.md,V23ContractRuntimeIntegration_PASS,INVARIANT_TOKEN,exact,V23,720,Contract Integration,8809,`V23ContractRuntimeIntegration_PASS = true`,CANONICAL_EQUIVALENT,MEDIUM,"Parent-only module 'l5dgva_v23_contract_integration_audit' (keyword overlap=3), not yet migrated to canonical -- M5+ pool item"
CL-1278,L5_DGVA_v23_IMPLEMENTATION_STRICT_Autonomous_Remote_Transport_Recovery.md,V23_REMOTE_RECOVERY_CLOSURE_PASS,INVARIANT_TOKEN,exact,V23,721,Final V23 Closure,8816,`V23_REMOTE_RECOVERY_CLOSURE_PASS = true`,CANONICAL_EQUIVALENT,MEDIUM,"Parent-only module 'remote_recovery_v23_late_sections' (keyword overlap=3), not yet migrated to canonical -- M5+ pool item"
CL-1279,L5_DGVA_v23_IMPLEMENTATION_STRICT_Autonomous_Remote_Transport_Recovery.md,Heuristic::722::1721,MUST_NOT_STATEMENT,heuristic,V23,722,Immediate Execution Instruction,8836,Do not blindly retry relay.,CANONICAL_EQUIVALENT,MEDIUM,Canonical's Remote Linux Execution (Persistent Relay) section already codifies bounded-reconnect/no-blind-retry discipline (the 'Known residual' clause).
CL-1280,L5_DGVA_v23_IMPLEMENTATION_STRICT_Autonomous_Remote_Transport_Recovery.md,Heuristic::722::1722,MUST_NOT_STATEMENT,heuristic,V23,722,Immediate Execution Instruction,8836,Do not expose credentials.,CANONICAL_EXISTING_RULE_STRONGER,MEDIUM,"Canonical's SSH/Remote Transport Connection Intake + Remote Linux Execution ALWAYS_ON rules already extensively cover credential/secret non-exposure/non-persistence, more thoroughly than this one sentence."
CL-1281,L5_DGVA_v23_IMPLEMENTATION_STRICT_Autonomous_Remote_Transport_Recovery.md,Heuristic::722::1723,MUST_NOT_STATEMENT,heuristic,V23,722,Immediate Execution Instruction,8836,Do not claim,UNKNOWN,LOW,did not match any defined bucket; not individually reviewed
CL-1282,CODEX_L5_DGVA_Knowledge_Brain_Independent_Adversarial_Review_Prompt_v19.md,Heuristic::ROLE::0,MUST_NOT_STATEMENT,heuristic,V1,,ROLE,3,"Do not trust CLAUDE.md, comments, filenames, class existence,",UNKNOWN,LOW,did not match any defined bucket; not individually reviewed
CL-1283,CODEX_L5_DGVA_Knowledge_Brain_Independent_Adversarial_Review_Prompt_v19.md,Heuristic::PROOF LEVELS::1,MUST_NOT_STATEMENT,heuristic,V1,,PROOF LEVELS,95,Do not award a higher level without evidence for all required lower,CONSTITUTION_ALREADY_COVERS,MEDIUM,Canonical's Evidence Truth Rule + Article 0 EVIDENCE_GROUNDED dimension already establish this exact general principle.
CL-1284,CODEX_L5_DGVA_Knowledge_Brain_Independent_Adversarial_Review_Prompt_v19.md,Heuristic::REQUIRED OUTPUT 2 --- ISSUE.MD::2,MUST_NOT_STATEMENT,heuristic,V1,,REQUIRED OUTPUT 2 --- ISSUE.MD,121,Do NOT directly repair implementation unless explicitly instructed by,UNKNOWN,LOW,did not match any defined bucket; not individually reviewed
CL-1285,CODEX_L5_DGVA_Knowledge_Brain_Independent_Adversarial_Review_Prompt_v19.md,Heuristic::REQUIRED OUTPUT 4 --- FINAL VERDICT::3,MUST_NOT_STATEMENT,heuristic,V1,,REQUIRED OUTPUT 4 --- FINAL VERDICT,142,Do not provide a favorable verdict merely because the architecture is,UNKNOWN,LOW,did not match any defined bucket; not individually reviewed
CL-1286,L5_DGVA_Generic_Executable_Specification_Runtime_Claude_CLI_Implementation_Prompt.md,Heuristic::DIRECT USER AUTHORIZATION::0,MUST_NOT_STATEMENT,heuristic,V1,,DIRECT USER AUTHORIZATION,3,"Do not implement support for one specific Markdown filename, contract",UNKNOWN,LOW,did not match any defined bucket; not individually reviewed
CL-1287,L5_DGVA_Generic_Executable_Specification_Runtime_Claude_CLI_Implementation_Prompt.md,Heuristic::DIRECT USER AUTHORIZATION::1,MUST_NOT_STATEMENT,heuristic,V1,,DIRECT USER AUTHORIZATION,3,"Do not stop after design, summary, audit, or proposal.",CANONICAL_EQUIVALENT,MEDIUM,Canonical's Autonomous Wave Execution discipline (project memory) + Trust Progression + 'actionable findings must close before Final Deep Audit' already codify this.
CL-1288,L5_DGVA_Generic_Executable_Specification_Runtime_Claude_CLI_Implementation_Prompt.md,Heuristic::DIRECT USER AUTHORIZATION::2,MUST_NOT_STATEMENT,heuristic,V1,,DIRECT USER AUTHORIZATION,3,Routine reversible/testable internal implementation decisions do not,UNKNOWN,LOW,did not match any defined bucket; not individually reviewed
CL-1289,L5_DGVA_Generic_Executable_Specification_Runtime_Claude_CLI_Implementation_Prompt.md,GenericExecutableSpecificationRuntime_PASS,INVARIANT_TOKEN,exact,V1,1,PRIMARY OBJECTIVE,22,`GenericExecutableSpecificationRuntime_PASS = true`,UNKNOWN,LOW,"weak fuzzy match only (Parent module 'de_command_runtime_readiness_gate', overlap=1) -- insufficient confidence, needs individual semantic review"
CL-1290,L5_DGVA_Generic_Executable_Specification_Runtime_Claude_CLI_Implementation_Prompt.md,Heuristic::1::4,MUST_STATEMENT,heuristic,V1,1,PRIMARY OBJECTIVE,22,"Initial source support MUST include Markdown, but runtime architecture",UNKNOWN,LOW,did not match any defined bucket; not individually reviewed
CL-1291,L5_DGVA_Generic_Executable_Specification_Runtime_Claude_CLI_Implementation_Prompt.md,Heuristic::1::5,MUST_NOT_STATEMENT,heuristic,V1,1,PRIMARY OBJECTIVE,22,MUST NOT be coupled to Markdown.,UNKNOWN,LOW,did not match any defined bucket; not individually reviewed
CL-1292,L5_DGVA_Generic_Executable_Specification_Runtime_Claude_CLI_Implementation_Prompt.md,SpecificationFilenameSpecialCase_Count,INVARIANT_TOKEN,exact,V1,2,NON-NEGOTIABLE GENERICITY,37,`SpecificationFilenameSpecialCase_Count = 0`,NEW_VALID_GOVERNANCE_REQUIREMENT,LOW,no fuzzy keyword match (0 overlap) against any of 498 Parent or canonical module names -- candidate for individual verification
CL-1293,L5_DGVA_Generic_Executable_Specification_Runtime_Claude_CLI_Implementation_Prompt.md,SpecificationVersionBusinessLogicSpecialCase_Count,INVARIANT_TOKEN,exact,V1,2,NON-NEGOTIABLE GENERICITY,37,`SpecificationVersionBusinessLogicSpecialCase_Count = 0`,NEW_VALID_GOVERNANCE_REQUIREMENT,LOW,no fuzzy keyword match (0 overlap) against any of 498 Parent or canonical module names -- candidate for individual verification
CL-1294,L5_DGVA_Generic_Executable_Specification_Runtime_Claude_CLI_Implementation_Prompt.md,Heuristic::2::8,MUST_NOT_STATEMENT,heuristic,V1,2,NON-NEGOTIABLE GENERICITY,37,Production execution behavior MUST NOT depend on special cases,UNKNOWN,LOW,did not match any defined bucket; not individually reviewed
CL-1295,L5_DGVA_Generic_Executable_Specification_Runtime_Claude_CLI_Implementation_Prompt.md,ExistingArchitectureReuseFirst_PASS,INVARIANT_TOKEN,exact,V1,3,REPOSITORY DISCOVERY / REUSE FIRST,51,`ExistingArchitectureReuseFirst_PASS = true`,CANONICAL_EQUIVALENT,HIGH,canonical module 'existing_command_reuse_score' (keyword overlap=2)
CL-1296,L5_DGVA_Generic_Executable_Specification_Runtime_Claude_CLI_Implementation_Prompt.md,Heuristic::3::10,MUST_NOT_STATEMENT,heuristic,V1,3,REPOSITORY DISCOVERY / REUSE FIRST,51,Do not build a parallel orchestration framework when existing qualified,UNKNOWN,LOW,did not match any defined bucket; not individually reviewed
CL-1297,L5_DGVA_Generic_Executable_Specification_Runtime_Claude_CLI_Implementation_Prompt.md,SpecificationSourceAdapter_PASS,INVARIANT_TOKEN,exact,V1,4,SOURCE ADAPTER,65,`SpecificationSourceAdapter_PASS = true`,UNKNOWN,LOW,"weak fuzzy match only (Parent module 'design_source_inventory', overlap=1) -- insufficient confidence, needs individual semantic review"
CL-1298,L5_DGVA_Generic_Executable_Specification_Runtime_Claude_CLI_Implementation_Prompt.md,MarkdownAdapter_PASS,INVARIANT_TOKEN,exact,V1,4,SOURCE ADAPTER,65,`MarkdownAdapter_PASS = true`,UNKNOWN,LOW,"weak fuzzy match only (Parent module 'obsidian_adapter_readiness_dry_run', overlap=1) -- insufficient confidence, needs individual semantic review"
CL-1299,L5_DGVA_Generic_Executable_Specification_Runtime_Claude_CLI_Implementation_Prompt.md,GenericSpecificationClassifier_PASS,INVARIANT_TOKEN,exact,V1,5,CLASSIFIER + AUTHORITY RESOLVER,76,`GenericSpecificationClassifier_PASS = true`,UNKNOWN,LOW,"weak fuzzy match only (Parent module 'autonomy_governance_failure_classifier', overlap=1) -- insufficient confidence, needs individual semantic review"
CL-1300,L5_DGVA_Generic_Executable_Specification_Runtime_Claude_CLI_Implementation_Prompt.md,SpecificationAuthorityResolver_PASS,INVARIANT_TOKEN,exact,V1,5,CLASSIFIER + AUTHORITY RESOLVER,76,`SpecificationAuthorityResolver_PASS = true`,UNKNOWN,LOW,"weak fuzzy match only (Parent module 'branch_ownership_resolver', overlap=1) -- insufficient confidence, needs individual semantic review"
CL-1301,L5_DGVA_Generic_Executable_Specification_Runtime_Claude_CLI_Implementation_Prompt.md,ExecutableSpecificationIR_PASS,INVARIANT_TOKEN,exact,V1,6,CANONICAL IR,92,`ExecutableSpecificationIR_PASS = true`,UNKNOWN,LOW,"weak fuzzy match only (Parent module 'l5dgva_executable_directive_detection', overlap=1) -- insufficient confidence, needs individual semantic review"
CL-1302,L5_DGVA_Generic_Executable_Specification_Runtime_Claude_CLI_Implementation_Prompt.md,GenericRequirementParser_PASS,INVARIANT_TOKEN,exact,V1,7,REQUIREMENT PARSER / REGISTRY,101,`GenericRequirementParser_PASS = true`,UNKNOWN,LOW,"weak fuzzy match only (Parent module 'amba_performance_requirement_checker', overlap=1) -- insufficient confidence, needs individual semantic review"
CL-1303,L5_DGVA_Generic_Executable_Specification_Runtime_Claude_CLI_Implementation_Prompt.md,GenericRequirementRegistry_PASS,INVARIANT_TOKEN,exact,V1,7,REQUIREMENT PARSER / REGISTRY,101,`GenericRequirementRegistry_PASS = true`,CANONICAL_EQUIVALENT,MEDIUM,"Parent-only module 'requirement_traceability_registry' (keyword overlap=2), not yet migrated to canonical -- M5+ pool item"
CL-1304,L5_DGVA_Generic_Executable_Specification_Runtime_Claude_CLI_Implementation_Prompt.md,Heuristic::7::18,MUST_NOT_STATEMENT,heuristic,V1,7,REQUIREMENT PARSER / REGISTRY,101,Do not parse only `*_PASS`/`*_Count`.,UNKNOWN,LOW,did not match any defined bucket; not individually reviewed
CL-1305,L5_DGVA_Generic_Executable_Specification_Runtime_Claude_CLI_Implementation_Prompt.md,Heuristic::7::19,MUST_NOT_STATEMENT,heuristic,V1,7,REQUIREMENT PARSER / REGISTRY,101,Extract MUST/MUST NOT/Required,UNKNOWN,LOW,did not match any defined bucket; not individually reviewed
CL-1306,L5_DGVA_Generic_Executable_Specification_Runtime_Claude_CLI_Implementation_Prompt.md,GenericRequirementReconciliation_PASS,INVARIANT_TOKEN,exact,V1,8,REQUIREMENT RECONCILIATION,118,`GenericRequirementReconciliation_PASS = true`,UNKNOWN,LOW,"weak fuzzy match only (Parent module 'amba_performance_requirement_checker', overlap=1) -- insufficient confidence, needs individual semantic review"
CL-1307,L5_DGVA_Generic_Executable_Specification_Runtime_Claude_CLI_Implementation_Prompt.md,Heuristic::8::21,MUST_NOT_STATEMENT,heuristic,V1,8,REQUIREMENT RECONCILIATION,118,Do not shrink coverage via abusive dedup/NOT_APPLICABLE.,CANONICAL_EQUIVALENT,MEDIUM,This exact module (l5dgva_contract_registry.py's dedup_by_first_definition()/detect_requirement_value_conflicts()) already implements this.
CL-1308,L5_DGVA_Generic_Executable_Specification_Runtime_Claude_CLI_Implementation_Prompt.md,GenericDirectiveCompiler_PASS,INVARIANT_TOKEN,exact,V1,9,DIRECTIVE COMPILER,128,`GenericDirectiveCompiler_PASS = true`,UNKNOWN,LOW,"weak fuzzy match only (Parent module 'generic_continuous_reference_kc_loop', overlap=1) -- insufficient confidence, needs individual semantic review"
CL-1309,L5_DGVA_Generic_Executable_Specification_Runtime_Claude_CLI_Implementation_Prompt.md,Heuristic::9::23,MUST_NOT_STATEMENT,heuristic,V1,9,DIRECTIVE COMPILER,128,Do not rely only on imperative keywords.,UNKNOWN,LOW,did not match any defined bucket; not individually reviewed
CL-1310,L5_DGVA_Generic_Executable_Specification_Runtime_Claude_CLI_Implementation_Prompt.md,GenericWorkItemSchema_PASS,INVARIANT_TOKEN,exact,V1,10,WORK ITEM SCHEMA / STATE,138,`GenericWorkItemSchema_PASS = true`,UNKNOWN,LOW,"weak fuzzy match only (Parent module 'generic_continuous_reference_kc_loop', overlap=1) -- insufficient confidence, needs individual semantic review"
CL-1311,L5_DGVA_Generic_Executable_Specification_Runtime_Claude_CLI_Implementation_Prompt.md,GenericWorkItemStateMachine_PASS,INVARIANT_TOKEN,exact,V1,10,WORK ITEM SCHEMA / STATE,138,`GenericWorkItemStateMachine_PASS = true`,CANONICAL_EQUIVALENT,HIGH,canonical module 'pattern_runtime_state_machine' (keyword overlap=2)
CL-1312,L5_DGVA_Generic_Executable_Specification_Runtime_Claude_CLI_Implementation_Prompt.md,GenericSpecificationWorkGraph_PASS,INVARIANT_TOKEN,exact,V1,11,WORK GRAPH + EIGHT ENGINES,152,`GenericSpecificationWorkGraph_PASS = true`,UNKNOWN,LOW,"weak fuzzy match only (Parent module 'amba_fabric_graph_ir', overlap=1) -- insufficient confidence, needs individual semantic review"
CL-1313,L5_DGVA_Generic_Executable_Specification_Runtime_Claude_CLI_Implementation_Prompt.md,GenericSpecificationEightEngineIntegration_PASS,INVARIANT_TOKEN,exact,V1,11,WORK GRAPH + EIGHT ENGINES,152,`GenericSpecificationEightEngineIntegration_PASS = true`,CANONICAL_EQUIVALENT,MEDIUM,"Parent-only module 'eight_engine_runtime_proof_matrix' (keyword overlap=2), not yet migrated to canonical -- M5+ pool item"
CL-1314,L5_DGVA_Generic_Executable_Specification_Runtime_Claude_CLI_Implementation_Prompt.md,GraphOrchestratorBypass_Count,INVARIANT_TOKEN,exact,V1,11,WORK GRAPH + EIGHT ENGINES,152,`GraphOrchestratorBypass_Count = 0`,UNKNOWN,LOW,"weak fuzzy match only (Parent module 'ai_engine_bypass_detector', overlap=1) -- insufficient confidence, needs individual semantic review"
CL-1315,L5_DGVA_Generic_Executable_Specification_Runtime_Claude_CLI_Implementation_Prompt.md,ExecutionRuntimeDomainSeparation_PASS,INVARIANT_TOKEN,exact,V1,12,DOMAIN SEPARATION,164,`ExecutionRuntimeDomainSeparation_PASS = true`,CANONICAL_EQUIVALENT,MEDIUM,"Parent-only module 'five_discovery_domain_separation_gate' (keyword overlap=2), not yet migrated to canonical -- M5+ pool item"
CL-1316,L5_DGVA_Generic_Executable_Specification_Runtime_Claude_CLI_Implementation_Prompt.md,Heuristic::12::30,MUST_NOT_STATEMENT,heuristic,V1,12,DOMAIN SEPARATION,164,Generic runtime MUST NOT encode,UNKNOWN,LOW,did not match any defined bucket; not individually reviewed
CL-1317,L5_DGVA_Generic_Executable_Specification_Runtime_Claude_CLI_Implementation_Prompt.md,GenericWorkItemSkillResolution_PASS,INVARIANT_TOKEN,exact,V1,13,SKILL / MULTI-AGENT GOVERNANCE,174,`GenericWorkItemSkillResolution_PASS = true`,UNKNOWN,LOW,"weak fuzzy match only (Parent module 'generic_continuous_reference_kc_loop', overlap=1) -- insufficient confidence, needs individual semantic review"
CL-1318,L5_DGVA_Generic_Executable_Specification_Runtime_Claude_CLI_Implementation_Prompt.md,GenericWorkItemMultiAgentGovernance_PASS,INVARIANT_TOKEN,exact,V1,13,SKILL / MULTI-AGENT GOVERNANCE,174,`GenericWorkItemMultiAgentGovernance_PASS = true`,CANONICAL_EQUIVALENT,HIGH,canonical module 'multi_agent' (keyword overlap=2)
CL-1319,L5_DGVA_Generic_Executable_Specification_Runtime_Claude_CLI_Implementation_Prompt.md,GenericExecutionResourceManager_PASS,INVARIANT_TOKEN,exact,V1,14,RESOURCE MANAGER,186,`GenericExecutionResourceManager_PASS = true`,UNKNOWN,LOW,"weak fuzzy match only (Parent module 'generic_continuous_reference_kc_loop', overlap=1) -- insufficient confidence, needs individual semantic review"
CL-1320,L5_DGVA_Generic_Executable_Specification_Runtime_Claude_CLI_Implementation_Prompt.md,GenericRetryPolicy_PASS,INVARIANT_TOKEN,exact,V1,15,RETRY POLICY,195,`GenericRetryPolicy_PASS = true`,UNKNOWN,LOW,"weak fuzzy match only (Parent module 'arbitration_policy_ir', overlap=1) -- insufficient confidence, needs individual semantic review"
CL-1321,L5_DGVA_Generic_Executable_Specification_Runtime_Claude_CLI_Implementation_Prompt.md,GenericEvidenceBasedCompletion_PASS,INVARIANT_TOKEN,exact,V1,16,EVIDENCE-BASED COMPLETION,203,`GenericEvidenceBasedCompletion_PASS = true`,UNKNOWN,LOW,"weak fuzzy match only (Parent module 'command_deep_study_evidence_gate', overlap=1) -- insufficient confidence, needs individual semantic review"
CL-1322,L5_DGVA_Generic_Executable_Specification_Runtime_Claude_CLI_Implementation_Prompt.md,GenericArtifactConsumption_PASS,INVARIANT_TOKEN,exact,V1,17,ARTIFACT CONSUMPTION,211,`GenericArtifactConsumption_PASS = true`,CANONICAL_EQUIVALENT,MEDIUM,"Parent-only module 'debug_kc_artifact_consumption_contract' (keyword overlap=2), not yet migrated to canonical -- M5+ pool item"
CL-1323,L5_DGVA_Generic_Executable_Specification_Runtime_Claude_CLI_Implementation_Prompt.md,RequiredArtifactProducedButNotConsumed_Count,INVARIANT_TOKEN,exact,V1,17,ARTIFACT CONSUMPTION,211,`RequiredArtifactProducedButNotConsumed_Count = 0`,CANONICAL_EQUIVALENT,MEDIUM,"Parent-only module 'l5dgva_documented_not_implemented_boundary_artifact_gate' (keyword overlap=2), not yet migrated to canonical -- M5+ pool item"
CL-1324,L5_DGVA_Generic_Executable_Specification_Runtime_Claude_CLI_Implementation_Prompt.md,GenericSpecificationBlackboard_PASS,INVARIANT_TOKEN,exact,V1,18,BLACKBOARD + KNOWLEDGE,219,`GenericSpecificationBlackboard_PASS = true`,UNKNOWN,LOW,"weak fuzzy match only (Parent module 'blackboard', overlap=1) -- insufficient confidence, needs individual semantic review"
CL-1325,L5_DGVA_Generic_Executable_Specification_Runtime_Claude_CLI_Implementation_Prompt.md,GenericSpecificationKnowledgeIntegration_PASS,INVARIANT_TOKEN,exact,V1,18,BLACKBOARD + KNOWLEDGE,219,`GenericSpecificationKnowledgeIntegration_PASS = true`,UNKNOWN,LOW,"weak fuzzy match only (Parent module 'canonical_reference_integration_baseline_gate', overlap=1) -- insufficient confidence, needs individual semantic review"
CL-1326,L5_DGVA_Generic_Executable_Specification_Runtime_Claude_CLI_Implementation_Prompt.md,GenericActiveSpecificationState_PASS,INVARIANT_TOKEN,exact,V1,19,ACTIVE STATE / CHECKPOINT,236,`GenericActiveSpecificationState_PASS = true`,UNKNOWN,LOW,"weak fuzzy match only (Parent module 'engine_maturity_state', overlap=1) -- insufficient confidence, needs individual semantic review"
CL-1327,L5_DGVA_Generic_Executable_Specification_Runtime_Claude_CLI_Implementation_Prompt.md,GenericSpecificationCheckpointResume_PASS,INVARIANT_TOKEN,exact,V1,19,ACTIVE STATE / CHECKPOINT,236,`GenericSpecificationCheckpointResume_PASS = true`,CANONICAL_EQUIVALENT,MEDIUM,"Parent-only module 'l5dgva_directive_checkpoint_resume' (keyword overlap=2), not yet migrated to canonical -- M5+ pool item"
CL-1328,L5_DGVA_Generic_Executable_Specification_Runtime_Claude_CLI_Implementation_Prompt.md,GenericExecutionRuntimeVisibility_PASS,INVARIANT_TOKEN,exact,V1,20,RUNTIME VISIBILITY,249,`GenericExecutionRuntimeVisibility_PASS = true`,UNKNOWN,LOW,"weak fuzzy match only (Parent module 'de_command_runtime_readiness_gate', overlap=1) -- insufficient confidence, needs individual semantic review"
CL-1329,L5_DGVA_Generic_Executable_Specification_Runtime_Claude_CLI_Implementation_Prompt.md,Heuristic::20::43,MUST_NOT_STATEMENT,heuristic,V1,20,RUNTIME VISIBILITY,249,Do not expose hidden,UNKNOWN,LOW,did not match any defined bucket; not individually reviewed
CL-1330,L5_DGVA_Generic_Executable_Specification_Runtime_Claude_CLI_Implementation_Prompt.md,RecognizedButNotMapped_Count,INVARIANT_TOKEN,exact,V1,21,GENERIC QUALIFICATION,261,`RecognizedButNotMapped_Count = 0`,UNKNOWN,LOW,"weak fuzzy match only (Parent module 'l5dgva_documented_not_implemented_boundary_artifact_gate', overlap=1) -- insufficient confidence, needs individual semantic review"
CL-1331,L5_DGVA_Generic_Executable_Specification_Runtime_Claude_CLI_Implementation_Prompt.md,RecognizedButNotDispatched_Count,INVARIANT_TOKEN,exact,V1,21,GENERIC QUALIFICATION,261,`RecognizedButNotDispatched_Count = 0`,UNKNOWN,LOW,"weak fuzzy match only (Parent module 'l5dgva_documented_not_implemented_boundary_artifact_gate', overlap=1) -- insufficient confidence, needs individual semantic review"
CL-1332,L5_DGVA_Generic_Executable_Specification_Runtime_Claude_CLI_Implementation_Prompt.md,DispatchedButNotExecuted_Count,INVARIANT_TOKEN,exact,V1,21,GENERIC QUALIFICATION,261,`DispatchedButNotExecuted_Count = 0`,UNKNOWN,LOW,"weak fuzzy match only (Parent module 'l5dgva_documented_not_implemented_boundary_artifact_gate', overlap=1) -- insufficient confidence, needs individual semantic review"
CL-1333,L5_DGVA_Generic_Executable_Specification_Runtime_Claude_CLI_Implementation_Prompt.md,ExecutedButNotVerified_Count,INVARIANT_TOKEN,exact,V1,21,GENERIC QUALIFICATION,261,`ExecutedButNotVerified_Count = 0`,UNKNOWN,LOW,"weak fuzzy match only (Parent module 'l5dgva_documented_not_implemented_boundary_artifact_gate', overlap=1) -- insufficient confidence, needs individual semantic review"
CL-1334,L5_DGVA_Generic_Executable_Specification_Runtime_Claude_CLI_Implementation_Prompt.md,GenericSpecificationQualification_PASS,INVARIANT_TOKEN,exact,V1,21,GENERIC QUALIFICATION,261,`GenericSpecificationQualification_PASS = true`,UNKNOWN,LOW,"weak fuzzy match only (Parent module 'generic_continuous_reference_kc_loop', overlap=1) -- insufficient confidence, needs individual semantic review"
CL-1335,L5_DGVA_Generic_Executable_Specification_Runtime_Claude_CLI_Implementation_Prompt.md,GenericExecutionBoundaryTruth_PASS,INVARIANT_TOKEN,exact,V1,22,VALID BOUNDARIES,276,`GenericExecutionBoundaryTruth_PASS = true`,UNKNOWN,LOW,"weak fuzzy match only (Parent module 'bind_protocol_boundary_rule', overlap=1) -- insufficient confidence, needs individual semantic review"
CL-1336,L5_DGVA_Generic_Executable_Specification_Runtime_Claude_CLI_Implementation_Prompt.md,GenericSyntheticSpecificationRegression_PASS,INVARIANT_TOKEN,exact,V1,23,SYNTHETIC GENERIC TESTS,287,`GenericSyntheticSpecificationRegression_PASS = true`,UNKNOWN,LOW,"weak fuzzy match only (Parent module 'generic_continuous_reference_kc_loop', overlap=1) -- insufficient confidence, needs individual semantic review"
CL-1337,L5_DGVA_Generic_Executable_Specification_Runtime_Claude_CLI_Implementation_Prompt.md,L5DGVARealWorldSpecificationIntegration_PASS,INVARIANT_TOKEN,exact,V1,24,REAL-WORLD INTEGRATION FIXTURES,304,`L5DGVARealWorldSpecificationIntegration_PASS = true`,UNKNOWN,LOW,"weak fuzzy match only (Parent module 'canonical_reference_integration_baseline_gate', overlap=1) -- insufficient confidence, needs individual semantic review"
CL-1338,L5_DGVA_Generic_Executable_Specification_Runtime_Claude_CLI_Implementation_Prompt.md,GenericRuntimeSpecialCaseGuard_PASS,INVARIANT_TOKEN,exact,V1,24,REAL-WORLD INTEGRATION FIXTURES,304,`GenericRuntimeSpecialCaseGuard_PASS = true`,UNKNOWN,LOW,"weak fuzzy match only (Parent module 'de_command_runtime_readiness_gate', overlap=1) -- insufficient confidence, needs individual semantic review"
CL-1339,L5_DGVA_Generic_Executable_Specification_Runtime_Claude_CLI_Implementation_Prompt.md,GenericSpecificationChangeImpact_PASS,INVARIANT_TOKEN,exact,V1,25,CHANGE IMPACT / CACHE,316,`GenericSpecificationChangeImpact_PASS = true`,CANONICAL_EQUIVALENT,HIGH,canonical module 'change_impact' (keyword overlap=2)
CL-1340,L5_DGVA_Generic_Executable_Specification_Runtime_Claude_CLI_Implementation_Prompt.md,GenericOpenSpecExecutionIntegration_PASS,INVARIANT_TOKEN,exact,V1,26,OPENSPEC,324,`GenericOpenSpecExecutionIntegration_PASS = true`,UNKNOWN,LOW,"weak fuzzy match only (Parent module 'canonical_reference_integration_baseline_gate', overlap=1) -- insufficient confidence, needs individual semantic review"
CL-1341,L5_DGVA_Generic_Executable_Specification_Runtime_Claude_CLI_Implementation_Prompt.md,GenericRuntimeRepositoryIntegration_PASS,INVARIANT_TOKEN,exact,V1,27,REPOSITORY LAYOUT,331,`GenericRuntimeRepositoryIntegration_PASS = true`,UNKNOWN,LOW,"weak fuzzy match only (Parent module 'canonical_reference_integration_baseline_gate', overlap=1) -- insufficient confidence, needs individual semantic review"
CL-1342,L5_DGVA_Generic_Executable_Specification_Runtime_Claude_CLI_Implementation_Prompt.md,GenericRuntimeImplementationExecution_PASS,INVARIANT_TOKEN,exact,V1,28,"IMPLEMENTATION, NOT DESIGN-ONLY",345,`GenericRuntimeImplementationExecution_PASS = true`,UNKNOWN,LOW,"weak fuzzy match only (Parent module 'de_command_runtime_readiness_gate', overlap=1) -- insufficient confidence, needs individual semantic review"
CL-1343,L5_DGVA_Generic_Executable_Specification_Runtime_Claude_CLI_Implementation_Prompt.md,Heuristic::28::58,MUST_NOT_STATEMENT,heuristic,V1,28,"IMPLEMENTATION, NOT DESIGN-ONLY",345,Do not stop after proposing this architecture.,CANONICAL_EQUIVALENT,MEDIUM,Canonical's Autonomous Wave Execution discipline (project memory) + Trust Progression + 'actionable findings must close before Final Deep Audit' already codify this.
CL-1344,L5_DGVA_Generic_Executable_Specification_Runtime_Claude_CLI_Implementation_Prompt.md,GenericKnownFailureRegression_PASS,INVARIANT_TOKEN,exact,V1,29,KNOWN FAILURE CLASSES AS GENERIC REGRESSIONS,357,`GenericKnownFailureRegression_PASS = true`,CANONICAL_EQUIVALENT,MEDIUM,"Parent-only module 'known_governance_failure_replay_registry' (keyword overlap=2), not yet migrated to canonical -- M5+ pool item"
CL-1345,L5_DGVA_Generic_Executable_Specification_Runtime_Claude_CLI_Implementation_Prompt.md,GenericExecutionRuntimeSelfHealing_PASS,INVARIANT_TOKEN,exact,V1,30,SELF-HEALING,368,`GenericExecutionRuntimeSelfHealing_PASS = true`,CANONICAL_EQUIVALENT,HIGH,canonical module 'bounded_self_healing' (keyword overlap=2)
CL-1346,L5_DGVA_Generic_Executable_Specification_Runtime_Claude_CLI_Implementation_Prompt.md,GenericExecutionRuntimeCodexPackage_PASS,INVARIANT_TOKEN,exact,V1,31,CODEX INDEPENDENT REVIEW PACKAGE,378,`GenericExecutionRuntimeCodexPackage_PASS = true`,CANONICAL_EQUIVALENT,MEDIUM,"Parent-only module 'codex_full_contract_review_package' (keyword overlap=2), not yet migrated to canonical -- M5+ pool item"
CL-1347,L5_DGVA_Generic_Executable_Specification_Runtime_Claude_CLI_Implementation_Prompt.md,GenericExecutableSpecificationRuntimeClosure_PASS,INVARIANT_TOKEN,exact,V1,32,FINAL COMPLETION GATE,390,`GenericExecutableSpecificationRuntimeClosure_PASS = true`,UNKNOWN,LOW,"weak fuzzy match only (Parent module 'coverage_closure_action_utility', overlap=1) -- insufficient confidence, needs individual semantic review"
CL-1348,L5_DGVA_Generic_Executable_Specification_Runtime_Claude_CLI_Implementation_Prompt.md,Heuristic::33::70,MUST_NOT_STATEMENT,heuristic,V1,33,IMMEDIATE EXECUTION,407,Do not ask for routine design confirmation.,UNKNOWN,LOW,did not match any defined bucket; not individually reviewed
