[reconciliation_cycle] discover_live_jobs failed: bjobs not found on PATH: [WinError 2] 系統找不到指定的檔案。
DV Agent Harness L5 - Periodic Regression Snapshot
Snapshot Time: 2026-09-02 20:54:32
SUMMARY: Total: 0

Job        Pattern / Combination                LSF        DV Analysis        UVM_ERR   UVM_FATAL  Agent Action / Note
----------------------------------------------------------------------------------------------------------------------------------

ATTENTION
- none

NEXT ACTIONS
- Analyze DONE jobs whose DV result is still UNKNOWN/pending.
- Continue incremental monitoring of RUN jobs.
- Triage EXIT/FAIL jobs and rerun fixed patterns when ready.
[reconciliation_cycle] discover_live_jobs failed: bjobs not found on PATH: [WinError 2] 系統找不到指定的檔案。
DV Agent Harness L5 - Periodic Regression Snapshot
Snapshot Time: 2026-09-02 20:59:32
SUMMARY: Total: 0

Job        Pattern / Combination                LSF        DV Analysis        UVM_ERR   UVM_FATAL  Agent Action / Note
----------------------------------------------------------------------------------------------------------------------------------

ATTENTION
- none

NEXT ACTIONS
- Analyze DONE jobs whose DV result is still UNKNOWN/pending.
- Continue incremental monitoring of RUN jobs.
- Triage EXIT/FAIL jobs and rerun fixed patterns when ready.
[reconciliation_cycle] discover_live_jobs failed: bjobs not found on PATH: [WinError 2] 系統找不到指定的檔案。
DV Agent Harness L5 - Periodic Regression Snapshot
Snapshot Time: 2026-09-02 21:04:32
SUMMARY: Total: 0

Job        Pattern / Combination                LSF        DV Analysis        UVM_ERR   UVM_FATAL  Agent Action / Note
----------------------------------------------------------------------------------------------------------------------------------

ATTENTION
- none

NEXT ACTIONS
- Analyze DONE jobs whose DV result is still UNKNOWN/pending.
- Continue incremental monitoring of RUN jobs.
- Triage EXIT/FAIL jobs and rerun fixed patterns when ready.
[reconciliation_cycle] discover_live_jobs failed: bjobs not found on PATH: [WinError 2] 系統找不到指定的檔案。
DV Agent Harness L5 - Periodic Regression Snapshot
Snapshot Time: 2026-09-02 21:09:32
SUMMARY: Total: 0

Job        Pattern / Combination                LSF        DV Analysis        UVM_ERR   UVM_FATAL  Agent Action / Note
----------------------------------------------------------------------------------------------------------------------------------

ATTENTION
- none

NEXT ACTIONS
- Analyze DONE jobs whose DV result is still UNKNOWN/pending.
- Continue incremental monitoring of RUN jobs.
- Triage EXIT/FAIL jobs and rerun fixed patterns when ready.
[reconciliation_cycle] discover_live_jobs failed: bjobs not found on PATH: [WinError 2] 系統找不到指定的檔案。
DV Agent Harness L5 - Periodic Regression Snapshot
Snapshot Time: 2026-09-02 21:14:32
SUMMARY: Total: 0

Job        Pattern / Combination                LSF        DV Analysis        UVM_ERR   UVM_FATAL  Agent Action / Note
----------------------------------------------------------------------------------------------------------------------------------

ATTENTION
- none

NEXT ACTIONS
- Analyze DONE jobs whose DV result is still UNKNOWN/pending.
- Continue incremental monitoring of RUN jobs.
- Triage EXIT/FAIL jobs and rerun fixed patterns when ready.
[reconciliation_cycle] discover_live_jobs failed: bjobs not found on PATH: [WinError 2] 系統找不到指定的檔案。
DV Agent Harness L5 - Periodic Regression Snapshot
Snapshot Time: 2026-09-02 21:19:32
SUMMARY: Total: 0

Job        Pattern / Combination                LSF        DV Analysis        UVM_ERR   UVM_FATAL  Agent Action / Note
----------------------------------------------------------------------------------------------------------------------------------

ATTENTION
- none

NEXT ACTIONS
- Analyze DONE jobs whose DV result is still UNKNOWN/pending.
- Continue incremental monitoring of RUN jobs.
- Triage EXIT/FAIL jobs and rerun fixed patterns when ready.
[reconciliation_cycle] discover_live_jobs failed: bjobs not found on PATH: [WinError 2] 系統找不到指定的檔案。
DV Agent Harness L5 - Periodic Regression Snapshot
Snapshot Time: 2026-09-02 21:24:32
SUMMARY: Total: 0

Job        Pattern / Combination                LSF        DV Analysis        UVM_ERR   UVM_FATAL  Agent Action / Note
----------------------------------------------------------------------------------------------------------------------------------

ATTENTION
- none

NEXT ACTIONS
- Analyze DONE jobs whose DV result is still UNKNOWN/pending.
- Continue incremental monitoring of RUN jobs.
- Triage EXIT/FAIL jobs and rerun fixed patterns when ready.
[reconciliation_cycle] discover_live_jobs failed: bjobs not found on PATH: [WinError 2] 系統找不到指定的檔案。
DV Agent Harness L5 - Periodic Regression Snapshot
Snapshot Time: 2026-09-02 21:29:32
SUMMARY: Total: 0

Job        Pattern / Combination                LSF        DV Analysis        UVM_ERR   UVM_FATAL  Agent Action / Note
----------------------------------------------------------------------------------------------------------------------------------

ATTENTION
- none

NEXT ACTIONS
- Analyze DONE jobs whose DV result is still UNKNOWN/pending.
- Continue incremental monitoring of RUN jobs.
- Triage EXIT/FAIL jobs and rerun fixed patterns when ready.
[reconciliation_cycle] discover_live_jobs failed: bjobs not found on PATH: [WinError 2] 系統找不到指定的檔案。
DV Agent Harness L5 - Periodic Regression Snapshot
Snapshot Time: 2026-09-02 21:34:32
SUMMARY: Total: 0

Job        Pattern / Combination                LSF        DV Analysis        UVM_ERR   UVM_FATAL  Agent Action / Note
----------------------------------------------------------------------------------------------------------------------------------

ATTENTION
- none

NEXT ACTIONS
- Analyze DONE jobs whose DV result is still UNKNOWN/pending.
- Continue incremental monitoring of RUN jobs.
- Triage EXIT/FAIL jobs and rerun fixed patterns when ready.
[reconciliation_cycle] discover_live_jobs failed: bjobs not found on PATH: [WinError 2] 系統找不到指定的檔案。
DV Agent Harness L5 - Periodic Regression Snapshot
Snapshot Time: 2026-09-02 21:39:32
SUMMARY: Total: 0

Job        Pattern / Combination                LSF        DV Analysis        UVM_ERR   UVM_FATAL  Agent Action / Note
----------------------------------------------------------------------------------------------------------------------------------

ATTENTION
- none

NEXT ACTIONS
- Analyze DONE jobs whose DV result is still UNKNOWN/pending.
- Continue incremental monitoring of RUN jobs.
- Triage EXIT/FAIL jobs and rerun fixed patterns when ready.
[reconciliation_cycle] discover_live_jobs failed: bjobs not found on PATH: [WinError 2] 系統找不到指定的檔案。
DV Agent Harness L5 - Periodic Regression Snapshot
Snapshot Time: 2026-09-02 21:44:32
SUMMARY: Total: 0

Job        Pattern / Combination                LSF        DV Analysis        UVM_ERR   UVM_FATAL  Agent Action / Note
----------------------------------------------------------------------------------------------------------------------------------

ATTENTION
- none

NEXT ACTIONS
- Analyze DONE jobs whose DV result is still UNKNOWN/pending.
- Continue incremental monitoring of RUN jobs.
- Triage EXIT/FAIL jobs and rerun fixed patterns when ready.
[reconciliation_cycle] discover_live_jobs failed: bjobs not found on PATH: [WinError 2] 系統找不到指定的檔案。
DV Agent Harness L5 - Periodic Regression Snapshot
Snapshot Time: 2026-09-02 21:49:32
SUMMARY: Total: 0

Job        Pattern / Combination                LSF        DV Analysis        UVM_ERR   UVM_FATAL  Agent Action / Note
----------------------------------------------------------------------------------------------------------------------------------

ATTENTION
- none

NEXT ACTIONS
- Analyze DONE jobs whose DV result is still UNKNOWN/pending.
- Continue incremental monitoring of RUN jobs.
- Triage EXIT/FAIL jobs and rerun fixed patterns when ready.
[reconciliation_cycle] discover_live_jobs failed: bjobs not found on PATH: [WinError 2] 系統找不到指定的檔案。
DV Agent Harness L5 - Periodic Regression Snapshot
Snapshot Time: 2026-09-02 21:54:32
SUMMARY: Total: 0

Job        Pattern / Combination                LSF        DV Analysis        UVM_ERR   UVM_FATAL  Agent Action / Note
----------------------------------------------------------------------------------------------------------------------------------

ATTENTION
- none

NEXT ACTIONS
- Analyze DONE jobs whose DV result is still UNKNOWN/pending.
- Continue incremental monitoring of RUN jobs.
- Triage EXIT/FAIL jobs and rerun fixed patterns when ready.
[reconciliation_cycle] discover_live_jobs failed: bjobs not found on PATH: [WinError 2] 系統找不到指定的檔案。
DV Agent Harness L5 - Periodic Regression Snapshot
Snapshot Time: 2026-09-02 21:59:32
SUMMARY: Total: 0

Job        Pattern / Combination                LSF        DV Analysis        UVM_ERR   UVM_FATAL  Agent Action / Note
----------------------------------------------------------------------------------------------------------------------------------

ATTENTION
- none

NEXT ACTIONS
- Analyze DONE jobs whose DV result is still UNKNOWN/pending.
- Continue incremental monitoring of RUN jobs.
- Triage EXIT/FAIL jobs and rerun fixed patterns when ready.
[reconciliation_cycle] discover_live_jobs failed: bjobs not found on PATH: [WinError 2] 系統找不到指定的檔案。
DV Agent Harness L5 - Periodic Regression Snapshot
Snapshot Time: 2026-09-02 22:04:32
SUMMARY: Total: 0

Job        Pattern / Combination                LSF        DV Analysis        UVM_ERR   UVM_FATAL  Agent Action / Note
----------------------------------------------------------------------------------------------------------------------------------

ATTENTION
- none

NEXT ACTIONS
- Analyze DONE jobs whose DV result is still UNKNOWN/pending.
- Continue incremental monitoring of RUN jobs.
- Triage EXIT/FAIL jobs and rerun fixed patterns when ready.
[reconciliation_cycle] discover_live_jobs failed: bjobs not found on PATH: [WinError 2] 系統找不到指定的檔案。
DV Agent Harness L5 - Periodic Regression Snapshot
Snapshot Time: 2026-09-02 22:09:32
SUMMARY: Total: 0

Job        Pattern / Combination                LSF        DV Analysis        UVM_ERR   UVM_FATAL  Agent Action / Note
----------------------------------------------------------------------------------------------------------------------------------

ATTENTION
- none

NEXT ACTIONS
- Analyze DONE jobs whose DV result is still UNKNOWN/pending.
- Continue incremental monitoring of RUN jobs.
- Triage EXIT/FAIL jobs and rerun fixed patterns when ready.
[reconciliation_cycle] discover_live_jobs failed: bjobs not found on PATH: [WinError 2] 系統找不到指定的檔案。
DV Agent Harness L5 - Periodic Regression Snapshot
Snapshot Time: 2026-09-02 22:14:32
SUMMARY: Total: 0

Job        Pattern / Combination                LSF        DV Analysis        UVM_ERR   UVM_FATAL  Agent Action / Note
----------------------------------------------------------------------------------------------------------------------------------

ATTENTION
- none

NEXT ACTIONS
- Analyze DONE jobs whose DV result is still UNKNOWN/pending.
- Continue incremental monitoring of RUN jobs.
- Triage EXIT/FAIL jobs and rerun fixed patterns when ready.
[reconciliation_cycle] discover_live_jobs failed: bjobs not found on PATH: [WinError 2] 系統找不到指定的檔案。
DV Agent Harness L5 - Periodic Regression Snapshot
Snapshot Time: 2026-09-02 22:19:32
SUMMARY: Total: 0

Job        Pattern / Combination                LSF        DV Analysis        UVM_ERR   UVM_FATAL  Agent Action / Note
----------------------------------------------------------------------------------------------------------------------------------

ATTENTION
- none

NEXT ACTIONS
- Analyze DONE jobs whose DV result is still UNKNOWN/pending.
- Continue incremental monitoring of RUN jobs.
- Triage EXIT/FAIL jobs and rerun fixed patterns when ready.
[reconciliation_cycle] discover_live_jobs failed: bjobs not found on PATH: [WinError 2] 系統找不到指定的檔案。
DV Agent Harness L5 - Periodic Regression Snapshot
Snapshot Time: 2026-09-02 22:24:32
SUMMARY: Total: 0

Job        Pattern / Combination                LSF        DV Analysis        UVM_ERR   UVM_FATAL  Agent Action / Note
----------------------------------------------------------------------------------------------------------------------------------

ATTENTION
- none

NEXT ACTIONS
- Analyze DONE jobs whose DV result is still UNKNOWN/pending.
- Continue incremental monitoring of RUN jobs.
- Triage EXIT/FAIL jobs and rerun fixed patterns when ready.
[reconciliation_cycle] discover_live_jobs failed: bjobs not found on PATH: [WinError 2] 系統找不到指定的檔案。
DV Agent Harness L5 - Periodic Regression Snapshot
Snapshot Time: 2026-09-02 22:29:32
SUMMARY: Total: 0

Job        Pattern / Combination                LSF        DV Analysis        UVM_ERR   UVM_FATAL  Agent Action / Note
----------------------------------------------------------------------------------------------------------------------------------

ATTENTION
- none

NEXT ACTIONS
- Analyze DONE jobs whose DV result is still UNKNOWN/pending.
- Continue incremental monitoring of RUN jobs.
- Triage EXIT/FAIL jobs and rerun fixed patterns when ready.
[reconciliation_cycle] discover_live_jobs failed: bjobs not found on PATH: [WinError 2] 系統找不到指定的檔案。
DV Agent Harness L5 - Periodic Regression Snapshot
Snapshot Time: 2026-09-02 22:34:32
SUMMARY: Total: 0

Job        Pattern / Combination                LSF        DV Analysis        UVM_ERR   UVM_FATAL  Agent Action / Note
----------------------------------------------------------------------------------------------------------------------------------

ATTENTION
- none

NEXT ACTIONS
- Analyze DONE jobs whose DV result is still UNKNOWN/pending.
- Continue incremental monitoring of RUN jobs.
- Triage EXIT/FAIL jobs and rerun fixed patterns when ready.
[reconciliation_cycle] discover_live_jobs failed: bjobs not found on PATH: [WinError 2] 系統找不到指定的檔案。
DV Agent Harness L5 - Periodic Regression Snapshot
Snapshot Time: 2026-09-02 22:39:32
SUMMARY: Total: 0

Job        Pattern / Combination                LSF        DV Analysis        UVM_ERR   UVM_FATAL  Agent Action / Note
----------------------------------------------------------------------------------------------------------------------------------

ATTENTION
- none

NEXT ACTIONS
- Analyze DONE jobs whose DV result is still UNKNOWN/pending.
- Continue incremental monitoring of RUN jobs.
- Triage EXIT/FAIL jobs and rerun fixed patterns when ready.
[reconciliation_cycle] discover_live_jobs failed: bjobs not found on PATH: [WinError 2] 系統找不到指定的檔案。
DV Agent Harness L5 - Periodic Regression Snapshot
Snapshot Time: 2026-09-02 22:44:32
SUMMARY: Total: 0

Job        Pattern / Combination                LSF        DV Analysis        UVM_ERR   UVM_FATAL  Agent Action / Note
----------------------------------------------------------------------------------------------------------------------------------

ATTENTION
- none

NEXT ACTIONS
- Analyze DONE jobs whose DV result is still UNKNOWN/pending.
- Continue incremental monitoring of RUN jobs.
- Triage EXIT/FAIL jobs and rerun fixed patterns when ready.
[reconciliation_cycle] discover_live_jobs failed: bjobs not found on PATH: [WinError 2] 系統找不到指定的檔案。
DV Agent Harness L5 - Periodic Regression Snapshot
Snapshot Time: 2026-09-02 22:49:32
SUMMARY: Total: 0

Job        Pattern / Combination                LSF        DV Analysis        UVM_ERR   UVM_FATAL  Agent Action / Note
----------------------------------------------------------------------------------------------------------------------------------

ATTENTION
- none

NEXT ACTIONS
- Analyze DONE jobs whose DV result is still UNKNOWN/pending.
- Continue incremental monitoring of RUN jobs.
- Triage EXIT/FAIL jobs and rerun fixed patterns when ready.
[reconciliation_cycle] discover_live_jobs failed: bjobs not found on PATH: [WinError 2] 系統找不到指定的檔案。
DV Agent Harness L5 - Periodic Regression Snapshot
Snapshot Time: 2026-09-02 22:54:32
SUMMARY: Total: 0

Job        Pattern / Combination                LSF        DV Analysis        UVM_ERR   UVM_FATAL  Agent Action / Note
----------------------------------------------------------------------------------------------------------------------------------

ATTENTION
- none

NEXT ACTIONS
- Analyze DONE jobs whose DV result is still UNKNOWN/pending.
- Continue incremental monitoring of RUN jobs.
- Triage EXIT/FAIL jobs and rerun fixed patterns when ready.
[reconciliation_cycle] discover_live_jobs failed: bjobs not found on PATH: [WinError 2] 系統找不到指定的檔案。
DV Agent Harness L5 - Periodic Regression Snapshot
Snapshot Time: 2026-09-02 22:59:32
SUMMARY: Total: 0

Job        Pattern / Combination                LSF        DV Analysis        UVM_ERR   UVM_FATAL  Agent Action / Note
----------------------------------------------------------------------------------------------------------------------------------

ATTENTION
- none

NEXT ACTIONS
- Analyze DONE jobs whose DV result is still UNKNOWN/pending.
- Continue incremental monitoring of RUN jobs.
- Triage EXIT/FAIL jobs and rerun fixed patterns when ready.
[reconciliation_cycle] discover_live_jobs failed: bjobs not found on PATH: [WinError 2] 系統找不到指定的檔案。
DV Agent Harness L5 - Periodic Regression Snapshot
Snapshot Time: 2026-09-02 23:04:32
SUMMARY: Total: 0

Job        Pattern / Combination                LSF        DV Analysis        UVM_ERR   UVM_FATAL  Agent Action / Note
----------------------------------------------------------------------------------------------------------------------------------

ATTENTION
- none

NEXT ACTIONS
- Analyze DONE jobs whose DV result is still UNKNOWN/pending.
- Continue incremental monitoring of RUN jobs.
- Triage EXIT/FAIL jobs and rerun fixed patterns when ready.
[reconciliation_cycle] discover_live_jobs failed: bjobs not found on PATH: [WinError 2] 系統找不到指定的檔案。
DV Agent Harness L5 - Periodic Regression Snapshot
Snapshot Time: 2026-09-02 23:09:32
SUMMARY: Total: 0

Job        Pattern / Combination                LSF        DV Analysis        UVM_ERR   UVM_FATAL  Agent Action / Note
----------------------------------------------------------------------------------------------------------------------------------

ATTENTION
- none

NEXT ACTIONS
- Analyze DONE jobs whose DV result is still UNKNOWN/pending.
- Continue incremental monitoring of RUN jobs.
- Triage EXIT/FAIL jobs and rerun fixed patterns when ready.
[reconciliation_cycle] discover_live_jobs failed: bjobs not found on PATH: [WinError 2] 系統找不到指定的檔案。
DV Agent Harness L5 - Periodic Regression Snapshot
Snapshot Time: 2026-09-02 23:14:32
SUMMARY: Total: 0

Job        Pattern / Combination                LSF        DV Analysis        UVM_ERR   UVM_FATAL  Agent Action / Note
----------------------------------------------------------------------------------------------------------------------------------

ATTENTION
- none

NEXT ACTIONS
- Analyze DONE jobs whose DV result is still UNKNOWN/pending.
- Continue incremental monitoring of RUN jobs.
- Triage EXIT/FAIL jobs and rerun fixed patterns when ready.
[reconciliation_cycle] discover_live_jobs failed: bjobs not found on PATH: [WinError 2] 系統找不到指定的檔案。
DV Agent Harness L5 - Periodic Regression Snapshot
Snapshot Time: 2026-09-02 23:19:32
SUMMARY: Total: 0

Job        Pattern / Combination                LSF        DV Analysis        UVM_ERR   UVM_FATAL  Agent Action / Note
----------------------------------------------------------------------------------------------------------------------------------

ATTENTION
- none

NEXT ACTIONS
- Analyze DONE jobs whose DV result is still UNKNOWN/pending.
- Continue incremental monitoring of RUN jobs.
- Triage EXIT/FAIL jobs and rerun fixed patterns when ready.
[reconciliation_cycle] discover_live_jobs failed: bjobs not found on PATH: [WinError 2] 系統找不到指定的檔案。
DV Agent Harness L5 - Periodic Regression Snapshot
Snapshot Time: 2026-09-02 23:24:32
SUMMARY: Total: 0

Job        Pattern / Combination                LSF        DV Analysis        UVM_ERR   UVM_FATAL  Agent Action / Note
----------------------------------------------------------------------------------------------------------------------------------

ATTENTION
- none

NEXT ACTIONS
- Analyze DONE jobs whose DV result is still UNKNOWN/pending.
- Continue incremental monitoring of RUN jobs.
- Triage EXIT/FAIL jobs and rerun fixed patterns when ready.
[reconciliation_cycle] discover_live_jobs failed: bjobs not found on PATH: [WinError 2] 系統找不到指定的檔案。
DV Agent Harness L5 - Periodic Regression Snapshot
Snapshot Time: 2026-09-02 23:29:32
SUMMARY: Total: 0

Job        Pattern / Combination                LSF        DV Analysis        UVM_ERR   UVM_FATAL  Agent Action / Note
----------------------------------------------------------------------------------------------------------------------------------

ATTENTION
- none

NEXT ACTIONS
- Analyze DONE jobs whose DV result is still UNKNOWN/pending.
- Continue incremental monitoring of RUN jobs.
- Triage EXIT/FAIL jobs and rerun fixed patterns when ready.
[reconciliation_cycle] discover_live_jobs failed: bjobs not found on PATH: [WinError 2] 系統找不到指定的檔案。
DV Agent Harness L5 - Periodic Regression Snapshot
Snapshot Time: 2026-09-02 23:34:32
SUMMARY: Total: 0

Job        Pattern / Combination                LSF        DV Analysis        UVM_ERR   UVM_FATAL  Agent Action / Note
----------------------------------------------------------------------------------------------------------------------------------

ATTENTION
- none

NEXT ACTIONS
- Analyze DONE jobs whose DV result is still UNKNOWN/pending.
- Continue incremental monitoring of RUN jobs.
- Triage EXIT/FAIL jobs and rerun fixed patterns when ready.
[reconciliation_cycle] discover_live_jobs failed: bjobs not found on PATH: [WinError 2] 系統找不到指定的檔案。
DV Agent Harness L5 - Periodic Regression Snapshot
Snapshot Time: 2026-09-02 23:39:32
SUMMARY: Total: 0

Job        Pattern / Combination                LSF        DV Analysis        UVM_ERR   UVM_FATAL  Agent Action / Note
----------------------------------------------------------------------------------------------------------------------------------

ATTENTION
- none

NEXT ACTIONS
- Analyze DONE jobs whose DV result is still UNKNOWN/pending.
- Continue incremental monitoring of RUN jobs.
- Triage EXIT/FAIL jobs and rerun fixed patterns when ready.
[reconciliation_cycle] discover_live_jobs failed: bjobs not found on PATH: [WinError 2] 系統找不到指定的檔案。
DV Agent Harness L5 - Periodic Regression Snapshot
Snapshot Time: 2026-09-02 23:44:32
SUMMARY: Total: 0

Job        Pattern / Combination                LSF        DV Analysis        UVM_ERR   UVM_FATAL  Agent Action / Note
----------------------------------------------------------------------------------------------------------------------------------

ATTENTION
- none

NEXT ACTIONS
- Analyze DONE jobs whose DV result is still UNKNOWN/pending.
- Continue incremental monitoring of RUN jobs.
- Triage EXIT/FAIL jobs and rerun fixed patterns when ready.
[reconciliation_cycle] discover_live_jobs failed: bjobs not found on PATH: [WinError 2] 系統找不到指定的檔案。
DV Agent Harness L5 - Periodic Regression Snapshot
Snapshot Time: 2026-09-02 23:49:32
SUMMARY: Total: 0

Job        Pattern / Combination                LSF        DV Analysis        UVM_ERR   UVM_FATAL  Agent Action / Note
----------------------------------------------------------------------------------------------------------------------------------

ATTENTION
- none

NEXT ACTIONS
- Analyze DONE jobs whose DV result is still UNKNOWN/pending.
- Continue incremental monitoring of RUN jobs.
- Triage EXIT/FAIL jobs and rerun fixed patterns when ready.
[reconciliation_cycle] discover_live_jobs failed: bjobs not found on PATH: [WinError 2] 系統找不到指定的檔案。
DV Agent Harness L5 - Periodic Regression Snapshot
Snapshot Time: 2026-09-02 23:54:33
SUMMARY: Total: 0

Job        Pattern / Combination                LSF        DV Analysis        UVM_ERR   UVM_FATAL  Agent Action / Note
----------------------------------------------------------------------------------------------------------------------------------

ATTENTION
- none

NEXT ACTIONS
- Analyze DONE jobs whose DV result is still UNKNOWN/pending.
- Continue incremental monitoring of RUN jobs.
- Triage EXIT/FAIL jobs and rerun fixed patterns when ready.
[reconciliation_cycle] discover_live_jobs failed: bjobs not found on PATH: [WinError 2] 系統找不到指定的檔案。
DV Agent Harness L5 - Periodic Regression Snapshot
Snapshot Time: 2026-09-02 23:59:33
SUMMARY: Total: 0

Job        Pattern / Combination                LSF        DV Analysis        UVM_ERR   UVM_FATAL  Agent Action / Note
----------------------------------------------------------------------------------------------------------------------------------

ATTENTION
- none

NEXT ACTIONS
- Analyze DONE jobs whose DV result is still UNKNOWN/pending.
- Continue incremental monitoring of RUN jobs.
- Triage EXIT/FAIL jobs and rerun fixed patterns when ready.
[reconciliation_cycle] discover_live_jobs failed: bjobs not found on PATH: [WinError 2] 系統找不到指定的檔案。
DV Agent Harness L5 - Periodic Regression Snapshot
Snapshot Time: 2026-09-03 00:04:33
SUMMARY: Total: 0

Job        Pattern / Combination                LSF        DV Analysis        UVM_ERR   UVM_FATAL  Agent Action / Note
----------------------------------------------------------------------------------------------------------------------------------

ATTENTION
- none

NEXT ACTIONS
- Analyze DONE jobs whose DV result is still UNKNOWN/pending.
- Continue incremental monitoring of RUN jobs.
- Triage EXIT/FAIL jobs and rerun fixed patterns when ready.
[reconciliation_cycle] discover_live_jobs failed: bjobs not found on PATH: [WinError 2] 系統找不到指定的檔案。
DV Agent Harness L5 - Periodic Regression Snapshot
Snapshot Time: 2026-09-03 00:09:33
SUMMARY: Total: 0

Job        Pattern / Combination                LSF        DV Analysis        UVM_ERR   UVM_FATAL  Agent Action / Note
----------------------------------------------------------------------------------------------------------------------------------

ATTENTION
- none

NEXT ACTIONS
- Analyze DONE jobs whose DV result is still UNKNOWN/pending.
- Continue incremental monitoring of RUN jobs.
- Triage EXIT/FAIL jobs and rerun fixed patterns when ready.
[reconciliation_cycle] discover_live_jobs failed: bjobs not found on PATH: [WinError 2] 系統找不到指定的檔案。
DV Agent Harness L5 - Periodic Regression Snapshot
Snapshot Time: 2026-09-03 00:14:33
SUMMARY: Total: 0

Job        Pattern / Combination                LSF        DV Analysis        UVM_ERR   UVM_FATAL  Agent Action / Note
----------------------------------------------------------------------------------------------------------------------------------

ATTENTION
- none

NEXT ACTIONS
- Analyze DONE jobs whose DV result is still UNKNOWN/pending.
- Continue incremental monitoring of RUN jobs.
- Triage EXIT/FAIL jobs and rerun fixed patterns when ready.
[reconciliation_cycle] discover_live_jobs failed: bjobs not found on PATH: [WinError 2] 系統找不到指定的檔案。
DV Agent Harness L5 - Periodic Regression Snapshot
Snapshot Time: 2026-09-03 00:19:33
SUMMARY: Total: 0

Job        Pattern / Combination                LSF        DV Analysis        UVM_ERR   UVM_FATAL  Agent Action / Note
----------------------------------------------------------------------------------------------------------------------------------

ATTENTION
- none

NEXT ACTIONS
- Analyze DONE jobs whose DV result is still UNKNOWN/pending.
- Continue incremental monitoring of RUN jobs.
- Triage EXIT/FAIL jobs and rerun fixed patterns when ready.
[reconciliation_cycle] discover_live_jobs failed: bjobs not found on PATH: [WinError 2] 系統找不到指定的檔案。
DV Agent Harness L5 - Periodic Regression Snapshot
Snapshot Time: 2026-09-03 00:24:33
SUMMARY: Total: 0

Job        Pattern / Combination                LSF        DV Analysis        UVM_ERR   UVM_FATAL  Agent Action / Note
----------------------------------------------------------------------------------------------------------------------------------

ATTENTION
- none

NEXT ACTIONS
- Analyze DONE jobs whose DV result is still UNKNOWN/pending.
- Continue incremental monitoring of RUN jobs.
- Triage EXIT/FAIL jobs and rerun fixed patterns when ready.
[reconciliation_cycle] discover_live_jobs failed: bjobs not found on PATH: [WinError 2] 系統找不到指定的檔案。
DV Agent Harness L5 - Periodic Regression Snapshot
Snapshot Time: 2026-09-03 00:29:33
SUMMARY: Total: 0

Job        Pattern / Combination                LSF        DV Analysis        UVM_ERR   UVM_FATAL  Agent Action / Note
----------------------------------------------------------------------------------------------------------------------------------

ATTENTION
- none

NEXT ACTIONS
- Analyze DONE jobs whose DV result is still UNKNOWN/pending.
- Continue incremental monitoring of RUN jobs.
- Triage EXIT/FAIL jobs and rerun fixed patterns when ready.
[reconciliation_cycle] discover_live_jobs failed: bjobs not found on PATH: [WinError 2] 系統找不到指定的檔案。
DV Agent Harness L5 - Periodic Regression Snapshot
Snapshot Time: 2026-09-03 00:34:33
SUMMARY: Total: 0

Job        Pattern / Combination                LSF        DV Analysis        UVM_ERR   UVM_FATAL  Agent Action / Note
----------------------------------------------------------------------------------------------------------------------------------

ATTENTION
- none

NEXT ACTIONS
- Analyze DONE jobs whose DV result is still UNKNOWN/pending.
- Continue incremental monitoring of RUN jobs.
- Triage EXIT/FAIL jobs and rerun fixed patterns when ready.
[reconciliation_cycle] discover_live_jobs failed: bjobs not found on PATH: [WinError 2] 系統找不到指定的檔案。
DV Agent Harness L5 - Periodic Regression Snapshot
Snapshot Time: 2026-09-03 00:39:33
SUMMARY: Total: 0

Job        Pattern / Combination                LSF        DV Analysis        UVM_ERR   UVM_FATAL  Agent Action / Note
----------------------------------------------------------------------------------------------------------------------------------

ATTENTION
- none

NEXT ACTIONS
- Analyze DONE jobs whose DV result is still UNKNOWN/pending.
- Continue incremental monitoring of RUN jobs.
- Triage EXIT/FAIL jobs and rerun fixed patterns when ready.
[reconciliation_cycle] discover_live_jobs failed: bjobs not found on PATH: [WinError 2] 系統找不到指定的檔案。
DV Agent Harness L5 - Periodic Regression Snapshot
Snapshot Time: 2026-09-03 00:44:33
SUMMARY: Total: 0

Job        Pattern / Combination                LSF        DV Analysis        UVM_ERR   UVM_FATAL  Agent Action / Note
----------------------------------------------------------------------------------------------------------------------------------

ATTENTION
- none

NEXT ACTIONS
- Analyze DONE jobs whose DV result is still UNKNOWN/pending.
- Continue incremental monitoring of RUN jobs.
- Triage EXIT/FAIL jobs and rerun fixed patterns when ready.
[reconciliation_cycle] discover_live_jobs failed: bjobs not found on PATH: [WinError 2] 系統找不到指定的檔案。
DV Agent Harness L5 - Periodic Regression Snapshot
Snapshot Time: 2026-09-03 00:49:33
SUMMARY: Total: 0

Job        Pattern / Combination                LSF        DV Analysis        UVM_ERR   UVM_FATAL  Agent Action / Note
----------------------------------------------------------------------------------------------------------------------------------

ATTENTION
- none

NEXT ACTIONS
- Analyze DONE jobs whose DV result is still UNKNOWN/pending.
- Continue incremental monitoring of RUN jobs.
- Triage EXIT/FAIL jobs and rerun fixed patterns when ready.
[reconciliation_cycle] discover_live_jobs failed: bjobs not found on PATH: [WinError 2] 系統找不到指定的檔案。
DV Agent Harness L5 - Periodic Regression Snapshot
Snapshot Time: 2026-09-03 00:54:33
SUMMARY: Total: 0

Job        Pattern / Combination                LSF        DV Analysis        UVM_ERR   UVM_FATAL  Agent Action / Note
----------------------------------------------------------------------------------------------------------------------------------

ATTENTION
- none

NEXT ACTIONS
- Analyze DONE jobs whose DV result is still UNKNOWN/pending.
- Continue incremental monitoring of RUN jobs.
- Triage EXIT/FAIL jobs and rerun fixed patterns when ready.
[reconciliation_cycle] discover_live_jobs failed: bjobs not found on PATH: [WinError 2] 系統找不到指定的檔案。
DV Agent Harness L5 - Periodic Regression Snapshot
Snapshot Time: 2026-09-03 00:59:33
SUMMARY: Total: 0

Job        Pattern / Combination                LSF        DV Analysis        UVM_ERR   UVM_FATAL  Agent Action / Note
----------------------------------------------------------------------------------------------------------------------------------

ATTENTION
- none

NEXT ACTIONS
- Analyze DONE jobs whose DV result is still UNKNOWN/pending.
- Continue incremental monitoring of RUN jobs.
- Triage EXIT/FAIL jobs and rerun fixed patterns when ready.
[reconciliation_cycle] discover_live_jobs failed: bjobs not found on PATH: [WinError 2] 系統找不到指定的檔案。
DV Agent Harness L5 - Periodic Regression Snapshot
Snapshot Time: 2026-09-03 01:04:33
SUMMARY: Total: 0

Job        Pattern / Combination                LSF        DV Analysis        UVM_ERR   UVM_FATAL  Agent Action / Note
----------------------------------------------------------------------------------------------------------------------------------

ATTENTION
- none

NEXT ACTIONS
- Analyze DONE jobs whose DV result is still UNKNOWN/pending.
- Continue incremental monitoring of RUN jobs.
- Triage EXIT/FAIL jobs and rerun fixed patterns when ready.
[reconciliation_cycle] discover_live_jobs failed: bjobs not found on PATH: [WinError 2] 系統找不到指定的檔案。
DV Agent Harness L5 - Periodic Regression Snapshot
Snapshot Time: 2026-09-03 01:09:33
SUMMARY: Total: 0

Job        Pattern / Combination                LSF        DV Analysis        UVM_ERR   UVM_FATAL  Agent Action / Note
----------------------------------------------------------------------------------------------------------------------------------

ATTENTION
- none

NEXT ACTIONS
- Analyze DONE jobs whose DV result is still UNKNOWN/pending.
- Continue incremental monitoring of RUN jobs.
- Triage EXIT/FAIL jobs and rerun fixed patterns when ready.
[reconciliation_cycle] discover_live_jobs failed: bjobs not found on PATH: [WinError 2] 系統找不到指定的檔案。
DV Agent Harness L5 - Periodic Regression Snapshot
Snapshot Time: 2026-09-03 01:14:33
SUMMARY: Total: 0

Job        Pattern / Combination                LSF        DV Analysis        UVM_ERR   UVM_FATAL  Agent Action / Note
----------------------------------------------------------------------------------------------------------------------------------

ATTENTION
- none

NEXT ACTIONS
- Analyze DONE jobs whose DV result is still UNKNOWN/pending.
- Continue incremental monitoring of RUN jobs.
- Triage EXIT/FAIL jobs and rerun fixed patterns when ready.
[reconciliation_cycle] discover_live_jobs failed: bjobs not found on PATH: [WinError 2] 系統找不到指定的檔案。
DV Agent Harness L5 - Periodic Regression Snapshot
Snapshot Time: 2026-09-03 01:19:33
SUMMARY: Total: 0

Job        Pattern / Combination                LSF        DV Analysis        UVM_ERR   UVM_FATAL  Agent Action / Note
----------------------------------------------------------------------------------------------------------------------------------

ATTENTION
- none

NEXT ACTIONS
- Analyze DONE jobs whose DV result is still UNKNOWN/pending.
- Continue incremental monitoring of RUN jobs.
- Triage EXIT/FAIL jobs and rerun fixed patterns when ready.
[reconciliation_cycle] discover_live_jobs failed: bjobs not found on PATH: [WinError 2] 系統找不到指定的檔案。
DV Agent Harness L5 - Periodic Regression Snapshot
Snapshot Time: 2026-09-03 01:24:33
SUMMARY: Total: 0

Job        Pattern / Combination                LSF        DV Analysis        UVM_ERR   UVM_FATAL  Agent Action / Note
----------------------------------------------------------------------------------------------------------------------------------

ATTENTION
- none

NEXT ACTIONS
- Analyze DONE jobs whose DV result is still UNKNOWN/pending.
- Continue incremental monitoring of RUN jobs.
- Triage EXIT/FAIL jobs and rerun fixed patterns when ready.
[reconciliation_cycle] discover_live_jobs failed: bjobs not found on PATH: [WinError 2] 系統找不到指定的檔案。
DV Agent Harness L5 - Periodic Regression Snapshot
Snapshot Time: 2026-09-03 01:29:33
SUMMARY: Total: 0

Job        Pattern / Combination                LSF        DV Analysis        UVM_ERR   UVM_FATAL  Agent Action / Note
----------------------------------------------------------------------------------------------------------------------------------

ATTENTION
- none

NEXT ACTIONS
- Analyze DONE jobs whose DV result is still UNKNOWN/pending.
- Continue incremental monitoring of RUN jobs.
- Triage EXIT/FAIL jobs and rerun fixed patterns when ready.
[reconciliation_cycle] discover_live_jobs failed: bjobs not found on PATH: [WinError 2] 系統找不到指定的檔案。
DV Agent Harness L5 - Periodic Regression Snapshot
Snapshot Time: 2026-09-03 01:34:33
SUMMARY: Total: 0

Job        Pattern / Combination                LSF        DV Analysis        UVM_ERR   UVM_FATAL  Agent Action / Note
----------------------------------------------------------------------------------------------------------------------------------

ATTENTION
- none

NEXT ACTIONS
- Analyze DONE jobs whose DV result is still UNKNOWN/pending.
- Continue incremental monitoring of RUN jobs.
- Triage EXIT/FAIL jobs and rerun fixed patterns when ready.
[reconciliation_cycle] discover_live_jobs failed: bjobs not found on PATH: [WinError 2] 系統找不到指定的檔案。
DV Agent Harness L5 - Periodic Regression Snapshot
Snapshot Time: 2026-09-03 01:39:33
SUMMARY: Total: 0

Job        Pattern / Combination                LSF        DV Analysis        UVM_ERR   UVM_FATAL  Agent Action / Note
----------------------------------------------------------------------------------------------------------------------------------

ATTENTION
- none

NEXT ACTIONS
- Analyze DONE jobs whose DV result is still UNKNOWN/pending.
- Continue incremental monitoring of RUN jobs.
- Triage EXIT/FAIL jobs and rerun fixed patterns when ready.
[reconciliation_cycle] discover_live_jobs failed: bjobs not found on PATH: [WinError 2] 系統找不到指定的檔案。
DV Agent Harness L5 - Periodic Regression Snapshot
Snapshot Time: 2026-09-03 01:44:33
SUMMARY: Total: 0

Job        Pattern / Combination                LSF        DV Analysis        UVM_ERR   UVM_FATAL  Agent Action / Note
----------------------------------------------------------------------------------------------------------------------------------

ATTENTION
- none

NEXT ACTIONS
- Analyze DONE jobs whose DV result is still UNKNOWN/pending.
- Continue incremental monitoring of RUN jobs.
- Triage EXIT/FAIL jobs and rerun fixed patterns when ready.
[reconciliation_cycle] discover_live_jobs failed: bjobs not found on PATH: [WinError 2] 系統找不到指定的檔案。
DV Agent Harness L5 - Periodic Regression Snapshot
Snapshot Time: 2026-09-03 01:49:33
SUMMARY: Total: 0

Job        Pattern / Combination                LSF        DV Analysis        UVM_ERR   UVM_FATAL  Agent Action / Note
----------------------------------------------------------------------------------------------------------------------------------

ATTENTION
- none

NEXT ACTIONS
- Analyze DONE jobs whose DV result is still UNKNOWN/pending.
- Continue incremental monitoring of RUN jobs.
- Triage EXIT/FAIL jobs and rerun fixed patterns when ready.
[reconciliation_cycle] discover_live_jobs failed: bjobs not found on PATH: [WinError 2] 系統找不到指定的檔案。
DV Agent Harness L5 - Periodic Regression Snapshot
Snapshot Time: 2026-09-03 01:54:33
SUMMARY: Total: 0

Job        Pattern / Combination                LSF        DV Analysis        UVM_ERR   UVM_FATAL  Agent Action / Note
----------------------------------------------------------------------------------------------------------------------------------

ATTENTION
- none

NEXT ACTIONS
- Analyze DONE jobs whose DV result is still UNKNOWN/pending.
- Continue incremental monitoring of RUN jobs.
- Triage EXIT/FAIL jobs and rerun fixed patterns when ready.
[reconciliation_cycle] discover_live_jobs failed: bjobs not found on PATH: [WinError 2] 系統找不到指定的檔案。
DV Agent Harness L5 - Periodic Regression Snapshot
Snapshot Time: 2026-09-03 01:59:33
SUMMARY: Total: 0

Job        Pattern / Combination                LSF        DV Analysis        UVM_ERR   UVM_FATAL  Agent Action / Note
----------------------------------------------------------------------------------------------------------------------------------

ATTENTION
- none

NEXT ACTIONS
- Analyze DONE jobs whose DV result is still UNKNOWN/pending.
- Continue incremental monitoring of RUN jobs.
- Triage EXIT/FAIL jobs and rerun fixed patterns when ready.
[reconciliation_cycle] discover_live_jobs failed: bjobs not found on PATH: [WinError 2] 系統找不到指定的檔案。
DV Agent Harness L5 - Periodic Regression Snapshot
Snapshot Time: 2026-09-03 02:04:33
SUMMARY: Total: 0

Job        Pattern / Combination                LSF        DV Analysis        UVM_ERR   UVM_FATAL  Agent Action / Note
----------------------------------------------------------------------------------------------------------------------------------

ATTENTION
- none

NEXT ACTIONS
- Analyze DONE jobs whose DV result is still UNKNOWN/pending.
- Continue incremental monitoring of RUN jobs.
- Triage EXIT/FAIL jobs and rerun fixed patterns when ready.
[reconciliation_cycle] discover_live_jobs failed: bjobs not found on PATH: [WinError 2] 系統找不到指定的檔案。
DV Agent Harness L5 - Periodic Regression Snapshot
Snapshot Time: 2026-09-03 02:09:33
SUMMARY: Total: 0

Job        Pattern / Combination                LSF        DV Analysis        UVM_ERR   UVM_FATAL  Agent Action / Note
----------------------------------------------------------------------------------------------------------------------------------

ATTENTION
- none

NEXT ACTIONS
- Analyze DONE jobs whose DV result is still UNKNOWN/pending.
- Continue incremental monitoring of RUN jobs.
- Triage EXIT/FAIL jobs and rerun fixed patterns when ready.
[reconciliation_cycle] discover_live_jobs failed: bjobs not found on PATH: [WinError 2] 系統找不到指定的檔案。
DV Agent Harness L5 - Periodic Regression Snapshot
Snapshot Time: 2026-09-03 02:14:33
SUMMARY: Total: 0

Job        Pattern / Combination                LSF        DV Analysis        UVM_ERR   UVM_FATAL  Agent Action / Note
----------------------------------------------------------------------------------------------------------------------------------

ATTENTION
- none

NEXT ACTIONS
- Analyze DONE jobs whose DV result is still UNKNOWN/pending.
- Continue incremental monitoring of RUN jobs.
- Triage EXIT/FAIL jobs and rerun fixed patterns when ready.
[reconciliation_cycle] discover_live_jobs failed: bjobs not found on PATH: [WinError 2] 系統找不到指定的檔案。
DV Agent Harness L5 - Periodic Regression Snapshot
Snapshot Time: 2026-09-03 02:19:33
SUMMARY: Total: 0

Job        Pattern / Combination                LSF        DV Analysis        UVM_ERR   UVM_FATAL  Agent Action / Note
----------------------------------------------------------------------------------------------------------------------------------

ATTENTION
- none

NEXT ACTIONS
- Analyze DONE jobs whose DV result is still UNKNOWN/pending.
- Continue incremental monitoring of RUN jobs.
- Triage EXIT/FAIL jobs and rerun fixed patterns when ready.
[reconciliation_cycle] discover_live_jobs failed: bjobs not found on PATH: [WinError 2] 系統找不到指定的檔案。
DV Agent Harness L5 - Periodic Regression Snapshot
Snapshot Time: 2026-09-03 02:24:33
SUMMARY: Total: 0

Job        Pattern / Combination                LSF        DV Analysis        UVM_ERR   UVM_FATAL  Agent Action / Note
----------------------------------------------------------------------------------------------------------------------------------

ATTENTION
- none

NEXT ACTIONS
- Analyze DONE jobs whose DV result is still UNKNOWN/pending.
- Continue incremental monitoring of RUN jobs.
- Triage EXIT/FAIL jobs and rerun fixed patterns when ready.
[reconciliation_cycle] discover_live_jobs failed: bjobs not found on PATH: [WinError 2] 系統找不到指定的檔案。
DV Agent Harness L5 - Periodic Regression Snapshot
Snapshot Time: 2026-09-03 02:29:33
SUMMARY: Total: 0

Job        Pattern / Combination                LSF        DV Analysis        UVM_ERR   UVM_FATAL  Agent Action / Note
----------------------------------------------------------------------------------------------------------------------------------

ATTENTION
- none

NEXT ACTIONS
- Analyze DONE jobs whose DV result is still UNKNOWN/pending.
- Continue incremental monitoring of RUN jobs.
- Triage EXIT/FAIL jobs and rerun fixed patterns when ready.
[reconciliation_cycle] discover_live_jobs failed: bjobs not found on PATH: [WinError 2] 系統找不到指定的檔案。
DV Agent Harness L5 - Periodic Regression Snapshot
Snapshot Time: 2026-09-03 02:34:33
SUMMARY: Total: 0

Job        Pattern / Combination                LSF        DV Analysis        UVM_ERR   UVM_FATAL  Agent Action / Note
----------------------------------------------------------------------------------------------------------------------------------

ATTENTION
- none

NEXT ACTIONS
- Analyze DONE jobs whose DV result is still UNKNOWN/pending.
- Continue incremental monitoring of RUN jobs.
- Triage EXIT/FAIL jobs and rerun fixed patterns when ready.
[reconciliation_cycle] discover_live_jobs failed: bjobs not found on PATH: [WinError 2] 系統找不到指定的檔案。
DV Agent Harness L5 - Periodic Regression Snapshot
Snapshot Time: 2026-09-03 02:39:33
SUMMARY: Total: 0

Job        Pattern / Combination                LSF        DV Analysis        UVM_ERR   UVM_FATAL  Agent Action / Note
----------------------------------------------------------------------------------------------------------------------------------

ATTENTION
- none

NEXT ACTIONS
- Analyze DONE jobs whose DV result is still UNKNOWN/pending.
- Continue incremental monitoring of RUN jobs.
- Triage EXIT/FAIL jobs and rerun fixed patterns when ready.
[reconciliation_cycle] discover_live_jobs failed: bjobs not found on PATH: [WinError 2] 系統找不到指定的檔案。
DV Agent Harness L5 - Periodic Regression Snapshot
Snapshot Time: 2026-09-03 02:44:33
SUMMARY: Total: 0

Job        Pattern / Combination                LSF        DV Analysis        UVM_ERR   UVM_FATAL  Agent Action / Note
----------------------------------------------------------------------------------------------------------------------------------

ATTENTION
- none

NEXT ACTIONS
- Analyze DONE jobs whose DV result is still UNKNOWN/pending.
- Continue incremental monitoring of RUN jobs.
- Triage EXIT/FAIL jobs and rerun fixed patterns when ready.
[reconciliation_cycle] discover_live_jobs failed: bjobs not found on PATH: [WinError 2] 系統找不到指定的檔案。
DV Agent Harness L5 - Periodic Regression Snapshot
Snapshot Time: 2026-09-03 02:49:33
SUMMARY: Total: 0

Job        Pattern / Combination                LSF        DV Analysis        UVM_ERR   UVM_FATAL  Agent Action / Note
----------------------------------------------------------------------------------------------------------------------------------

ATTENTION
- none

NEXT ACTIONS
- Analyze DONE jobs whose DV result is still UNKNOWN/pending.
- Continue incremental monitoring of RUN jobs.
- Triage EXIT/FAIL jobs and rerun fixed patterns when ready.
[reconciliation_cycle] discover_live_jobs failed: bjobs not found on PATH: [WinError 2] 系統找不到指定的檔案。
DV Agent Harness L5 - Periodic Regression Snapshot
Snapshot Time: 2026-09-03 02:54:33
SUMMARY: Total: 0

Job        Pattern / Combination                LSF        DV Analysis        UVM_ERR   UVM_FATAL  Agent Action / Note
----------------------------------------------------------------------------------------------------------------------------------

ATTENTION
- none

NEXT ACTIONS
- Analyze DONE jobs whose DV result is still UNKNOWN/pending.
- Continue incremental monitoring of RUN jobs.
- Triage EXIT/FAIL jobs and rerun fixed patterns when ready.
[reconciliation_cycle] discover_live_jobs failed: bjobs not found on PATH: [WinError 2] 系統找不到指定的檔案。
DV Agent Harness L5 - Periodic Regression Snapshot
Snapshot Time: 2026-09-03 02:59:33
SUMMARY: Total: 0

Job        Pattern / Combination                LSF        DV Analysis        UVM_ERR   UVM_FATAL  Agent Action / Note
----------------------------------------------------------------------------------------------------------------------------------

ATTENTION
- none

NEXT ACTIONS
- Analyze DONE jobs whose DV result is still UNKNOWN/pending.
- Continue incremental monitoring of RUN jobs.
- Triage EXIT/FAIL jobs and rerun fixed patterns when ready.
[reconciliation_cycle] discover_live_jobs failed: bjobs not found on PATH: [WinError 2] 系統找不到指定的檔案。
DV Agent Harness L5 - Periodic Regression Snapshot
Snapshot Time: 2026-09-03 03:04:33
SUMMARY: Total: 0

Job        Pattern / Combination                LSF        DV Analysis        UVM_ERR   UVM_FATAL  Agent Action / Note
----------------------------------------------------------------------------------------------------------------------------------

ATTENTION
- none

NEXT ACTIONS
- Analyze DONE jobs whose DV result is still UNKNOWN/pending.
- Continue incremental monitoring of RUN jobs.
- Triage EXIT/FAIL jobs and rerun fixed patterns when ready.
[reconciliation_cycle] discover_live_jobs failed: bjobs not found on PATH: [WinError 2] 系統找不到指定的檔案。
DV Agent Harness L5 - Periodic Regression Snapshot
Snapshot Time: 2026-09-03 03:09:33
SUMMARY: Total: 0

Job        Pattern / Combination                LSF        DV Analysis        UVM_ERR   UVM_FATAL  Agent Action / Note
----------------------------------------------------------------------------------------------------------------------------------

ATTENTION
- none

NEXT ACTIONS
- Analyze DONE jobs whose DV result is still UNKNOWN/pending.
- Continue incremental monitoring of RUN jobs.
- Triage EXIT/FAIL jobs and rerun fixed patterns when ready.
[reconciliation_cycle] discover_live_jobs failed: bjobs not found on PATH: [WinError 2] 系統找不到指定的檔案。
DV Agent Harness L5 - Periodic Regression Snapshot
Snapshot Time: 2026-09-03 03:14:34
SUMMARY: Total: 0

Job        Pattern / Combination                LSF        DV Analysis        UVM_ERR   UVM_FATAL  Agent Action / Note
----------------------------------------------------------------------------------------------------------------------------------

ATTENTION
- none

NEXT ACTIONS
- Analyze DONE jobs whose DV result is still UNKNOWN/pending.
- Continue incremental monitoring of RUN jobs.
- Triage EXIT/FAIL jobs and rerun fixed patterns when ready.
[reconciliation_cycle] discover_live_jobs failed: bjobs not found on PATH: [WinError 2] 系統找不到指定的檔案。
DV Agent Harness L5 - Periodic Regression Snapshot
Snapshot Time: 2026-09-03 03:19:34
SUMMARY: Total: 0

Job        Pattern / Combination                LSF        DV Analysis        UVM_ERR   UVM_FATAL  Agent Action / Note
----------------------------------------------------------------------------------------------------------------------------------

ATTENTION
- none

NEXT ACTIONS
- Analyze DONE jobs whose DV result is still UNKNOWN/pending.
- Continue incremental monitoring of RUN jobs.
- Triage EXIT/FAIL jobs and rerun fixed patterns when ready.
[reconciliation_cycle] discover_live_jobs failed: bjobs not found on PATH: [WinError 2] 系統找不到指定的檔案。
DV Agent Harness L5 - Periodic Regression Snapshot
Snapshot Time: 2026-09-03 03:24:34
SUMMARY: Total: 0

Job        Pattern / Combination                LSF        DV Analysis        UVM_ERR   UVM_FATAL  Agent Action / Note
----------------------------------------------------------------------------------------------------------------------------------

ATTENTION
- none

NEXT ACTIONS
- Analyze DONE jobs whose DV result is still UNKNOWN/pending.
- Continue incremental monitoring of RUN jobs.
- Triage EXIT/FAIL jobs and rerun fixed patterns when ready.
[reconciliation_cycle] discover_live_jobs failed: bjobs not found on PATH: [WinError 2] 系統找不到指定的檔案。
DV Agent Harness L5 - Periodic Regression Snapshot
Snapshot Time: 2026-09-03 03:29:34
SUMMARY: Total: 0

Job        Pattern / Combination                LSF        DV Analysis        UVM_ERR   UVM_FATAL  Agent Action / Note
----------------------------------------------------------------------------------------------------------------------------------

ATTENTION
- none

NEXT ACTIONS
- Analyze DONE jobs whose DV result is still UNKNOWN/pending.
- Continue incremental monitoring of RUN jobs.
- Triage EXIT/FAIL jobs and rerun fixed patterns when ready.
[reconciliation_cycle] discover_live_jobs failed: bjobs not found on PATH: [WinError 2] 系統找不到指定的檔案。
DV Agent Harness L5 - Periodic Regression Snapshot
Snapshot Time: 2026-09-03 03:34:34
SUMMARY: Total: 0

Job        Pattern / Combination                LSF        DV Analysis        UVM_ERR   UVM_FATAL  Agent Action / Note
----------------------------------------------------------------------------------------------------------------------------------

ATTENTION
- none

NEXT ACTIONS
- Analyze DONE jobs whose DV result is still UNKNOWN/pending.
- Continue incremental monitoring of RUN jobs.
- Triage EXIT/FAIL jobs and rerun fixed patterns when ready.
[reconciliation_cycle] discover_live_jobs failed: bjobs not found on PATH: [WinError 2] 系統找不到指定的檔案。
DV Agent Harness L5 - Periodic Regression Snapshot
Snapshot Time: 2026-09-03 03:39:34
SUMMARY: Total: 0

Job        Pattern / Combination                LSF        DV Analysis        UVM_ERR   UVM_FATAL  Agent Action / Note
----------------------------------------------------------------------------------------------------------------------------------

ATTENTION
- none

NEXT ACTIONS
- Analyze DONE jobs whose DV result is still UNKNOWN/pending.
- Continue incremental monitoring of RUN jobs.
- Triage EXIT/FAIL jobs and rerun fixed patterns when ready.
[reconciliation_cycle] discover_live_jobs failed: bjobs not found on PATH: [WinError 2] 系統找不到指定的檔案。
DV Agent Harness L5 - Periodic Regression Snapshot
Snapshot Time: 2026-09-03 03:44:34
SUMMARY: Total: 0

Job        Pattern / Combination                LSF        DV Analysis        UVM_ERR   UVM_FATAL  Agent Action / Note
----------------------------------------------------------------------------------------------------------------------------------

ATTENTION
- none

NEXT ACTIONS
- Analyze DONE jobs whose DV result is still UNKNOWN/pending.
- Continue incremental monitoring of RUN jobs.
- Triage EXIT/FAIL jobs and rerun fixed patterns when ready.
[reconciliation_cycle] discover_live_jobs failed: bjobs not found on PATH: [WinError 2] 系統找不到指定的檔案。
DV Agent Harness L5 - Periodic Regression Snapshot
Snapshot Time: 2026-09-03 03:49:34
SUMMARY: Total: 0

Job        Pattern / Combination                LSF        DV Analysis        UVM_ERR   UVM_FATAL  Agent Action / Note
----------------------------------------------------------------------------------------------------------------------------------

ATTENTION
- none

NEXT ACTIONS
- Analyze DONE jobs whose DV result is still UNKNOWN/pending.
- Continue incremental monitoring of RUN jobs.
- Triage EXIT/FAIL jobs and rerun fixed patterns when ready.
[reconciliation_cycle] discover_live_jobs failed: bjobs not found on PATH: [WinError 2] 系統找不到指定的檔案。
DV Agent Harness L5 - Periodic Regression Snapshot
Snapshot Time: 2026-09-03 03:54:34
SUMMARY: Total: 0

Job        Pattern / Combination                LSF        DV Analysis        UVM_ERR   UVM_FATAL  Agent Action / Note
----------------------------------------------------------------------------------------------------------------------------------

ATTENTION
- none

NEXT ACTIONS
- Analyze DONE jobs whose DV result is still UNKNOWN/pending.
- Continue incremental monitoring of RUN jobs.
- Triage EXIT/FAIL jobs and rerun fixed patterns when ready.
[reconciliation_cycle] discover_live_jobs failed: bjobs not found on PATH: [WinError 2] 系統找不到指定的檔案。
DV Agent Harness L5 - Periodic Regression Snapshot
Snapshot Time: 2026-09-03 03:59:34
SUMMARY: Total: 0

Job        Pattern / Combination                LSF        DV Analysis        UVM_ERR   UVM_FATAL  Agent Action / Note
----------------------------------------------------------------------------------------------------------------------------------

ATTENTION
- none

NEXT ACTIONS
- Analyze DONE jobs whose DV result is still UNKNOWN/pending.
- Continue incremental monitoring of RUN jobs.
- Triage EXIT/FAIL jobs and rerun fixed patterns when ready.
[reconciliation_cycle] discover_live_jobs failed: bjobs not found on PATH: [WinError 2] 系統找不到指定的檔案。
DV Agent Harness L5 - Periodic Regression Snapshot
Snapshot Time: 2026-09-03 04:04:34
SUMMARY: Total: 0

Job        Pattern / Combination                LSF        DV Analysis        UVM_ERR   UVM_FATAL  Agent Action / Note
----------------------------------------------------------------------------------------------------------------------------------

ATTENTION
- none

NEXT ACTIONS
- Analyze DONE jobs whose DV result is still UNKNOWN/pending.
- Continue incremental monitoring of RUN jobs.
- Triage EXIT/FAIL jobs and rerun fixed patterns when ready.
[reconciliation_cycle] discover_live_jobs failed: bjobs not found on PATH: [WinError 2] 系統找不到指定的檔案。
DV Agent Harness L5 - Periodic Regression Snapshot
Snapshot Time: 2026-09-03 04:09:34
SUMMARY: Total: 0

Job        Pattern / Combination                LSF        DV Analysis        UVM_ERR   UVM_FATAL  Agent Action / Note
----------------------------------------------------------------------------------------------------------------------------------

ATTENTION
- none

NEXT ACTIONS
- Analyze DONE jobs whose DV result is still UNKNOWN/pending.
- Continue incremental monitoring of RUN jobs.
- Triage EXIT/FAIL jobs and rerun fixed patterns when ready.
[reconciliation_cycle] discover_live_jobs failed: bjobs not found on PATH: [WinError 2] 系統找不到指定的檔案。
DV Agent Harness L5 - Periodic Regression Snapshot
Snapshot Time: 2026-09-03 04:14:34
SUMMARY: Total: 0

Job        Pattern / Combination                LSF        DV Analysis        UVM_ERR   UVM_FATAL  Agent Action / Note
----------------------------------------------------------------------------------------------------------------------------------

ATTENTION
- none

NEXT ACTIONS
- Analyze DONE jobs whose DV result is still UNKNOWN/pending.
- Continue incremental monitoring of RUN jobs.
- Triage EXIT/FAIL jobs and rerun fixed patterns when ready.
[reconciliation_cycle] discover_live_jobs failed: bjobs not found on PATH: [WinError 2] 系統找不到指定的檔案。
DV Agent Harness L5 - Periodic Regression Snapshot
Snapshot Time: 2026-09-03 04:19:34
SUMMARY: Total: 0

Job        Pattern / Combination                LSF        DV Analysis        UVM_ERR   UVM_FATAL  Agent Action / Note
----------------------------------------------------------------------------------------------------------------------------------

ATTENTION
- none

NEXT ACTIONS
- Analyze DONE jobs whose DV result is still UNKNOWN/pending.
- Continue incremental monitoring of RUN jobs.
- Triage EXIT/FAIL jobs and rerun fixed patterns when ready.
[reconciliation_cycle] discover_live_jobs failed: bjobs not found on PATH: [WinError 2] 系統找不到指定的檔案。
DV Agent Harness L5 - Periodic Regression Snapshot
Snapshot Time: 2026-09-03 04:24:34
SUMMARY: Total: 0

Job        Pattern / Combination                LSF        DV Analysis        UVM_ERR   UVM_FATAL  Agent Action / Note
----------------------------------------------------------------------------------------------------------------------------------

ATTENTION
- none

NEXT ACTIONS
- Analyze DONE jobs whose DV result is still UNKNOWN/pending.
- Continue incremental monitoring of RUN jobs.
- Triage EXIT/FAIL jobs and rerun fixed patterns when ready.
[reconciliation_cycle] discover_live_jobs failed: bjobs not found on PATH: [WinError 2] 系統找不到指定的檔案。
DV Agent Harness L5 - Periodic Regression Snapshot
Snapshot Time: 2026-09-03 04:29:34
SUMMARY: Total: 0

Job        Pattern / Combination                LSF        DV Analysis        UVM_ERR   UVM_FATAL  Agent Action / Note
----------------------------------------------------------------------------------------------------------------------------------

ATTENTION
- none

NEXT ACTIONS
- Analyze DONE jobs whose DV result is still UNKNOWN/pending.
- Continue incremental monitoring of RUN jobs.
- Triage EXIT/FAIL jobs and rerun fixed patterns when ready.
[reconciliation_cycle] discover_live_jobs failed: bjobs not found on PATH: [WinError 2] 系統找不到指定的檔案。
DV Agent Harness L5 - Periodic Regression Snapshot
Snapshot Time: 2026-09-03 04:34:34
SUMMARY: Total: 0

Job        Pattern / Combination                LSF        DV Analysis        UVM_ERR   UVM_FATAL  Agent Action / Note
----------------------------------------------------------------------------------------------------------------------------------

ATTENTION
- none

NEXT ACTIONS
- Analyze DONE jobs whose DV result is still UNKNOWN/pending.
- Continue incremental monitoring of RUN jobs.
- Triage EXIT/FAIL jobs and rerun fixed patterns when ready.
[reconciliation_cycle] discover_live_jobs failed: bjobs not found on PATH: [WinError 2] 系統找不到指定的檔案。
DV Agent Harness L5 - Periodic Regression Snapshot
Snapshot Time: 2026-09-03 04:39:34
SUMMARY: Total: 0

Job        Pattern / Combination                LSF        DV Analysis        UVM_ERR   UVM_FATAL  Agent Action / Note
----------------------------------------------------------------------------------------------------------------------------------

ATTENTION
- none

NEXT ACTIONS
- Analyze DONE jobs whose DV result is still UNKNOWN/pending.
- Continue incremental monitoring of RUN jobs.
- Triage EXIT/FAIL jobs and rerun fixed patterns when ready.
[reconciliation_cycle] discover_live_jobs failed: bjobs not found on PATH: [WinError 2] 系統找不到指定的檔案。
DV Agent Harness L5 - Periodic Regression Snapshot
Snapshot Time: 2026-09-03 04:44:34
SUMMARY: Total: 0

Job        Pattern / Combination                LSF        DV Analysis        UVM_ERR   UVM_FATAL  Agent Action / Note
----------------------------------------------------------------------------------------------------------------------------------

ATTENTION
- none

NEXT ACTIONS
- Analyze DONE jobs whose DV result is still UNKNOWN/pending.
- Continue incremental monitoring of RUN jobs.
- Triage EXIT/FAIL jobs and rerun fixed patterns when ready.
[reconciliation_cycle] discover_live_jobs failed: bjobs not found on PATH: [WinError 2] 系統找不到指定的檔案。
DV Agent Harness L5 - Periodic Regression Snapshot
Snapshot Time: 2026-09-03 04:49:34
SUMMARY: Total: 0

Job        Pattern / Combination                LSF        DV Analysis        UVM_ERR   UVM_FATAL  Agent Action / Note
----------------------------------------------------------------------------------------------------------------------------------

ATTENTION
- none

NEXT ACTIONS
- Analyze DONE jobs whose DV result is still UNKNOWN/pending.
- Continue incremental monitoring of RUN jobs.
- Triage EXIT/FAIL jobs and rerun fixed patterns when ready.
[reconciliation_cycle] discover_live_jobs failed: bjobs not found on PATH: [WinError 2] 系統找不到指定的檔案。
DV Agent Harness L5 - Periodic Regression Snapshot
Snapshot Time: 2026-09-03 04:54:34
SUMMARY: Total: 0

Job        Pattern / Combination                LSF        DV Analysis        UVM_ERR   UVM_FATAL  Agent Action / Note
----------------------------------------------------------------------------------------------------------------------------------

ATTENTION
- none

NEXT ACTIONS
- Analyze DONE jobs whose DV result is still UNKNOWN/pending.
- Continue incremental monitoring of RUN jobs.
- Triage EXIT/FAIL jobs and rerun fixed patterns when ready.
[reconciliation_cycle] discover_live_jobs failed: bjobs not found on PATH: [WinError 2] 系統找不到指定的檔案。
DV Agent Harness L5 - Periodic Regression Snapshot
Snapshot Time: 2026-09-03 04:59:34
SUMMARY: Total: 0

Job        Pattern / Combination                LSF        DV Analysis        UVM_ERR   UVM_FATAL  Agent Action / Note
----------------------------------------------------------------------------------------------------------------------------------

ATTENTION
- none

NEXT ACTIONS
- Analyze DONE jobs whose DV result is still UNKNOWN/pending.
- Continue incremental monitoring of RUN jobs.
- Triage EXIT/FAIL jobs and rerun fixed patterns when ready.
[reconciliation_cycle] discover_live_jobs failed: bjobs not found on PATH: [WinError 2] 系統找不到指定的檔案。
DV Agent Harness L5 - Periodic Regression Snapshot
Snapshot Time: 2026-09-03 05:04:34
SUMMARY: Total: 0

Job        Pattern / Combination                LSF        DV Analysis        UVM_ERR   UVM_FATAL  Agent Action / Note
----------------------------------------------------------------------------------------------------------------------------------

ATTENTION
- none

NEXT ACTIONS
- Analyze DONE jobs whose DV result is still UNKNOWN/pending.
- Continue incremental monitoring of RUN jobs.
- Triage EXIT/FAIL jobs and rerun fixed patterns when ready.
[reconciliation_cycle] discover_live_jobs failed: bjobs not found on PATH: [WinError 2] 系統找不到指定的檔案。
DV Agent Harness L5 - Periodic Regression Snapshot
Snapshot Time: 2026-09-03 05:09:34
SUMMARY: Total: 0

Job        Pattern / Combination                LSF        DV Analysis        UVM_ERR   UVM_FATAL  Agent Action / Note
----------------------------------------------------------------------------------------------------------------------------------

ATTENTION
- none

NEXT ACTIONS
- Analyze DONE jobs whose DV result is still UNKNOWN/pending.
- Continue incremental monitoring of RUN jobs.
- Triage EXIT/FAIL jobs and rerun fixed patterns when ready.
[reconciliation_cycle] discover_live_jobs failed: bjobs not found on PATH: [WinError 2] 系統找不到指定的檔案。
DV Agent Harness L5 - Periodic Regression Snapshot
Snapshot Time: 2026-09-03 05:14:34
SUMMARY: Total: 0

Job        Pattern / Combination                LSF        DV Analysis        UVM_ERR   UVM_FATAL  Agent Action / Note
----------------------------------------------------------------------------------------------------------------------------------

ATTENTION
- none

NEXT ACTIONS
- Analyze DONE jobs whose DV result is still UNKNOWN/pending.
- Continue incremental monitoring of RUN jobs.
- Triage EXIT/FAIL jobs and rerun fixed patterns when ready.
[reconciliation_cycle] discover_live_jobs failed: bjobs not found on PATH: [WinError 2] 系統找不到指定的檔案。
DV Agent Harness L5 - Periodic Regression Snapshot
Snapshot Time: 2026-09-03 05:19:34
SUMMARY: Total: 0

Job        Pattern / Combination                LSF        DV Analysis        UVM_ERR   UVM_FATAL  Agent Action / Note
----------------------------------------------------------------------------------------------------------------------------------

ATTENTION
- none

NEXT ACTIONS
- Analyze DONE jobs whose DV result is still UNKNOWN/pending.
- Continue incremental monitoring of RUN jobs.
- Triage EXIT/FAIL jobs and rerun fixed patterns when ready.
[reconciliation_cycle] discover_live_jobs failed: bjobs not found on PATH: [WinError 2] 系統找不到指定的檔案。
DV Agent Harness L5 - Periodic Regression Snapshot
Snapshot Time: 2026-09-03 05:24:34
SUMMARY: Total: 0

Job        Pattern / Combination                LSF        DV Analysis        UVM_ERR   UVM_FATAL  Agent Action / Note
----------------------------------------------------------------------------------------------------------------------------------

ATTENTION
- none

NEXT ACTIONS
- Analyze DONE jobs whose DV result is still UNKNOWN/pending.
- Continue incremental monitoring of RUN jobs.
- Triage EXIT/FAIL jobs and rerun fixed patterns when ready.
[reconciliation_cycle] discover_live_jobs failed: bjobs not found on PATH: [WinError 2] 系統找不到指定的檔案。
DV Agent Harness L5 - Periodic Regression Snapshot
Snapshot Time: 2026-09-03 05:29:34
SUMMARY: Total: 0

Job        Pattern / Combination                LSF        DV Analysis        UVM_ERR   UVM_FATAL  Agent Action / Note
----------------------------------------------------------------------------------------------------------------------------------

ATTENTION
- none

NEXT ACTIONS
- Analyze DONE jobs whose DV result is still UNKNOWN/pending.
- Continue incremental monitoring of RUN jobs.
- Triage EXIT/FAIL jobs and rerun fixed patterns when ready.
[reconciliation_cycle] discover_live_jobs failed: bjobs not found on PATH: [WinError 2] 系統找不到指定的檔案。
DV Agent Harness L5 - Periodic Regression Snapshot
Snapshot Time: 2026-09-03 05:34:34
SUMMARY: Total: 0

Job        Pattern / Combination                LSF        DV Analysis        UVM_ERR   UVM_FATAL  Agent Action / Note
----------------------------------------------------------------------------------------------------------------------------------

ATTENTION
- none

NEXT ACTIONS
- Analyze DONE jobs whose DV result is still UNKNOWN/pending.
- Continue incremental monitoring of RUN jobs.
- Triage EXIT/FAIL jobs and rerun fixed patterns when ready.
[reconciliation_cycle] discover_live_jobs failed: bjobs not found on PATH: [WinError 2] 系統找不到指定的檔案。
DV Agent Harness L5 - Periodic Regression Snapshot
Snapshot Time: 2026-09-03 05:39:34
SUMMARY: Total: 0

Job        Pattern / Combination                LSF        DV Analysis        UVM_ERR   UVM_FATAL  Agent Action / Note
----------------------------------------------------------------------------------------------------------------------------------

ATTENTION
- none

NEXT ACTIONS
- Analyze DONE jobs whose DV result is still UNKNOWN/pending.
- Continue incremental monitoring of RUN jobs.
- Triage EXIT/FAIL jobs and rerun fixed patterns when ready.
[reconciliation_cycle] discover_live_jobs failed: bjobs not found on PATH: [WinError 2] 系統找不到指定的檔案。
DV Agent Harness L5 - Periodic Regression Snapshot
Snapshot Time: 2026-09-03 05:44:34
SUMMARY: Total: 0

Job        Pattern / Combination                LSF        DV Analysis        UVM_ERR   UVM_FATAL  Agent Action / Note
----------------------------------------------------------------------------------------------------------------------------------

ATTENTION
- none

NEXT ACTIONS
- Analyze DONE jobs whose DV result is still UNKNOWN/pending.
- Continue incremental monitoring of RUN jobs.
- Triage EXIT/FAIL jobs and rerun fixed patterns when ready.
[reconciliation_cycle] discover_live_jobs failed: bjobs not found on PATH: [WinError 2] 系統找不到指定的檔案。
DV Agent Harness L5 - Periodic Regression Snapshot
Snapshot Time: 2026-09-03 05:49:34
SUMMARY: Total: 0

Job        Pattern / Combination                LSF        DV Analysis        UVM_ERR   UVM_FATAL  Agent Action / Note
----------------------------------------------------------------------------------------------------------------------------------

ATTENTION
- none

NEXT ACTIONS
- Analyze DONE jobs whose DV result is still UNKNOWN/pending.
- Continue incremental monitoring of RUN jobs.
- Triage EXIT/FAIL jobs and rerun fixed patterns when ready.
[reconciliation_cycle] discover_live_jobs failed: bjobs not found on PATH: [WinError 2] 系統找不到指定的檔案。
DV Agent Harness L5 - Periodic Regression Snapshot
Snapshot Time: 2026-09-03 05:54:34
SUMMARY: Total: 0

Job        Pattern / Combination                LSF        DV Analysis        UVM_ERR   UVM_FATAL  Agent Action / Note
----------------------------------------------------------------------------------------------------------------------------------

ATTENTION
- none

NEXT ACTIONS
- Analyze DONE jobs whose DV result is still UNKNOWN/pending.
- Continue incremental monitoring of RUN jobs.
- Triage EXIT/FAIL jobs and rerun fixed patterns when ready.
[reconciliation_cycle] discover_live_jobs failed: bjobs not found on PATH: [WinError 2] 系統找不到指定的檔案。
DV Agent Harness L5 - Periodic Regression Snapshot
Snapshot Time: 2026-09-03 05:59:34
SUMMARY: Total: 0

Job        Pattern / Combination                LSF        DV Analysis        UVM_ERR   UVM_FATAL  Agent Action / Note
----------------------------------------------------------------------------------------------------------------------------------

ATTENTION
- none

NEXT ACTIONS
- Analyze DONE jobs whose DV result is still UNKNOWN/pending.
- Continue incremental monitoring of RUN jobs.
- Triage EXIT/FAIL jobs and rerun fixed patterns when ready.
[reconciliation_cycle] discover_live_jobs failed: bjobs not found on PATH: [WinError 2] 系統找不到指定的檔案。
DV Agent Harness L5 - Periodic Regression Snapshot
Snapshot Time: 2026-09-03 06:04:34
SUMMARY: Total: 0

Job        Pattern / Combination                LSF        DV Analysis        UVM_ERR   UVM_FATAL  Agent Action / Note
----------------------------------------------------------------------------------------------------------------------------------

ATTENTION
- none

NEXT ACTIONS
- Analyze DONE jobs whose DV result is still UNKNOWN/pending.
- Continue incremental monitoring of RUN jobs.
- Triage EXIT/FAIL jobs and rerun fixed patterns when ready.
[reconciliation_cycle] discover_live_jobs failed: bjobs not found on PATH: [WinError 2] 系統找不到指定的檔案。
DV Agent Harness L5 - Periodic Regression Snapshot
Snapshot Time: 2026-09-03 06:09:34
SUMMARY: Total: 0

Job        Pattern / Combination                LSF        DV Analysis        UVM_ERR   UVM_FATAL  Agent Action / Note
----------------------------------------------------------------------------------------------------------------------------------

ATTENTION
- none

NEXT ACTIONS
- Analyze DONE jobs whose DV result is still UNKNOWN/pending.
- Continue incremental monitoring of RUN jobs.
- Triage EXIT/FAIL jobs and rerun fixed patterns when ready.
[reconciliation_cycle] discover_live_jobs failed: bjobs not found on PATH: [WinError 2] 系統找不到指定的檔案。
DV Agent Harness L5 - Periodic Regression Snapshot
Snapshot Time: 2026-09-03 06:14:34
SUMMARY: Total: 0

Job        Pattern / Combination                LSF        DV Analysis        UVM_ERR   UVM_FATAL  Agent Action / Note
----------------------------------------------------------------------------------------------------------------------------------

ATTENTION
- none

NEXT ACTIONS
- Analyze DONE jobs whose DV result is still UNKNOWN/pending.
- Continue incremental monitoring of RUN jobs.
- Triage EXIT/FAIL jobs and rerun fixed patterns when ready.
[reconciliation_cycle] discover_live_jobs failed: bjobs not found on PATH: [WinError 2] 系統找不到指定的檔案。
DV Agent Harness L5 - Periodic Regression Snapshot
Snapshot Time: 2026-09-03 06:19:34
SUMMARY: Total: 0

Job        Pattern / Combination                LSF        DV Analysis        UVM_ERR   UVM_FATAL  Agent Action / Note
----------------------------------------------------------------------------------------------------------------------------------

ATTENTION
- none

NEXT ACTIONS
- Analyze DONE jobs whose DV result is still UNKNOWN/pending.
- Continue incremental monitoring of RUN jobs.
- Triage EXIT/FAIL jobs and rerun fixed patterns when ready.
[reconciliation_cycle] discover_live_jobs failed: bjobs not found on PATH: [WinError 2] 系統找不到指定的檔案。
DV Agent Harness L5 - Periodic Regression Snapshot
Snapshot Time: 2026-09-03 06:24:34
SUMMARY: Total: 0

Job        Pattern / Combination                LSF        DV Analysis        UVM_ERR   UVM_FATAL  Agent Action / Note
----------------------------------------------------------------------------------------------------------------------------------

ATTENTION
- none

NEXT ACTIONS
- Analyze DONE jobs whose DV result is still UNKNOWN/pending.
- Continue incremental monitoring of RUN jobs.
- Triage EXIT/FAIL jobs and rerun fixed patterns when ready.
[reconciliation_cycle] discover_live_jobs failed: bjobs not found on PATH: [WinError 2] 系統找不到指定的檔案。
DV Agent Harness L5 - Periodic Regression Snapshot
Snapshot Time: 2026-09-03 06:29:34
SUMMARY: Total: 0

Job        Pattern / Combination                LSF        DV Analysis        UVM_ERR   UVM_FATAL  Agent Action / Note
----------------------------------------------------------------------------------------------------------------------------------

ATTENTION
- none

NEXT ACTIONS
- Analyze DONE jobs whose DV result is still UNKNOWN/pending.
- Continue incremental monitoring of RUN jobs.
- Triage EXIT/FAIL jobs and rerun fixed patterns when ready.
[reconciliation_cycle] discover_live_jobs failed: bjobs not found on PATH: [WinError 2] 系統找不到指定的檔案。
DV Agent Harness L5 - Periodic Regression Snapshot
Snapshot Time: 2026-09-03 06:34:34
SUMMARY: Total: 0

Job        Pattern / Combination                LSF        DV Analysis        UVM_ERR   UVM_FATAL  Agent Action / Note
----------------------------------------------------------------------------------------------------------------------------------

ATTENTION
- none

NEXT ACTIONS
- Analyze DONE jobs whose DV result is still UNKNOWN/pending.
- Continue incremental monitoring of RUN jobs.
- Triage EXIT/FAIL jobs and rerun fixed patterns when ready.
[reconciliation_cycle] discover_live_jobs failed: bjobs not found on PATH: [WinError 2] 系統找不到指定的檔案。
DV Agent Harness L5 - Periodic Regression Snapshot
Snapshot Time: 2026-09-03 06:39:34
SUMMARY: Total: 0

Job        Pattern / Combination                LSF        DV Analysis        UVM_ERR   UVM_FATAL  Agent Action / Note
----------------------------------------------------------------------------------------------------------------------------------

ATTENTION
- none

NEXT ACTIONS
- Analyze DONE jobs whose DV result is still UNKNOWN/pending.
- Continue incremental monitoring of RUN jobs.
- Triage EXIT/FAIL jobs and rerun fixed patterns when ready.
[reconciliation_cycle] discover_live_jobs failed: bjobs not found on PATH: [WinError 2] 系統找不到指定的檔案。
DV Agent Harness L5 - Periodic Regression Snapshot
Snapshot Time: 2026-09-03 06:44:34
SUMMARY: Total: 0

Job        Pattern / Combination                LSF        DV Analysis        UVM_ERR   UVM_FATAL  Agent Action / Note
----------------------------------------------------------------------------------------------------------------------------------

ATTENTION
- none

NEXT ACTIONS
- Analyze DONE jobs whose DV result is still UNKNOWN/pending.
- Continue incremental monitoring of RUN jobs.
- Triage EXIT/FAIL jobs and rerun fixed patterns when ready.
[reconciliation_cycle] discover_live_jobs failed: bjobs not found on PATH: [WinError 2] 系統找不到指定的檔案。
DV Agent Harness L5 - Periodic Regression Snapshot
Snapshot Time: 2026-09-03 06:49:34
SUMMARY: Total: 0

Job        Pattern / Combination                LSF        DV Analysis        UVM_ERR   UVM_FATAL  Agent Action / Note
----------------------------------------------------------------------------------------------------------------------------------

ATTENTION
- none

NEXT ACTIONS
- Analyze DONE jobs whose DV result is still UNKNOWN/pending.
- Continue incremental monitoring of RUN jobs.
- Triage EXIT/FAIL jobs and rerun fixed patterns when ready.
[reconciliation_cycle] discover_live_jobs failed: bjobs not found on PATH: [WinError 2] 系統找不到指定的檔案。
DV Agent Harness L5 - Periodic Regression Snapshot
Snapshot Time: 2026-09-03 06:54:35
SUMMARY: Total: 0

Job        Pattern / Combination                LSF        DV Analysis        UVM_ERR   UVM_FATAL  Agent Action / Note
----------------------------------------------------------------------------------------------------------------------------------

ATTENTION
- none

NEXT ACTIONS
- Analyze DONE jobs whose DV result is still UNKNOWN/pending.
- Continue incremental monitoring of RUN jobs.
- Triage EXIT/FAIL jobs and rerun fixed patterns when ready.
[reconciliation_cycle] discover_live_jobs failed: bjobs not found on PATH: [WinError 2] 系統找不到指定的檔案。
DV Agent Harness L5 - Periodic Regression Snapshot
Snapshot Time: 2026-09-03 06:59:35
SUMMARY: Total: 0

Job        Pattern / Combination                LSF        DV Analysis        UVM_ERR   UVM_FATAL  Agent Action / Note
----------------------------------------------------------------------------------------------------------------------------------

ATTENTION
- none

NEXT ACTIONS
- Analyze DONE jobs whose DV result is still UNKNOWN/pending.
- Continue incremental monitoring of RUN jobs.
- Triage EXIT/FAIL jobs and rerun fixed patterns when ready.
[reconciliation_cycle] discover_live_jobs failed: bjobs not found on PATH: [WinError 2] 系統找不到指定的檔案。
DV Agent Harness L5 - Periodic Regression Snapshot
Snapshot Time: 2026-09-03 07:04:35
SUMMARY: Total: 0

Job        Pattern / Combination                LSF        DV Analysis        UVM_ERR   UVM_FATAL  Agent Action / Note
----------------------------------------------------------------------------------------------------------------------------------

ATTENTION
- none

NEXT ACTIONS
- Analyze DONE jobs whose DV result is still UNKNOWN/pending.
- Continue incremental monitoring of RUN jobs.
- Triage EXIT/FAIL jobs and rerun fixed patterns when ready.
[reconciliation_cycle] discover_live_jobs failed: bjobs not found on PATH: [WinError 2] 系統找不到指定的檔案。
DV Agent Harness L5 - Periodic Regression Snapshot
Snapshot Time: 2026-09-03 07:09:35
SUMMARY: Total: 0

Job        Pattern / Combination                LSF        DV Analysis        UVM_ERR   UVM_FATAL  Agent Action / Note
----------------------------------------------------------------------------------------------------------------------------------

ATTENTION
- none

NEXT ACTIONS
- Analyze DONE jobs whose DV result is still UNKNOWN/pending.
- Continue incremental monitoring of RUN jobs.
- Triage EXIT/FAIL jobs and rerun fixed patterns when ready.
[reconciliation_cycle] discover_live_jobs failed: bjobs not found on PATH: [WinError 2] 系統找不到指定的檔案。
DV Agent Harness L5 - Periodic Regression Snapshot
Snapshot Time: 2026-09-03 07:14:35
SUMMARY: Total: 0

Job        Pattern / Combination                LSF        DV Analysis        UVM_ERR   UVM_FATAL  Agent Action / Note
----------------------------------------------------------------------------------------------------------------------------------

ATTENTION
- none

NEXT ACTIONS
- Analyze DONE jobs whose DV result is still UNKNOWN/pending.
- Continue incremental monitoring of RUN jobs.
- Triage EXIT/FAIL jobs and rerun fixed patterns when ready.
[reconciliation_cycle] discover_live_jobs failed: bjobs not found on PATH: [WinError 2] 系統找不到指定的檔案。
DV Agent Harness L5 - Periodic Regression Snapshot
Snapshot Time: 2026-09-03 07:19:35
SUMMARY: Total: 0

Job        Pattern / Combination                LSF        DV Analysis        UVM_ERR   UVM_FATAL  Agent Action / Note
----------------------------------------------------------------------------------------------------------------------------------

ATTENTION
- none

NEXT ACTIONS
- Analyze DONE jobs whose DV result is still UNKNOWN/pending.
- Continue incremental monitoring of RUN jobs.
- Triage EXIT/FAIL jobs and rerun fixed patterns when ready.
[reconciliation_cycle] discover_live_jobs failed: bjobs not found on PATH: [WinError 2] 系統找不到指定的檔案。
DV Agent Harness L5 - Periodic Regression Snapshot
Snapshot Time: 2026-09-03 07:24:35
SUMMARY: Total: 0

Job        Pattern / Combination                LSF        DV Analysis        UVM_ERR   UVM_FATAL  Agent Action / Note
----------------------------------------------------------------------------------------------------------------------------------

ATTENTION
- none

NEXT ACTIONS
- Analyze DONE jobs whose DV result is still UNKNOWN/pending.
- Continue incremental monitoring of RUN jobs.
- Triage EXIT/FAIL jobs and rerun fixed patterns when ready.
[reconciliation_cycle] discover_live_jobs failed: bjobs not found on PATH: [WinError 2] 系統找不到指定的檔案。
DV Agent Harness L5 - Periodic Regression Snapshot
Snapshot Time: 2026-09-03 07:29:35
SUMMARY: Total: 0

Job        Pattern / Combination                LSF        DV Analysis        UVM_ERR   UVM_FATAL  Agent Action / Note
----------------------------------------------------------------------------------------------------------------------------------

ATTENTION
- none

NEXT ACTIONS
- Analyze DONE jobs whose DV result is still UNKNOWN/pending.
- Continue incremental monitoring of RUN jobs.
- Triage EXIT/FAIL jobs and rerun fixed patterns when ready.
[reconciliation_cycle] discover_live_jobs failed: bjobs not found on PATH: [WinError 2] 系統找不到指定的檔案。
DV Agent Harness L5 - Periodic Regression Snapshot
Snapshot Time: 2026-09-03 07:34:35
SUMMARY: Total: 0

Job        Pattern / Combination                LSF        DV Analysis        UVM_ERR   UVM_FATAL  Agent Action / Note
----------------------------------------------------------------------------------------------------------------------------------

ATTENTION
- none

NEXT ACTIONS
- Analyze DONE jobs whose DV result is still UNKNOWN/pending.
- Continue incremental monitoring of RUN jobs.
- Triage EXIT/FAIL jobs and rerun fixed patterns when ready.
[reconciliation_cycle] discover_live_jobs failed: bjobs not found on PATH: [WinError 2] 系統找不到指定的檔案。
DV Agent Harness L5 - Periodic Regression Snapshot
Snapshot Time: 2026-09-03 07:39:35
SUMMARY: Total: 0

Job        Pattern / Combination                LSF        DV Analysis        UVM_ERR   UVM_FATAL  Agent Action / Note
----------------------------------------------------------------------------------------------------------------------------------

ATTENTION
- none

NEXT ACTIONS
- Analyze DONE jobs whose DV result is still UNKNOWN/pending.
- Continue incremental monitoring of RUN jobs.
- Triage EXIT/FAIL jobs and rerun fixed patterns when ready.
[reconciliation_cycle] discover_live_jobs failed: bjobs not found on PATH: [WinError 2] 系統找不到指定的檔案。
DV Agent Harness L5 - Periodic Regression Snapshot
Snapshot Time: 2026-09-03 07:44:35
SUMMARY: Total: 0

Job        Pattern / Combination                LSF        DV Analysis        UVM_ERR   UVM_FATAL  Agent Action / Note
----------------------------------------------------------------------------------------------------------------------------------

ATTENTION
- none

NEXT ACTIONS
- Analyze DONE jobs whose DV result is still UNKNOWN/pending.
- Continue incremental monitoring of RUN jobs.
- Triage EXIT/FAIL jobs and rerun fixed patterns when ready.
[reconciliation_cycle] discover_live_jobs failed: bjobs not found on PATH: [WinError 2] 系統找不到指定的檔案。
DV Agent Harness L5 - Periodic Regression Snapshot
Snapshot Time: 2026-09-03 07:49:35
SUMMARY: Total: 0

Job        Pattern / Combination                LSF        DV Analysis        UVM_ERR   UVM_FATAL  Agent Action / Note
----------------------------------------------------------------------------------------------------------------------------------

ATTENTION
- none

NEXT ACTIONS
- Analyze DONE jobs whose DV result is still UNKNOWN/pending.
- Continue incremental monitoring of RUN jobs.
- Triage EXIT/FAIL jobs and rerun fixed patterns when ready.
[reconciliation_cycle] discover_live_jobs failed: bjobs not found on PATH: [WinError 2] 系統找不到指定的檔案。
DV Agent Harness L5 - Periodic Regression Snapshot
Snapshot Time: 2026-09-03 07:54:35
SUMMARY: Total: 0

Job        Pattern / Combination                LSF        DV Analysis        UVM_ERR   UVM_FATAL  Agent Action / Note
----------------------------------------------------------------------------------------------------------------------------------

ATTENTION
- none

NEXT ACTIONS
- Analyze DONE jobs whose DV result is still UNKNOWN/pending.
- Continue incremental monitoring of RUN jobs.
- Triage EXIT/FAIL jobs and rerun fixed patterns when ready.
[reconciliation_cycle] discover_live_jobs failed: bjobs not found on PATH: [WinError 2] 系統找不到指定的檔案。
DV Agent Harness L5 - Periodic Regression Snapshot
Snapshot Time: 2026-09-03 07:59:35
SUMMARY: Total: 0

Job        Pattern / Combination                LSF        DV Analysis        UVM_ERR   UVM_FATAL  Agent Action / Note
----------------------------------------------------------------------------------------------------------------------------------

ATTENTION
- none

NEXT ACTIONS
- Analyze DONE jobs whose DV result is still UNKNOWN/pending.
- Continue incremental monitoring of RUN jobs.
- Triage EXIT/FAIL jobs and rerun fixed patterns when ready.
[reconciliation_cycle] discover_live_jobs failed: bjobs not found on PATH: [WinError 2] 系統找不到指定的檔案。
DV Agent Harness L5 - Periodic Regression Snapshot
Snapshot Time: 2026-09-03 08:04:35
SUMMARY: Total: 0

Job        Pattern / Combination                LSF        DV Analysis        UVM_ERR   UVM_FATAL  Agent Action / Note
----------------------------------------------------------------------------------------------------------------------------------

ATTENTION
- none

NEXT ACTIONS
- Analyze DONE jobs whose DV result is still UNKNOWN/pending.
- Continue incremental monitoring of RUN jobs.
- Triage EXIT/FAIL jobs and rerun fixed patterns when ready.
[reconciliation_cycle] discover_live_jobs failed: bjobs not found on PATH: [WinError 2] 系統找不到指定的檔案。
DV Agent Harness L5 - Periodic Regression Snapshot
Snapshot Time: 2026-09-03 08:09:35
SUMMARY: Total: 0

Job        Pattern / Combination                LSF        DV Analysis        UVM_ERR   UVM_FATAL  Agent Action / Note
----------------------------------------------------------------------------------------------------------------------------------

ATTENTION
- none

NEXT ACTIONS
- Analyze DONE jobs whose DV result is still UNKNOWN/pending.
- Continue incremental monitoring of RUN jobs.
- Triage EXIT/FAIL jobs and rerun fixed patterns when ready.
[reconciliation_cycle] discover_live_jobs failed: bjobs not found on PATH: [WinError 2] 系統找不到指定的檔案。
DV Agent Harness L5 - Periodic Regression Snapshot
Snapshot Time: 2026-09-03 08:14:35
SUMMARY: Total: 0

Job        Pattern / Combination                LSF        DV Analysis        UVM_ERR   UVM_FATAL  Agent Action / Note
----------------------------------------------------------------------------------------------------------------------------------

ATTENTION
- none

NEXT ACTIONS
- Analyze DONE jobs whose DV result is still UNKNOWN/pending.
- Continue incremental monitoring of RUN jobs.
- Triage EXIT/FAIL jobs and rerun fixed patterns when ready.
[reconciliation_cycle] discover_live_jobs failed: bjobs not found on PATH: [WinError 2] 系統找不到指定的檔案。
DV Agent Harness L5 - Periodic Regression Snapshot
Snapshot Time: 2026-09-03 08:19:35
SUMMARY: Total: 0

Job        Pattern / Combination                LSF        DV Analysis        UVM_ERR   UVM_FATAL  Agent Action / Note
----------------------------------------------------------------------------------------------------------------------------------

ATTENTION
- none

NEXT ACTIONS
- Analyze DONE jobs whose DV result is still UNKNOWN/pending.
- Continue incremental monitoring of RUN jobs.
- Triage EXIT/FAIL jobs and rerun fixed patterns when ready.
[reconciliation_cycle] discover_live_jobs failed: bjobs not found on PATH: [WinError 2] 系統找不到指定的檔案。
DV Agent Harness L5 - Periodic Regression Snapshot
Snapshot Time: 2026-09-03 08:24:35
SUMMARY: Total: 0

Job        Pattern / Combination                LSF        DV Analysis        UVM_ERR   UVM_FATAL  Agent Action / Note
----------------------------------------------------------------------------------------------------------------------------------

ATTENTION
- none

NEXT ACTIONS
- Analyze DONE jobs whose DV result is still UNKNOWN/pending.
- Continue incremental monitoring of RUN jobs.
- Triage EXIT/FAIL jobs and rerun fixed patterns when ready.
[reconciliation_cycle] discover_live_jobs failed: bjobs not found on PATH: [WinError 2] 系統找不到指定的檔案。
DV Agent Harness L5 - Periodic Regression Snapshot
Snapshot Time: 2026-09-03 08:29:36
SUMMARY: Total: 0

Job        Pattern / Combination                LSF        DV Analysis        UVM_ERR   UVM_FATAL  Agent Action / Note
----------------------------------------------------------------------------------------------------------------------------------

ATTENTION
- none

NEXT ACTIONS
- Analyze DONE jobs whose DV result is still UNKNOWN/pending.
- Continue incremental monitoring of RUN jobs.
- Triage EXIT/FAIL jobs and rerun fixed patterns when ready.
[reconciliation_cycle] discover_live_jobs failed: bjobs not found on PATH: [WinError 2] 系統找不到指定的檔案。
DV Agent Harness L5 - Periodic Regression Snapshot
Snapshot Time: 2026-09-03 08:34:36
SUMMARY: Total: 0

Job        Pattern / Combination                LSF        DV Analysis        UVM_ERR   UVM_FATAL  Agent Action / Note
----------------------------------------------------------------------------------------------------------------------------------

ATTENTION
- none

NEXT ACTIONS
- Analyze DONE jobs whose DV result is still UNKNOWN/pending.
- Continue incremental monitoring of RUN jobs.
- Triage EXIT/FAIL jobs and rerun fixed patterns when ready.
[reconciliation_cycle] discover_live_jobs failed: bjobs not found on PATH: [WinError 2] 系統找不到指定的檔案。
DV Agent Harness L5 - Periodic Regression Snapshot
Snapshot Time: 2026-09-03 08:39:36
SUMMARY: Total: 0

Job        Pattern / Combination                LSF        DV Analysis        UVM_ERR   UVM_FATAL  Agent Action / Note
----------------------------------------------------------------------------------------------------------------------------------

ATTENTION
- none

NEXT ACTIONS
- Analyze DONE jobs whose DV result is still UNKNOWN/pending.
- Continue incremental monitoring of RUN jobs.
- Triage EXIT/FAIL jobs and rerun fixed patterns when ready.
[reconciliation_cycle] discover_live_jobs failed: bjobs not found on PATH: [WinError 2] 系統找不到指定的檔案。
DV Agent Harness L5 - Periodic Regression Snapshot
Snapshot Time: 2026-09-03 08:44:36
SUMMARY: Total: 0

Job        Pattern / Combination                LSF        DV Analysis        UVM_ERR   UVM_FATAL  Agent Action / Note
----------------------------------------------------------------------------------------------------------------------------------

ATTENTION
- none

NEXT ACTIONS
- Analyze DONE jobs whose DV result is still UNKNOWN/pending.
- Continue incremental monitoring of RUN jobs.
- Triage EXIT/FAIL jobs and rerun fixed patterns when ready.
[reconciliation_cycle] discover_live_jobs failed: bjobs not found on PATH: [WinError 2] 系統找不到指定的檔案。
DV Agent Harness L5 - Periodic Regression Snapshot
Snapshot Time: 2026-09-03 08:49:36
SUMMARY: Total: 0

Job        Pattern / Combination                LSF        DV Analysis        UVM_ERR   UVM_FATAL  Agent Action / Note
----------------------------------------------------------------------------------------------------------------------------------

ATTENTION
- none

NEXT ACTIONS
- Analyze DONE jobs whose DV result is still UNKNOWN/pending.
- Continue incremental monitoring of RUN jobs.
- Triage EXIT/FAIL jobs and rerun fixed patterns when ready.
[reconciliation_cycle] discover_live_jobs failed: bjobs not found on PATH: [WinError 2] 系統找不到指定的檔案。
DV Agent Harness L5 - Periodic Regression Snapshot
Snapshot Time: 2026-09-03 08:54:36
SUMMARY: Total: 0

Job        Pattern / Combination                LSF        DV Analysis        UVM_ERR   UVM_FATAL  Agent Action / Note
----------------------------------------------------------------------------------------------------------------------------------

ATTENTION
- none

NEXT ACTIONS
- Analyze DONE jobs whose DV result is still UNKNOWN/pending.
- Continue incremental monitoring of RUN jobs.
- Triage EXIT/FAIL jobs and rerun fixed patterns when ready.
[reconciliation_cycle] discover_live_jobs failed: bjobs not found on PATH: [WinError 2] 系統找不到指定的檔案。
DV Agent Harness L5 - Periodic Regression Snapshot
Snapshot Time: 2026-09-03 08:59:36
SUMMARY: Total: 0

Job        Pattern / Combination                LSF        DV Analysis        UVM_ERR   UVM_FATAL  Agent Action / Note
----------------------------------------------------------------------------------------------------------------------------------

ATTENTION
- none

NEXT ACTIONS
- Analyze DONE jobs whose DV result is still UNKNOWN/pending.
- Continue incremental monitoring of RUN jobs.
- Triage EXIT/FAIL jobs and rerun fixed patterns when ready.
[reconciliation_cycle] discover_live_jobs failed: bjobs not found on PATH: [WinError 2] 系統找不到指定的檔案。
DV Agent Harness L5 - Periodic Regression Snapshot
Snapshot Time: 2026-09-03 09:04:36
SUMMARY: Total: 0

Job        Pattern / Combination                LSF        DV Analysis        UVM_ERR   UVM_FATAL  Agent Action / Note
----------------------------------------------------------------------------------------------------------------------------------

ATTENTION
- none

NEXT ACTIONS
- Analyze DONE jobs whose DV result is still UNKNOWN/pending.
- Continue incremental monitoring of RUN jobs.
- Triage EXIT/FAIL jobs and rerun fixed patterns when ready.
[reconciliation_cycle] discover_live_jobs failed: bjobs not found on PATH: [WinError 2] 系統找不到指定的檔案。
DV Agent Harness L5 - Periodic Regression Snapshot
Snapshot Time: 2026-09-03 09:09:36
SUMMARY: Total: 0

Job        Pattern / Combination                LSF        DV Analysis        UVM_ERR   UVM_FATAL  Agent Action / Note
----------------------------------------------------------------------------------------------------------------------------------

ATTENTION
- none

NEXT ACTIONS
- Analyze DONE jobs whose DV result is still UNKNOWN/pending.
- Continue incremental monitoring of RUN jobs.
- Triage EXIT/FAIL jobs and rerun fixed patterns when ready.
[reconciliation_cycle] discover_live_jobs failed: bjobs not found on PATH: [WinError 2] 系統找不到指定的檔案。
DV Agent Harness L5 - Periodic Regression Snapshot
Snapshot Time: 2026-09-03 09:14:36
SUMMARY: Total: 0

Job        Pattern / Combination                LSF        DV Analysis        UVM_ERR   UVM_FATAL  Agent Action / Note
----------------------------------------------------------------------------------------------------------------------------------

ATTENTION
- none

NEXT ACTIONS
- Analyze DONE jobs whose DV result is still UNKNOWN/pending.
- Continue incremental monitoring of RUN jobs.
- Triage EXIT/FAIL jobs and rerun fixed patterns when ready.
[reconciliation_cycle] discover_live_jobs failed: bjobs not found on PATH: [WinError 2] 系統找不到指定的檔案。
DV Agent Harness L5 - Periodic Regression Snapshot
Snapshot Time: 2026-09-03 09:19:36
SUMMARY: Total: 0

Job        Pattern / Combination                LSF        DV Analysis        UVM_ERR   UVM_FATAL  Agent Action / Note
----------------------------------------------------------------------------------------------------------------------------------

ATTENTION
- none

NEXT ACTIONS
- Analyze DONE jobs whose DV result is still UNKNOWN/pending.
- Continue incremental monitoring of RUN jobs.
- Triage EXIT/FAIL jobs and rerun fixed patterns when ready.
[reconciliation_cycle] discover_live_jobs failed: bjobs not found on PATH: [WinError 2] 系統找不到指定的檔案。
DV Agent Harness L5 - Periodic Regression Snapshot
Snapshot Time: 2026-09-03 09:24:36
SUMMARY: Total: 0

Job        Pattern / Combination                LSF        DV Analysis        UVM_ERR   UVM_FATAL  Agent Action / Note
----------------------------------------------------------------------------------------------------------------------------------

ATTENTION
- none

NEXT ACTIONS
- Analyze DONE jobs whose DV result is still UNKNOWN/pending.
- Continue incremental monitoring of RUN jobs.
- Triage EXIT/FAIL jobs and rerun fixed patterns when ready.
[reconciliation_cycle] discover_live_jobs failed: bjobs not found on PATH: [WinError 2] 系統找不到指定的檔案。
DV Agent Harness L5 - Periodic Regression Snapshot
Snapshot Time: 2026-09-03 09:29:36
SUMMARY: Total: 0

Job        Pattern / Combination                LSF        DV Analysis        UVM_ERR   UVM_FATAL  Agent Action / Note
----------------------------------------------------------------------------------------------------------------------------------

ATTENTION
- none

NEXT ACTIONS
- Analyze DONE jobs whose DV result is still UNKNOWN/pending.
- Continue incremental monitoring of RUN jobs.
- Triage EXIT/FAIL jobs and rerun fixed patterns when ready.
[reconciliation_cycle] discover_live_jobs failed: bjobs not found on PATH: [WinError 2] 系統找不到指定的檔案。
DV Agent Harness L5 - Periodic Regression Snapshot
Snapshot Time: 2026-09-03 09:34:36
SUMMARY: Total: 0

Job        Pattern / Combination                LSF        DV Analysis        UVM_ERR   UVM_FATAL  Agent Action / Note
----------------------------------------------------------------------------------------------------------------------------------

ATTENTION
- none

NEXT ACTIONS
- Analyze DONE jobs whose DV result is still UNKNOWN/pending.
- Continue incremental monitoring of RUN jobs.
- Triage EXIT/FAIL jobs and rerun fixed patterns when ready.
[reconciliation_cycle] discover_live_jobs failed: bjobs not found on PATH: [WinError 2] 系統找不到指定的檔案。
DV Agent Harness L5 - Periodic Regression Snapshot
Snapshot Time: 2026-09-03 09:39:36
SUMMARY: Total: 0

Job        Pattern / Combination                LSF        DV Analysis        UVM_ERR   UVM_FATAL  Agent Action / Note
----------------------------------------------------------------------------------------------------------------------------------

ATTENTION
- none

NEXT ACTIONS
- Analyze DONE jobs whose DV result is still UNKNOWN/pending.
- Continue incremental monitoring of RUN jobs.
- Triage EXIT/FAIL jobs and rerun fixed patterns when ready.
[reconciliation_cycle] discover_live_jobs failed: bjobs not found on PATH: [WinError 2] 系統找不到指定的檔案。
DV Agent Harness L5 - Periodic Regression Snapshot
Snapshot Time: 2026-09-03 09:44:36
SUMMARY: Total: 0

Job        Pattern / Combination                LSF        DV Analysis        UVM_ERR   UVM_FATAL  Agent Action / Note
----------------------------------------------------------------------------------------------------------------------------------

ATTENTION
- none

NEXT ACTIONS
- Analyze DONE jobs whose DV result is still UNKNOWN/pending.
- Continue incremental monitoring of RUN jobs.
- Triage EXIT/FAIL jobs and rerun fixed patterns when ready.
[reconciliation_cycle] discover_live_jobs failed: bjobs not found on PATH: [WinError 2] 系統找不到指定的檔案。
DV Agent Harness L5 - Periodic Regression Snapshot
Snapshot Time: 2026-09-03 09:49:36
SUMMARY: Total: 0

Job        Pattern / Combination                LSF        DV Analysis        UVM_ERR   UVM_FATAL  Agent Action / Note
----------------------------------------------------------------------------------------------------------------------------------

ATTENTION
- none

NEXT ACTIONS
- Analyze DONE jobs whose DV result is still UNKNOWN/pending.
- Continue incremental monitoring of RUN jobs.
- Triage EXIT/FAIL jobs and rerun fixed patterns when ready.
[reconciliation_cycle] discover_live_jobs failed: bjobs not found on PATH: [WinError 2] 系統找不到指定的檔案。
DV Agent Harness L5 - Periodic Regression Snapshot
Snapshot Time: 2026-09-03 09:54:36
SUMMARY: Total: 0

Job        Pattern / Combination                LSF        DV Analysis        UVM_ERR   UVM_FATAL  Agent Action / Note
----------------------------------------------------------------------------------------------------------------------------------

ATTENTION
- none

NEXT ACTIONS
- Analyze DONE jobs whose DV result is still UNKNOWN/pending.
- Continue incremental monitoring of RUN jobs.
- Triage EXIT/FAIL jobs and rerun fixed patterns when ready.
[reconciliation_cycle] discover_live_jobs failed: bjobs not found on PATH: [WinError 2] 系統找不到指定的檔案。
DV Agent Harness L5 - Periodic Regression Snapshot
Snapshot Time: 2026-09-03 09:59:36
SUMMARY: Total: 0

Job        Pattern / Combination                LSF        DV Analysis        UVM_ERR   UVM_FATAL  Agent Action / Note
----------------------------------------------------------------------------------------------------------------------------------

ATTENTION
- none

NEXT ACTIONS
- Analyze DONE jobs whose DV result is still UNKNOWN/pending.
- Continue incremental monitoring of RUN jobs.
- Triage EXIT/FAIL jobs and rerun fixed patterns when ready.
[reconciliation_cycle] discover_live_jobs failed: bjobs not found on PATH: [WinError 2] 系統找不到指定的檔案。
DV Agent Harness L5 - Periodic Regression Snapshot
Snapshot Time: 2026-09-03 10:04:36
SUMMARY: Total: 0

Job        Pattern / Combination                LSF        DV Analysis        UVM_ERR   UVM_FATAL  Agent Action / Note
----------------------------------------------------------------------------------------------------------------------------------

ATTENTION
- none

NEXT ACTIONS
- Analyze DONE jobs whose DV result is still UNKNOWN/pending.
- Continue incremental monitoring of RUN jobs.
- Triage EXIT/FAIL jobs and rerun fixed patterns when ready.
[reconciliation_cycle] discover_live_jobs failed: bjobs not found on PATH: [WinError 2] 系統找不到指定的檔案。
DV Agent Harness L5 - Periodic Regression Snapshot
Snapshot Time: 2026-09-03 10:09:36
SUMMARY: Total: 0

Job        Pattern / Combination                LSF        DV Analysis        UVM_ERR   UVM_FATAL  Agent Action / Note
----------------------------------------------------------------------------------------------------------------------------------

ATTENTION
- none

NEXT ACTIONS
- Analyze DONE jobs whose DV result is still UNKNOWN/pending.
- Continue incremental monitoring of RUN jobs.
- Triage EXIT/FAIL jobs and rerun fixed patterns when ready.
[reconciliation_cycle] discover_live_jobs failed: bjobs not found on PATH: [WinError 2] 系統找不到指定的檔案。
DV Agent Harness L5 - Periodic Regression Snapshot
Snapshot Time: 2026-09-03 10:14:36
SUMMARY: Total: 0

Job        Pattern / Combination                LSF        DV Analysis        UVM_ERR   UVM_FATAL  Agent Action / Note
----------------------------------------------------------------------------------------------------------------------------------

ATTENTION
- none

NEXT ACTIONS
- Analyze DONE jobs whose DV result is still UNKNOWN/pending.
- Continue incremental monitoring of RUN jobs.
- Triage EXIT/FAIL jobs and rerun fixed patterns when ready.
[reconciliation_cycle] discover_live_jobs failed: bjobs not found on PATH: [WinError 2] 系統找不到指定的檔案。
DV Agent Harness L5 - Periodic Regression Snapshot
Snapshot Time: 2026-09-03 10:19:36
SUMMARY: Total: 0

Job        Pattern / Combination                LSF        DV Analysis        UVM_ERR   UVM_FATAL  Agent Action / Note
----------------------------------------------------------------------------------------------------------------------------------

ATTENTION
- none

NEXT ACTIONS
- Analyze DONE jobs whose DV result is still UNKNOWN/pending.
- Continue incremental monitoring of RUN jobs.
- Triage EXIT/FAIL jobs and rerun fixed patterns when ready.
[reconciliation_cycle] discover_live_jobs failed: bjobs not found on PATH: [WinError 2] 系統找不到指定的檔案。
DV Agent Harness L5 - Periodic Regression Snapshot
Snapshot Time: 2026-09-03 10:24:36
SUMMARY: Total: 0

Job        Pattern / Combination                LSF        DV Analysis        UVM_ERR   UVM_FATAL  Agent Action / Note
----------------------------------------------------------------------------------------------------------------------------------

ATTENTION
- none

NEXT ACTIONS
- Analyze DONE jobs whose DV result is still UNKNOWN/pending.
- Continue incremental monitoring of RUN jobs.
- Triage EXIT/FAIL jobs and rerun fixed patterns when ready.
[reconciliation_cycle] discover_live_jobs failed: bjobs not found on PATH: [WinError 2] 系統找不到指定的檔案。
DV Agent Harness L5 - Periodic Regression Snapshot
Snapshot Time: 2026-09-03 10:29:36
SUMMARY: Total: 0

Job        Pattern / Combination                LSF        DV Analysis        UVM_ERR   UVM_FATAL  Agent Action / Note
----------------------------------------------------------------------------------------------------------------------------------

ATTENTION
- none

NEXT ACTIONS
- Analyze DONE jobs whose DV result is still UNKNOWN/pending.
- Continue incremental monitoring of RUN jobs.
- Triage EXIT/FAIL jobs and rerun fixed patterns when ready.
[reconciliation_cycle] discover_live_jobs failed: bjobs not found on PATH: [WinError 2] 系統找不到指定的檔案。
DV Agent Harness L5 - Periodic Regression Snapshot
Snapshot Time: 2026-09-03 10:34:36
SUMMARY: Total: 0

Job        Pattern / Combination                LSF        DV Analysis        UVM_ERR   UVM_FATAL  Agent Action / Note
----------------------------------------------------------------------------------------------------------------------------------

ATTENTION
- none

NEXT ACTIONS
- Analyze DONE jobs whose DV result is still UNKNOWN/pending.
- Continue incremental monitoring of RUN jobs.
- Triage EXIT/FAIL jobs and rerun fixed patterns when ready.
[reconciliation_cycle] discover_live_jobs failed: bjobs not found on PATH: [WinError 2] 系統找不到指定的檔案。
DV Agent Harness L5 - Periodic Regression Snapshot
Snapshot Time: 2026-09-03 10:39:36
SUMMARY: Total: 0

Job        Pattern / Combination                LSF        DV Analysis        UVM_ERR   UVM_FATAL  Agent Action / Note
----------------------------------------------------------------------------------------------------------------------------------

ATTENTION
- none

NEXT ACTIONS
- Analyze DONE jobs whose DV result is still UNKNOWN/pending.
- Continue incremental monitoring of RUN jobs.
- Triage EXIT/FAIL jobs and rerun fixed patterns when ready.
[reconciliation_cycle] discover_live_jobs failed: bjobs not found on PATH: [WinError 2] 系統找不到指定的檔案。
DV Agent Harness L5 - Periodic Regression Snapshot
Snapshot Time: 2026-09-03 10:44:36
SUMMARY: Total: 0

Job        Pattern / Combination                LSF        DV Analysis        UVM_ERR   UVM_FATAL  Agent Action / Note
----------------------------------------------------------------------------------------------------------------------------------

ATTENTION
- none

NEXT ACTIONS
- Analyze DONE jobs whose DV result is still UNKNOWN/pending.
- Continue incremental monitoring of RUN jobs.
- Triage EXIT/FAIL jobs and rerun fixed patterns when ready.
[reconciliation_cycle] discover_live_jobs failed: bjobs not found on PATH: [WinError 2] 系統找不到指定的檔案。
DV Agent Harness L5 - Periodic Regression Snapshot
Snapshot Time: 2026-09-03 10:49:36
SUMMARY: Total: 0

Job        Pattern / Combination                LSF        DV Analysis        UVM_ERR   UVM_FATAL  Agent Action / Note
----------------------------------------------------------------------------------------------------------------------------------

ATTENTION
- none

NEXT ACTIONS
- Analyze DONE jobs whose DV result is still UNKNOWN/pending.
- Continue incremental monitoring of RUN jobs.
- Triage EXIT/FAIL jobs and rerun fixed patterns when ready.
[reconciliation_cycle] discover_live_jobs failed: bjobs not found on PATH: [WinError 2] 系統找不到指定的檔案。
DV Agent Harness L5 - Periodic Regression Snapshot
Snapshot Time: 2026-09-03 10:54:36
SUMMARY: Total: 0

Job        Pattern / Combination                LSF        DV Analysis        UVM_ERR   UVM_FATAL  Agent Action / Note
----------------------------------------------------------------------------------------------------------------------------------

ATTENTION
- none

NEXT ACTIONS
- Analyze DONE jobs whose DV result is still UNKNOWN/pending.
- Continue incremental monitoring of RUN jobs.
- Triage EXIT/FAIL jobs and rerun fixed patterns when ready.
[reconciliation_cycle] discover_live_jobs failed: bjobs not found on PATH: [WinError 2] 系統找不到指定的檔案。
DV Agent Harness L5 - Periodic Regression Snapshot
Snapshot Time: 2026-09-03 10:59:37
SUMMARY: Total: 0

Job        Pattern / Combination                LSF        DV Analysis        UVM_ERR   UVM_FATAL  Agent Action / Note
----------------------------------------------------------------------------------------------------------------------------------

ATTENTION
- none

NEXT ACTIONS
- Analyze DONE jobs whose DV result is still UNKNOWN/pending.
- Continue incremental monitoring of RUN jobs.
- Triage EXIT/FAIL jobs and rerun fixed patterns when ready.
[reconciliation_cycle] discover_live_jobs failed: bjobs not found on PATH: [WinError 2] 系統找不到指定的檔案。
DV Agent Harness L5 - Periodic Regression Snapshot
Snapshot Time: 2026-09-03 11:04:37
SUMMARY: Total: 0

Job        Pattern / Combination                LSF        DV Analysis        UVM_ERR   UVM_FATAL  Agent Action / Note
----------------------------------------------------------------------------------------------------------------------------------

ATTENTION
- none

NEXT ACTIONS
- Analyze DONE jobs whose DV result is still UNKNOWN/pending.
- Continue incremental monitoring of RUN jobs.
- Triage EXIT/FAIL jobs and rerun fixed patterns when ready.
[reconciliation_cycle] discover_live_jobs failed: bjobs not found on PATH: [WinError 2] 系統找不到指定的檔案。
DV Agent Harness L5 - Periodic Regression Snapshot
Snapshot Time: 2026-09-03 11:09:37
SUMMARY: Total: 0

Job        Pattern / Combination                LSF        DV Analysis        UVM_ERR   UVM_FATAL  Agent Action / Note
----------------------------------------------------------------------------------------------------------------------------------

ATTENTION
- none

NEXT ACTIONS
- Analyze DONE jobs whose DV result is still UNKNOWN/pending.
- Continue incremental monitoring of RUN jobs.
- Triage EXIT/FAIL jobs and rerun fixed patterns when ready.
[reconciliation_cycle] discover_live_jobs failed: bjobs not found on PATH: [WinError 2] 系統找不到指定的檔案。
DV Agent Harness L5 - Periodic Regression Snapshot
Snapshot Time: 2026-09-03 11:14:37
SUMMARY: Total: 0

Job        Pattern / Combination                LSF        DV Analysis        UVM_ERR   UVM_FATAL  Agent Action / Note
----------------------------------------------------------------------------------------------------------------------------------

ATTENTION
- none

NEXT ACTIONS
- Analyze DONE jobs whose DV result is still UNKNOWN/pending.
- Continue incremental monitoring of RUN jobs.
- Triage EXIT/FAIL jobs and rerun fixed patterns when ready.
[reconciliation_cycle] discover_live_jobs failed: bjobs not found on PATH: [WinError 2] 系統找不到指定的檔案。
DV Agent Harness L5 - Periodic Regression Snapshot
Snapshot Time: 2026-09-03 11:19:37
SUMMARY: Total: 0

Job        Pattern / Combination                LSF        DV Analysis        UVM_ERR   UVM_FATAL  Agent Action / Note
----------------------------------------------------------------------------------------------------------------------------------

ATTENTION
- none

NEXT ACTIONS
- Analyze DONE jobs whose DV result is still UNKNOWN/pending.
- Continue incremental monitoring of RUN jobs.
- Triage EXIT/FAIL jobs and rerun fixed patterns when ready.
[reconciliation_cycle] discover_live_jobs failed: bjobs not found on PATH: [WinError 2] 系統找不到指定的檔案。
DV Agent Harness L5 - Periodic Regression Snapshot
Snapshot Time: 2026-09-03 11:24:37
SUMMARY: Total: 0

Job        Pattern / Combination                LSF        DV Analysis        UVM_ERR   UVM_FATAL  Agent Action / Note
----------------------------------------------------------------------------------------------------------------------------------

ATTENTION
- none

NEXT ACTIONS
- Analyze DONE jobs whose DV result is still UNKNOWN/pending.
- Continue incremental monitoring of RUN jobs.
- Triage EXIT/FAIL jobs and rerun fixed patterns when ready.
[reconciliation_cycle] discover_live_jobs failed: bjobs not found on PATH: [WinError 2] 系統找不到指定的檔案。
DV Agent Harness L5 - Periodic Regression Snapshot
Snapshot Time: 2026-09-03 11:29:37
SUMMARY: Total: 0

Job        Pattern / Combination                LSF        DV Analysis        UVM_ERR   UVM_FATAL  Agent Action / Note
----------------------------------------------------------------------------------------------------------------------------------

ATTENTION
- none

NEXT ACTIONS
- Analyze DONE jobs whose DV result is still UNKNOWN/pending.
- Continue incremental monitoring of RUN jobs.
- Triage EXIT/FAIL jobs and rerun fixed patterns when ready.
[reconciliation_cycle] discover_live_jobs failed: bjobs not found on PATH: [WinError 2] 系統找不到指定的檔案。
DV Agent Harness L5 - Periodic Regression Snapshot
Snapshot Time: 2026-09-03 11:34:37
SUMMARY: Total: 0

Job        Pattern / Combination                LSF        DV Analysis        UVM_ERR   UVM_FATAL  Agent Action / Note
----------------------------------------------------------------------------------------------------------------------------------

ATTENTION
- none

NEXT ACTIONS
- Analyze DONE jobs whose DV result is still UNKNOWN/pending.
- Continue incremental monitoring of RUN jobs.
- Triage EXIT/FAIL jobs and rerun fixed patterns when ready.
[reconciliation_cycle] discover_live_jobs failed: bjobs not found on PATH: [WinError 2] 系統找不到指定的檔案。
DV Agent Harness L5 - Periodic Regression Snapshot
Snapshot Time: 2026-09-03 11:39:37
SUMMARY: Total: 0

Job        Pattern / Combination                LSF        DV Analysis        UVM_ERR   UVM_FATAL  Agent Action / Note
----------------------------------------------------------------------------------------------------------------------------------

ATTENTION
- none

NEXT ACTIONS
- Analyze DONE jobs whose DV result is still UNKNOWN/pending.
- Continue incremental monitoring of RUN jobs.
- Triage EXIT/FAIL jobs and rerun fixed patterns when ready.
[reconciliation_cycle] discover_live_jobs failed: bjobs not found on PATH: [WinError 2] 系統找不到指定的檔案。
DV Agent Harness L5 - Periodic Regression Snapshot
Snapshot Time: 2026-09-03 11:44:37
SUMMARY: Total: 0

Job        Pattern / Combination                LSF        DV Analysis        UVM_ERR   UVM_FATAL  Agent Action / Note
----------------------------------------------------------------------------------------------------------------------------------

ATTENTION
- none

NEXT ACTIONS
- Analyze DONE jobs whose DV result is still UNKNOWN/pending.
- Continue incremental monitoring of RUN jobs.
- Triage EXIT/FAIL jobs and rerun fixed patterns when ready.
[reconciliation_cycle] discover_live_jobs failed: bjobs not found on PATH: [WinError 2] 系統找不到指定的檔案。
DV Agent Harness L5 - Periodic Regression Snapshot
Snapshot Time: 2026-09-03 11:49:37
SUMMARY: Total: 0

Job        Pattern / Combination                LSF        DV Analysis        UVM_ERR   UVM_FATAL  Agent Action / Note
----------------------------------------------------------------------------------------------------------------------------------

ATTENTION
- none

NEXT ACTIONS
- Analyze DONE jobs whose DV result is still UNKNOWN/pending.
- Continue incremental monitoring of RUN jobs.
- Triage EXIT/FAIL jobs and rerun fixed patterns when ready.
[reconciliation_cycle] discover_live_jobs failed: bjobs not found on PATH: [WinError 2] 系統找不到指定的檔案。
DV Agent Harness L5 - Periodic Regression Snapshot
Snapshot Time: 2026-09-03 11:54:37
SUMMARY: Total: 0

Job        Pattern / Combination                LSF        DV Analysis        UVM_ERR   UVM_FATAL  Agent Action / Note
----------------------------------------------------------------------------------------------------------------------------------

ATTENTION
- none

NEXT ACTIONS
- Analyze DONE jobs whose DV result is still UNKNOWN/pending.
- Continue incremental monitoring of RUN jobs.
- Triage EXIT/FAIL jobs and rerun fixed patterns when ready.
[reconciliation_cycle] discover_live_jobs failed: bjobs not found on PATH: [WinError 2] 系統找不到指定的檔案。
DV Agent Harness L5 - Periodic Regression Snapshot
Snapshot Time: 2026-09-03 11:59:37
SUMMARY: Total: 0

Job        Pattern / Combination                LSF        DV Analysis        UVM_ERR   UVM_FATAL  Agent Action / Note
----------------------------------------------------------------------------------------------------------------------------------

ATTENTION
- none

NEXT ACTIONS
- Analyze DONE jobs whose DV result is still UNKNOWN/pending.
- Continue incremental monitoring of RUN jobs.
- Triage EXIT/FAIL jobs and rerun fixed patterns when ready.
[reconciliation_cycle] discover_live_jobs failed: bjobs not found on PATH: [WinError 2] 系統找不到指定的檔案。
DV Agent Harness L5 - Periodic Regression Snapshot
Snapshot Time: 2026-09-03 12:04:37
SUMMARY: Total: 0

Job        Pattern / Combination                LSF        DV Analysis        UVM_ERR   UVM_FATAL  Agent Action / Note
----------------------------------------------------------------------------------------------------------------------------------

ATTENTION
- none

NEXT ACTIONS
- Analyze DONE jobs whose DV result is still UNKNOWN/pending.
- Continue incremental monitoring of RUN jobs.
- Triage EXIT/FAIL jobs and rerun fixed patterns when ready.
[reconciliation_cycle] discover_live_jobs failed: bjobs not found on PATH: [WinError 2] 系統找不到指定的檔案。
DV Agent Harness L5 - Periodic Regression Snapshot
Snapshot Time: 2026-09-03 12:09:37
SUMMARY: Total: 0

Job        Pattern / Combination                LSF        DV Analysis        UVM_ERR   UVM_FATAL  Agent Action / Note
----------------------------------------------------------------------------------------------------------------------------------

ATTENTION
- none

NEXT ACTIONS
- Analyze DONE jobs whose DV result is still UNKNOWN/pending.
- Continue incremental monitoring of RUN jobs.
- Triage EXIT/FAIL jobs and rerun fixed patterns when ready.
[reconciliation_cycle] discover_live_jobs failed: bjobs not found on PATH: [WinError 2] 系統找不到指定的檔案。
DV Agent Harness L5 - Periodic Regression Snapshot
Snapshot Time: 2026-09-03 12:14:37
SUMMARY: Total: 0

Job        Pattern / Combination                LSF        DV Analysis        UVM_ERR   UVM_FATAL  Agent Action / Note
----------------------------------------------------------------------------------------------------------------------------------

ATTENTION
- none

NEXT ACTIONS
- Analyze DONE jobs whose DV result is still UNKNOWN/pending.
- Continue incremental monitoring of RUN jobs.
- Triage EXIT/FAIL jobs and rerun fixed patterns when ready.
[reconciliation_cycle] discover_live_jobs failed: bjobs not found on PATH: [WinError 2] 系統找不到指定的檔案。
DV Agent Harness L5 - Periodic Regression Snapshot
Snapshot Time: 2026-09-03 12:19:37
SUMMARY: Total: 0

Job        Pattern / Combination                LSF        DV Analysis        UVM_ERR   UVM_FATAL  Agent Action / Note
----------------------------------------------------------------------------------------------------------------------------------

ATTENTION
- none

NEXT ACTIONS
- Analyze DONE jobs whose DV result is still UNKNOWN/pending.
- Continue incremental monitoring of RUN jobs.
- Triage EXIT/FAIL jobs and rerun fixed patterns when ready.
[reconciliation_cycle] discover_live_jobs failed: bjobs not found on PATH: [WinError 2] 系統找不到指定的檔案。
DV Agent Harness L5 - Periodic Regression Snapshot
Snapshot Time: 2026-09-03 12:24:37
SUMMARY: Total: 0

Job        Pattern / Combination                LSF        DV Analysis        UVM_ERR   UVM_FATAL  Agent Action / Note
----------------------------------------------------------------------------------------------------------------------------------

ATTENTION
- none

NEXT ACTIONS
- Analyze DONE jobs whose DV result is still UNKNOWN/pending.
- Continue incremental monitoring of RUN jobs.
- Triage EXIT/FAIL jobs and rerun fixed patterns when ready.
[reconciliation_cycle] discover_live_jobs failed: bjobs not found on PATH: [WinError 2] 系統找不到指定的檔案。
DV Agent Harness L5 - Periodic Regression Snapshot
Snapshot Time: 2026-09-03 12:29:37
SUMMARY: Total: 0

Job        Pattern / Combination                LSF        DV Analysis        UVM_ERR   UVM_FATAL  Agent Action / Note
----------------------------------------------------------------------------------------------------------------------------------

ATTENTION
- none

NEXT ACTIONS
- Analyze DONE jobs whose DV result is still UNKNOWN/pending.
- Continue incremental monitoring of RUN jobs.
- Triage EXIT/FAIL jobs and rerun fixed patterns when ready.
[reconciliation_cycle] discover_live_jobs failed: bjobs not found on PATH: [WinError 2] 系統找不到指定的檔案。
DV Agent Harness L5 - Periodic Regression Snapshot
Snapshot Time: 2026-09-03 12:34:37
SUMMARY: Total: 0

Job        Pattern / Combination                LSF        DV Analysis        UVM_ERR   UVM_FATAL  Agent Action / Note
----------------------------------------------------------------------------------------------------------------------------------

ATTENTION
- none

NEXT ACTIONS
- Analyze DONE jobs whose DV result is still UNKNOWN/pending.
- Continue incremental monitoring of RUN jobs.
- Triage EXIT/FAIL jobs and rerun fixed patterns when ready.
[reconciliation_cycle] discover_live_jobs failed: bjobs not found on PATH: [WinError 2] 系統找不到指定的檔案。
DV Agent Harness L5 - Periodic Regression Snapshot
Snapshot Time: 2026-09-03 12:39:37
SUMMARY: Total: 0

Job        Pattern / Combination                LSF        DV Analysis        UVM_ERR   UVM_FATAL  Agent Action / Note
----------------------------------------------------------------------------------------------------------------------------------

ATTENTION
- none

NEXT ACTIONS
- Analyze DONE jobs whose DV result is still UNKNOWN/pending.
- Continue incremental monitoring of RUN jobs.
- Triage EXIT/FAIL jobs and rerun fixed patterns when ready.
[reconciliation_cycle] discover_live_jobs failed: bjobs not found on PATH: [WinError 2] 系統找不到指定的檔案。
DV Agent Harness L5 - Periodic Regression Snapshot
Snapshot Time: 2026-09-03 12:44:37
SUMMARY: Total: 0

Job        Pattern / Combination                LSF        DV Analysis        UVM_ERR   UVM_FATAL  Agent Action / Note
----------------------------------------------------------------------------------------------------------------------------------

ATTENTION
- none

NEXT ACTIONS
- Analyze DONE jobs whose DV result is still UNKNOWN/pending.
- Continue incremental monitoring of RUN jobs.
- Triage EXIT/FAIL jobs and rerun fixed patterns when ready.
[reconciliation_cycle] discover_live_jobs failed: bjobs not found on PATH: [WinError 2] 系統找不到指定的檔案。
DV Agent Harness L5 - Periodic Regression Snapshot
Snapshot Time: 2026-09-03 12:49:37
SUMMARY: Total: 0

Job        Pattern / Combination                LSF        DV Analysis        UVM_ERR   UVM_FATAL  Agent Action / Note
----------------------------------------------------------------------------------------------------------------------------------

ATTENTION
- none

NEXT ACTIONS
- Analyze DONE jobs whose DV result is still UNKNOWN/pending.
- Continue incremental monitoring of RUN jobs.
- Triage EXIT/FAIL jobs and rerun fixed patterns when ready.
[reconciliation_cycle] discover_live_jobs failed: bjobs not found on PATH: [WinError 2] 系統找不到指定的檔案。
DV Agent Harness L5 - Periodic Regression Snapshot
Snapshot Time: 2026-09-03 12:54:37
SUMMARY: Total: 0

Job        Pattern / Combination                LSF        DV Analysis        UVM_ERR   UVM_FATAL  Agent Action / Note
----------------------------------------------------------------------------------------------------------------------------------

ATTENTION
- none

NEXT ACTIONS
- Analyze DONE jobs whose DV result is still UNKNOWN/pending.
- Continue incremental monitoring of RUN jobs.
- Triage EXIT/FAIL jobs and rerun fixed patterns when ready.
[reconciliation_cycle] discover_live_jobs failed: bjobs not found on PATH: [WinError 2] 系統找不到指定的檔案。
DV Agent Harness L5 - Periodic Regression Snapshot
Snapshot Time: 2026-09-03 12:59:37
SUMMARY: Total: 0

Job        Pattern / Combination                LSF        DV Analysis        UVM_ERR   UVM_FATAL  Agent Action / Note
----------------------------------------------------------------------------------------------------------------------------------

ATTENTION
- none

NEXT ACTIONS
- Analyze DONE jobs whose DV result is still UNKNOWN/pending.
- Continue incremental monitoring of RUN jobs.
- Triage EXIT/FAIL jobs and rerun fixed patterns when ready.
[reconciliation_cycle] discover_live_jobs failed: bjobs not found on PATH: [WinError 2] 系統找不到指定的檔案。
DV Agent Harness L5 - Periodic Regression Snapshot
Snapshot Time: 2026-09-03 13:04:37
SUMMARY: Total: 0

Job        Pattern / Combination                LSF        DV Analysis        UVM_ERR   UVM_FATAL  Agent Action / Note
----------------------------------------------------------------------------------------------------------------------------------

ATTENTION
- none

NEXT ACTIONS
- Analyze DONE jobs whose DV result is still UNKNOWN/pending.
- Continue incremental monitoring of RUN jobs.
- Triage EXIT/FAIL jobs and rerun fixed patterns when ready.
[reconciliation_cycle] discover_live_jobs failed: bjobs not found on PATH: [WinError 2] 系統找不到指定的檔案。
DV Agent Harness L5 - Periodic Regression Snapshot
Snapshot Time: 2026-09-03 13:09:37
SUMMARY: Total: 0

Job        Pattern / Combination                LSF        DV Analysis        UVM_ERR   UVM_FATAL  Agent Action / Note
----------------------------------------------------------------------------------------------------------------------------------

ATTENTION
- none

NEXT ACTIONS
- Analyze DONE jobs whose DV result is still UNKNOWN/pending.
- Continue incremental monitoring of RUN jobs.
- Triage EXIT/FAIL jobs and rerun fixed patterns when ready.
[reconciliation_cycle] discover_live_jobs failed: bjobs not found on PATH: [WinError 2] 系統找不到指定的檔案。
DV Agent Harness L5 - Periodic Regression Snapshot
Snapshot Time: 2026-09-03 13:14:37
SUMMARY: Total: 0

Job        Pattern / Combination                LSF        DV Analysis        UVM_ERR   UVM_FATAL  Agent Action / Note
----------------------------------------------------------------------------------------------------------------------------------

ATTENTION
- none

NEXT ACTIONS
- Analyze DONE jobs whose DV result is still UNKNOWN/pending.
- Continue incremental monitoring of RUN jobs.
- Triage EXIT/FAIL jobs and rerun fixed patterns when ready.
[reconciliation_cycle] discover_live_jobs failed: bjobs not found on PATH: [WinError 2] 系統找不到指定的檔案。
DV Agent Harness L5 - Periodic Regression Snapshot
Snapshot Time: 2026-09-03 13:19:37
SUMMARY: Total: 0

Job        Pattern / Combination                LSF        DV Analysis        UVM_ERR   UVM_FATAL  Agent Action / Note
----------------------------------------------------------------------------------------------------------------------------------

ATTENTION
- none

NEXT ACTIONS
- Analyze DONE jobs whose DV result is still UNKNOWN/pending.
- Continue incremental monitoring of RUN jobs.
- Triage EXIT/FAIL jobs and rerun fixed patterns when ready.
[reconciliation_cycle] discover_live_jobs failed: bjobs not found on PATH: [WinError 2] 系統找不到指定的檔案。
DV Agent Harness L5 - Periodic Regression Snapshot
Snapshot Time: 2026-09-03 13:24:38
SUMMARY: Total: 0

Job        Pattern / Combination                LSF        DV Analysis        UVM_ERR   UVM_FATAL  Agent Action / Note
----------------------------------------------------------------------------------------------------------------------------------

ATTENTION
- none

NEXT ACTIONS
- Analyze DONE jobs whose DV result is still UNKNOWN/pending.
- Continue incremental monitoring of RUN jobs.
- Triage EXIT/FAIL jobs and rerun fixed patterns when ready.
[reconciliation_cycle] discover_live_jobs failed: bjobs not found on PATH: [WinError 2] 系統找不到指定的檔案。
DV Agent Harness L5 - Periodic Regression Snapshot
Snapshot Time: 2026-09-03 13:29:38
SUMMARY: Total: 0

Job        Pattern / Combination                LSF        DV Analysis        UVM_ERR   UVM_FATAL  Agent Action / Note
----------------------------------------------------------------------------------------------------------------------------------

ATTENTION
- none

NEXT ACTIONS
- Analyze DONE jobs whose DV result is still UNKNOWN/pending.
- Continue incremental monitoring of RUN jobs.
- Triage EXIT/FAIL jobs and rerun fixed patterns when ready.
[reconciliation_cycle] discover_live_jobs failed: bjobs not found on PATH: [WinError 2] 系統找不到指定的檔案。
DV Agent Harness L5 - Periodic Regression Snapshot
Snapshot Time: 2026-09-03 13:34:38
SUMMARY: Total: 0

Job        Pattern / Combination                LSF        DV Analysis        UVM_ERR   UVM_FATAL  Agent Action / Note
----------------------------------------------------------------------------------------------------------------------------------

ATTENTION
- none

NEXT ACTIONS
- Analyze DONE jobs whose DV result is still UNKNOWN/pending.
- Continue incremental monitoring of RUN jobs.
- Triage EXIT/FAIL jobs and rerun fixed patterns when ready.
[reconciliation_cycle] discover_live_jobs failed: bjobs not found on PATH: [WinError 2] 系統找不到指定的檔案。
DV Agent Harness L5 - Periodic Regression Snapshot
Snapshot Time: 2026-09-03 13:39:38
SUMMARY: Total: 0

Job        Pattern / Combination                LSF        DV Analysis        UVM_ERR   UVM_FATAL  Agent Action / Note
----------------------------------------------------------------------------------------------------------------------------------

ATTENTION
- none

NEXT ACTIONS
- Analyze DONE jobs whose DV result is still UNKNOWN/pending.
- Continue incremental monitoring of RUN jobs.
- Triage EXIT/FAIL jobs and rerun fixed patterns when ready.
[reconciliation_cycle] discover_live_jobs failed: bjobs not found on PATH: [WinError 2] 系統找不到指定的檔案。
DV Agent Harness L5 - Periodic Regression Snapshot
Snapshot Time: 2026-09-03 13:44:38
SUMMARY: Total: 0

Job        Pattern / Combination                LSF        DV Analysis        UVM_ERR   UVM_FATAL  Agent Action / Note
----------------------------------------------------------------------------------------------------------------------------------

ATTENTION
- none

NEXT ACTIONS
- Analyze DONE jobs whose DV result is still UNKNOWN/pending.
- Continue incremental monitoring of RUN jobs.
- Triage EXIT/FAIL jobs and rerun fixed patterns when ready.
[reconciliation_cycle] discover_live_jobs failed: bjobs not found on PATH: [WinError 2] 系統找不到指定的檔案。
DV Agent Harness L5 - Periodic Regression Snapshot
Snapshot Time: 2026-09-03 13:49:38
SUMMARY: Total: 0

Job        Pattern / Combination                LSF        DV Analysis        UVM_ERR   UVM_FATAL  Agent Action / Note
----------------------------------------------------------------------------------------------------------------------------------

ATTENTION
- none

NEXT ACTIONS
- Analyze DONE jobs whose DV result is still UNKNOWN/pending.
- Continue incremental monitoring of RUN jobs.
- Triage EXIT/FAIL jobs and rerun fixed patterns when ready.
[reconciliation_cycle] discover_live_jobs failed: bjobs not found on PATH: [WinError 2] 系統找不到指定的檔案。
DV Agent Harness L5 - Periodic Regression Snapshot
Snapshot Time: 2026-09-03 13:54:38
SUMMARY: Total: 0

Job        Pattern / Combination                LSF        DV Analysis        UVM_ERR   UVM_FATAL  Agent Action / Note
----------------------------------------------------------------------------------------------------------------------------------

ATTENTION
- none

NEXT ACTIONS
- Analyze DONE jobs whose DV result is still UNKNOWN/pending.
- Continue incremental monitoring of RUN jobs.
- Triage EXIT/FAIL jobs and rerun fixed patterns when ready.
[reconciliation_cycle] discover_live_jobs failed: bjobs not found on PATH: [WinError 2] 系統找不到指定的檔案。
DV Agent Harness L5 - Periodic Regression Snapshot
Snapshot Time: 2026-09-03 13:59:38
SUMMARY: Total: 0

Job        Pattern / Combination                LSF        DV Analysis        UVM_ERR   UVM_FATAL  Agent Action / Note
----------------------------------------------------------------------------------------------------------------------------------

ATTENTION
- none

NEXT ACTIONS
- Analyze DONE jobs whose DV result is still UNKNOWN/pending.
- Continue incremental monitoring of RUN jobs.
- Triage EXIT/FAIL jobs and rerun fixed patterns when ready.
[reconciliation_cycle] discover_live_jobs failed: bjobs not found on PATH: [WinError 2] 系統找不到指定的檔案。
DV Agent Harness L5 - Periodic Regression Snapshot
Snapshot Time: 2026-09-03 14:04:38
SUMMARY: Total: 0

Job        Pattern / Combination                LSF        DV Analysis        UVM_ERR   UVM_FATAL  Agent Action / Note
----------------------------------------------------------------------------------------------------------------------------------

ATTENTION
- none

NEXT ACTIONS
- Analyze DONE jobs whose DV result is still UNKNOWN/pending.
- Continue incremental monitoring of RUN jobs.
- Triage EXIT/FAIL jobs and rerun fixed patterns when ready.
[reconciliation_cycle] discover_live_jobs failed: bjobs not found on PATH: [WinError 2] 系統找不到指定的檔案。
DV Agent Harness L5 - Periodic Regression Snapshot
Snapshot Time: 2026-09-03 14:09:38
SUMMARY: Total: 0

Job        Pattern / Combination                LSF        DV Analysis        UVM_ERR   UVM_FATAL  Agent Action / Note
----------------------------------------------------------------------------------------------------------------------------------

ATTENTION
- none

NEXT ACTIONS
- Analyze DONE jobs whose DV result is still UNKNOWN/pending.
- Continue incremental monitoring of RUN jobs.
- Triage EXIT/FAIL jobs and rerun fixed patterns when ready.
[reconciliation_cycle] discover_live_jobs failed: bjobs not found on PATH: [WinError 2] 系統找不到指定的檔案。
DV Agent Harness L5 - Periodic Regression Snapshot
Snapshot Time: 2026-09-03 14:14:38
SUMMARY: Total: 0

Job        Pattern / Combination                LSF        DV Analysis        UVM_ERR   UVM_FATAL  Agent Action / Note
----------------------------------------------------------------------------------------------------------------------------------

ATTENTION
- none

NEXT ACTIONS
- Analyze DONE jobs whose DV result is still UNKNOWN/pending.
- Continue incremental monitoring of RUN jobs.
- Triage EXIT/FAIL jobs and rerun fixed patterns when ready.
[reconciliation_cycle] discover_live_jobs failed: bjobs not found on PATH: [WinError 2] 系統找不到指定的檔案。
DV Agent Harness L5 - Periodic Regression Snapshot
Snapshot Time: 2026-09-03 14:19:38
SUMMARY: Total: 0

Job        Pattern / Combination                LSF        DV Analysis        UVM_ERR   UVM_FATAL  Agent Action / Note
----------------------------------------------------------------------------------------------------------------------------------

ATTENTION
- none

NEXT ACTIONS
- Analyze DONE jobs whose DV result is still UNKNOWN/pending.
- Continue incremental monitoring of RUN jobs.
- Triage EXIT/FAIL jobs and rerun fixed patterns when ready.
[reconciliation_cycle] discover_live_jobs failed: bjobs not found on PATH: [WinError 2] 系統找不到指定的檔案。
DV Agent Harness L5 - Periodic Regression Snapshot
Snapshot Time: 2026-09-03 14:24:38
SUMMARY: Total: 0

Job        Pattern / Combination                LSF        DV Analysis        UVM_ERR   UVM_FATAL  Agent Action / Note
----------------------------------------------------------------------------------------------------------------------------------

ATTENTION
- none

NEXT ACTIONS
- Analyze DONE jobs whose DV result is still UNKNOWN/pending.
- Continue incremental monitoring of RUN jobs.
- Triage EXIT/FAIL jobs and rerun fixed patterns when ready.
[reconciliation_cycle] discover_live_jobs failed: bjobs not found on PATH: [WinError 2] 系統找不到指定的檔案。
DV Agent Harness L5 - Periodic Regression Snapshot
Snapshot Time: 2026-09-03 14:29:38
SUMMARY: Total: 0

Job        Pattern / Combination                LSF        DV Analysis        UVM_ERR   UVM_FATAL  Agent Action / Note
----------------------------------------------------------------------------------------------------------------------------------

ATTENTION
- none

NEXT ACTIONS
- Analyze DONE jobs whose DV result is still UNKNOWN/pending.
- Continue incremental monitoring of RUN jobs.
- Triage EXIT/FAIL jobs and rerun fixed patterns when ready.
[reconciliation_cycle] discover_live_jobs failed: bjobs not found on PATH: [WinError 2] 系統找不到指定的檔案。
DV Agent Harness L5 - Periodic Regression Snapshot
Snapshot Time: 2026-09-03 14:34:38
SUMMARY: Total: 0

Job        Pattern / Combination                LSF        DV Analysis        UVM_ERR   UVM_FATAL  Agent Action / Note
----------------------------------------------------------------------------------------------------------------------------------

ATTENTION
- none

NEXT ACTIONS
- Analyze DONE jobs whose DV result is still UNKNOWN/pending.
- Continue incremental monitoring of RUN jobs.
- Triage EXIT/FAIL jobs and rerun fixed patterns when ready.
[reconciliation_cycle] discover_live_jobs failed: bjobs not found on PATH: [WinError 2] 系統找不到指定的檔案。
DV Agent Harness L5 - Periodic Regression Snapshot
Snapshot Time: 2026-09-03 14:39:38
SUMMARY: Total: 0

Job        Pattern / Combination                LSF        DV Analysis        UVM_ERR   UVM_FATAL  Agent Action / Note
----------------------------------------------------------------------------------------------------------------------------------

ATTENTION
- none

NEXT ACTIONS
- Analyze DONE jobs whose DV result is still UNKNOWN/pending.
- Continue incremental monitoring of RUN jobs.
- Triage EXIT/FAIL jobs and rerun fixed patterns when ready.
[reconciliation_cycle] discover_live_jobs failed: bjobs not found on PATH: [WinError 2] 系統找不到指定的檔案。
DV Agent Harness L5 - Periodic Regression Snapshot
Snapshot Time: 2026-09-03 14:44:38
SUMMARY: Total: 0

Job        Pattern / Combination                LSF        DV Analysis        UVM_ERR   UVM_FATAL  Agent Action / Note
----------------------------------------------------------------------------------------------------------------------------------

ATTENTION
- none

NEXT ACTIONS
- Analyze DONE jobs whose DV result is still UNKNOWN/pending.
- Continue incremental monitoring of RUN jobs.
- Triage EXIT/FAIL jobs and rerun fixed patterns when ready.
[reconciliation_cycle] discover_live_jobs failed: bjobs not found on PATH: [WinError 2] 系統找不到指定的檔案。
DV Agent Harness L5 - Periodic Regression Snapshot
Snapshot Time: 2026-09-03 14:49:38
SUMMARY: Total: 0

Job        Pattern / Combination                LSF        DV Analysis        UVM_ERR   UVM_FATAL  Agent Action / Note
----------------------------------------------------------------------------------------------------------------------------------

ATTENTION
- none

NEXT ACTIONS
- Analyze DONE jobs whose DV result is still UNKNOWN/pending.
- Continue incremental monitoring of RUN jobs.
- Triage EXIT/FAIL jobs and rerun fixed patterns when ready.
[reconciliation_cycle] discover_live_jobs failed: bjobs not found on PATH: [WinError 2] 系統找不到指定的檔案。
DV Agent Harness L5 - Periodic Regression Snapshot
Snapshot Time: 2026-09-03 14:54:38
SUMMARY: Total: 0

Job        Pattern / Combination                LSF        DV Analysis        UVM_ERR   UVM_FATAL  Agent Action / Note
----------------------------------------------------------------------------------------------------------------------------------

ATTENTION
- none

NEXT ACTIONS
- Analyze DONE jobs whose DV result is still UNKNOWN/pending.
- Continue incremental monitoring of RUN jobs.
- Triage EXIT/FAIL jobs and rerun fixed patterns when ready.
[reconciliation_cycle] discover_live_jobs failed: bjobs not found on PATH: [WinError 2] 系統找不到指定的檔案。
DV Agent Harness L5 - Periodic Regression Snapshot
Snapshot Time: 2026-09-03 14:59:38
SUMMARY: Total: 0

Job        Pattern / Combination                LSF        DV Analysis        UVM_ERR   UVM_FATAL  Agent Action / Note
----------------------------------------------------------------------------------------------------------------------------------

ATTENTION
- none

NEXT ACTIONS
- Analyze DONE jobs whose DV result is still UNKNOWN/pending.
- Continue incremental monitoring of RUN jobs.
- Triage EXIT/FAIL jobs and rerun fixed patterns when ready.
[reconciliation_cycle] discover_live_jobs failed: bjobs not found on PATH: [WinError 2] 系統找不到指定的檔案。
DV Agent Harness L5 - Periodic Regression Snapshot
Snapshot Time: 2026-09-03 15:04:38
SUMMARY: Total: 0

Job        Pattern / Combination                LSF        DV Analysis        UVM_ERR   UVM_FATAL  Agent Action / Note
----------------------------------------------------------------------------------------------------------------------------------

ATTENTION
- none

NEXT ACTIONS
- Analyze DONE jobs whose DV result is still UNKNOWN/pending.
- Continue incremental monitoring of RUN jobs.
- Triage EXIT/FAIL jobs and rerun fixed patterns when ready.
[reconciliation_cycle] discover_live_jobs failed: bjobs not found on PATH: [WinError 2] 系統找不到指定的檔案。
DV Agent Harness L5 - Periodic Regression Snapshot
Snapshot Time: 2026-09-03 15:09:40
SUMMARY: Total: 0

Job        Pattern / Combination                LSF        DV Analysis        UVM_ERR   UVM_FATAL  Agent Action / Note
----------------------------------------------------------------------------------------------------------------------------------

ATTENTION
- none

NEXT ACTIONS
- Analyze DONE jobs whose DV result is still UNKNOWN/pending.
- Continue incremental monitoring of RUN jobs.
- Triage EXIT/FAIL jobs and rerun fixed patterns when ready.
[reconciliation_cycle] discover_live_jobs failed: bjobs not found on PATH: [WinError 2] 系統找不到指定的檔案。
DV Agent Harness L5 - Periodic Regression Snapshot
Snapshot Time: 2026-09-03 15:14:40
SUMMARY: Total: 0

Job        Pattern / Combination                LSF        DV Analysis        UVM_ERR   UVM_FATAL  Agent Action / Note
----------------------------------------------------------------------------------------------------------------------------------

ATTENTION
- none

NEXT ACTIONS
- Analyze DONE jobs whose DV result is still UNKNOWN/pending.
- Continue incremental monitoring of RUN jobs.
- Triage EXIT/FAIL jobs and rerun fixed patterns when ready.
[reconciliation_cycle] discover_live_jobs failed: bjobs not found on PATH: [WinError 2] 系統找不到指定的檔案。
DV Agent Harness L5 - Periodic Regression Snapshot
Snapshot Time: 2026-09-03 15:19:41
SUMMARY: Total: 0

Job        Pattern / Combination                LSF        DV Analysis        UVM_ERR   UVM_FATAL  Agent Action / Note
----------------------------------------------------------------------------------------------------------------------------------

ATTENTION
- none

NEXT ACTIONS
- Analyze DONE jobs whose DV result is still UNKNOWN/pending.
- Continue incremental monitoring of RUN jobs.
- Triage EXIT/FAIL jobs and rerun fixed patterns when ready.
[reconciliation_cycle] discover_live_jobs failed: bjobs not found on PATH: [WinError 2] 系統找不到指定的檔案。
DV Agent Harness L5 - Periodic Regression Snapshot
Snapshot Time: 2026-09-03 15:24:41
SUMMARY: Total: 0

Job        Pattern / Combination                LSF        DV Analysis        UVM_ERR   UVM_FATAL  Agent Action / Note
----------------------------------------------------------------------------------------------------------------------------------

ATTENTION
- none

NEXT ACTIONS
- Analyze DONE jobs whose DV result is still UNKNOWN/pending.
- Continue incremental monitoring of RUN jobs.
- Triage EXIT/FAIL jobs and rerun fixed patterns when ready.
[reconciliation_cycle] discover_live_jobs failed: bjobs not found on PATH: [WinError 2] 系統找不到指定的檔案。
DV Agent Harness L5 - Periodic Regression Snapshot
Snapshot Time: 2026-09-03 15:29:41
SUMMARY: Total: 0

Job        Pattern / Combination                LSF        DV Analysis        UVM_ERR   UVM_FATAL  Agent Action / Note
----------------------------------------------------------------------------------------------------------------------------------

ATTENTION
- none

NEXT ACTIONS
- Analyze DONE jobs whose DV result is still UNKNOWN/pending.
- Continue incremental monitoring of RUN jobs.
- Triage EXIT/FAIL jobs and rerun fixed patterns when ready.
[reconciliation_cycle] discover_live_jobs failed: bjobs not found on PATH: [WinError 2] 系統找不到指定的檔案。
DV Agent Harness L5 - Periodic Regression Snapshot
Snapshot Time: 2026-09-03 15:34:41
SUMMARY: Total: 0

Job        Pattern / Combination                LSF        DV Analysis        UVM_ERR   UVM_FATAL  Agent Action / Note
----------------------------------------------------------------------------------------------------------------------------------

ATTENTION
- none

NEXT ACTIONS
- Analyze DONE jobs whose DV result is still UNKNOWN/pending.
- Continue incremental monitoring of RUN jobs.
- Triage EXIT/FAIL jobs and rerun fixed patterns when ready.
[reconciliation_cycle] discover_live_jobs failed: bjobs not found on PATH: [WinError 2] 系統找不到指定的檔案。
DV Agent Harness L5 - Periodic Regression Snapshot
Snapshot Time: 2026-09-03 15:39:41
SUMMARY: Total: 0

Job        Pattern / Combination                LSF        DV Analysis        UVM_ERR   UVM_FATAL  Agent Action / Note
----------------------------------------------------------------------------------------------------------------------------------

ATTENTION
- none

NEXT ACTIONS
- Analyze DONE jobs whose DV result is still UNKNOWN/pending.
- Continue incremental monitoring of RUN jobs.
- Triage EXIT/FAIL jobs and rerun fixed patterns when ready.
[reconciliation_cycle] discover_live_jobs failed: bjobs not found on PATH: [WinError 2] 系統找不到指定的檔案。
DV Agent Harness L5 - Periodic Regression Snapshot
Snapshot Time: 2026-09-03 15:44:41
SUMMARY: Total: 0

Job        Pattern / Combination                LSF        DV Analysis        UVM_ERR   UVM_FATAL  Agent Action / Note
----------------------------------------------------------------------------------------------------------------------------------

ATTENTION
- none

NEXT ACTIONS
- Analyze DONE jobs whose DV result is still UNKNOWN/pending.
- Continue incremental monitoring of RUN jobs.
- Triage EXIT/FAIL jobs and rerun fixed patterns when ready.
[reconciliation_cycle] discover_live_jobs failed: bjobs not found on PATH: [WinError 2] 系統找不到指定的檔案。
DV Agent Harness L5 - Periodic Regression Snapshot
Snapshot Time: 2026-09-03 15:49:41
SUMMARY: Total: 0

Job        Pattern / Combination                LSF        DV Analysis        UVM_ERR   UVM_FATAL  Agent Action / Note
----------------------------------------------------------------------------------------------------------------------------------

ATTENTION
- none

NEXT ACTIONS
- Analyze DONE jobs whose DV result is still UNKNOWN/pending.
- Continue incremental monitoring of RUN jobs.
- Triage EXIT/FAIL jobs and rerun fixed patterns when ready.
[reconciliation_cycle] discover_live_jobs failed: bjobs not found on PATH: [WinError 2] 系統找不到指定的檔案。
DV Agent Harness L5 - Periodic Regression Snapshot
Snapshot Time: 2026-09-03 15:54:41
SUMMARY: Total: 0

Job        Pattern / Combination                LSF        DV Analysis        UVM_ERR   UVM_FATAL  Agent Action / Note
----------------------------------------------------------------------------------------------------------------------------------

ATTENTION
- none

NEXT ACTIONS
- Analyze DONE jobs whose DV result is still UNKNOWN/pending.
- Continue incremental monitoring of RUN jobs.
- Triage EXIT/FAIL jobs and rerun fixed patterns when ready.
[reconciliation_cycle] discover_live_jobs failed: bjobs not found on PATH: [WinError 2] 系統找不到指定的檔案。
DV Agent Harness L5 - Periodic Regression Snapshot
Snapshot Time: 2026-09-03 15:59:41
SUMMARY: Total: 0

Job        Pattern / Combination                LSF        DV Analysis        UVM_ERR   UVM_FATAL  Agent Action / Note
----------------------------------------------------------------------------------------------------------------------------------

ATTENTION
- none

NEXT ACTIONS
- Analyze DONE jobs whose DV result is still UNKNOWN/pending.
- Continue incremental monitoring of RUN jobs.
- Triage EXIT/FAIL jobs and rerun fixed patterns when ready.
[reconciliation_cycle] discover_live_jobs failed: bjobs not found on PATH: [WinError 2] 系統找不到指定的檔案。
DV Agent Harness L5 - Periodic Regression Snapshot
Snapshot Time: 2026-09-03 16:04:41
SUMMARY: Total: 0

Job        Pattern / Combination                LSF        DV Analysis        UVM_ERR   UVM_FATAL  Agent Action / Note
----------------------------------------------------------------------------------------------------------------------------------

ATTENTION
- none

NEXT ACTIONS
- Analyze DONE jobs whose DV result is still UNKNOWN/pending.
- Continue incremental monitoring of RUN jobs.
- Triage EXIT/FAIL jobs and rerun fixed patterns when ready.
[reconciliation_cycle] discover_live_jobs failed: bjobs not found on PATH: [WinError 2] 系統找不到指定的檔案。
DV Agent Harness L5 - Periodic Regression Snapshot
Snapshot Time: 2026-09-03 16:09:42
SUMMARY: Total: 0

Job        Pattern / Combination                LSF        DV Analysis        UVM_ERR   UVM_FATAL  Agent Action / Note
----------------------------------------------------------------------------------------------------------------------------------

ATTENTION
- none

NEXT ACTIONS
- Analyze DONE jobs whose DV result is still UNKNOWN/pending.
- Continue incremental monitoring of RUN jobs.
- Triage EXIT/FAIL jobs and rerun fixed patterns when ready.
[reconciliation_cycle] discover_live_jobs failed: bjobs not found on PATH: [WinError 2] 系統找不到指定的檔案。
DV Agent Harness L5 - Periodic Regression Snapshot
Snapshot Time: 2026-09-03 16:14:42
SUMMARY: Total: 0

Job        Pattern / Combination                LSF        DV Analysis        UVM_ERR   UVM_FATAL  Agent Action / Note
----------------------------------------------------------------------------------------------------------------------------------

ATTENTION
- none

NEXT ACTIONS
- Analyze DONE jobs whose DV result is still UNKNOWN/pending.
- Continue incremental monitoring of RUN jobs.
- Triage EXIT/FAIL jobs and rerun fixed patterns when ready.
[reconciliation_cycle] discover_live_jobs failed: bjobs not found on PATH: [WinError 2] 系統找不到指定的檔案。
DV Agent Harness L5 - Periodic Regression Snapshot
Snapshot Time: 2026-09-03 16:19:42
SUMMARY: Total: 0

Job        Pattern / Combination                LSF        DV Analysis        UVM_ERR   UVM_FATAL  Agent Action / Note
----------------------------------------------------------------------------------------------------------------------------------

ATTENTION
- none

NEXT ACTIONS
- Analyze DONE jobs whose DV result is still UNKNOWN/pending.
- Continue incremental monitoring of RUN jobs.
- Triage EXIT/FAIL jobs and rerun fixed patterns when ready.
[reconciliation_cycle] discover_live_jobs failed: bjobs not found on PATH: [WinError 2] 系統找不到指定的檔案。
DV Agent Harness L5 - Periodic Regression Snapshot
Snapshot Time: 2026-09-03 16:24:42
SUMMARY: Total: 0

Job        Pattern / Combination                LSF        DV Analysis        UVM_ERR   UVM_FATAL  Agent Action / Note
----------------------------------------------------------------------------------------------------------------------------------

ATTENTION
- none

NEXT ACTIONS
- Analyze DONE jobs whose DV result is still UNKNOWN/pending.
- Continue incremental monitoring of RUN jobs.
- Triage EXIT/FAIL jobs and rerun fixed patterns when ready.
[reconciliation_cycle] discover_live_jobs failed: bjobs not found on PATH: [WinError 2] 系統找不到指定的檔案。
DV Agent Harness L5 - Periodic Regression Snapshot
Snapshot Time: 2026-09-03 16:29:42
SUMMARY: Total: 0

Job        Pattern / Combination                LSF        DV Analysis        UVM_ERR   UVM_FATAL  Agent Action / Note
----------------------------------------------------------------------------------------------------------------------------------

ATTENTION
- none

NEXT ACTIONS
- Analyze DONE jobs whose DV result is still UNKNOWN/pending.
- Continue incremental monitoring of RUN jobs.
- Triage EXIT/FAIL jobs and rerun fixed patterns when ready.
[reconciliation_cycle] discover_live_jobs failed: bjobs not found on PATH: [WinError 2] 系統找不到指定的檔案。
DV Agent Harness L5 - Periodic Regression Snapshot
Snapshot Time: 2026-09-03 16:34:42
SUMMARY: Total: 0

Job        Pattern / Combination                LSF        DV Analysis        UVM_ERR   UVM_FATAL  Agent Action / Note
----------------------------------------------------------------------------------------------------------------------------------

ATTENTION
- none

NEXT ACTIONS
- Analyze DONE jobs whose DV result is still UNKNOWN/pending.
- Continue incremental monitoring of RUN jobs.
- Triage EXIT/FAIL jobs and rerun fixed patterns when ready.
[reconciliation_cycle] discover_live_jobs failed: bjobs not found on PATH: [WinError 2] 系統找不到指定的檔案。
DV Agent Harness L5 - Periodic Regression Snapshot
Snapshot Time: 2026-09-03 16:39:42
SUMMARY: Total: 0

Job        Pattern / Combination                LSF        DV Analysis        UVM_ERR   UVM_FATAL  Agent Action / Note
----------------------------------------------------------------------------------------------------------------------------------

ATTENTION
- none

NEXT ACTIONS
- Analyze DONE jobs whose DV result is still UNKNOWN/pending.
- Continue incremental monitoring of RUN jobs.
- Triage EXIT/FAIL jobs and rerun fixed patterns when ready.
[reconciliation_cycle] discover_live_jobs failed: bjobs not found on PATH: [WinError 2] 系統找不到指定的檔案。
DV Agent Harness L5 - Periodic Regression Snapshot
Snapshot Time: 2026-09-03 16:44:42
SUMMARY: Total: 0

Job        Pattern / Combination                LSF        DV Analysis        UVM_ERR   UVM_FATAL  Agent Action / Note
----------------------------------------------------------------------------------------------------------------------------------

ATTENTION
- none

NEXT ACTIONS
- Analyze DONE jobs whose DV result is still UNKNOWN/pending.
- Continue incremental monitoring of RUN jobs.
- Triage EXIT/FAIL jobs and rerun fixed patterns when ready.
[reconciliation_cycle] discover_live_jobs failed: bjobs not found on PATH: [WinError 2] 系統找不到指定的檔案。
DV Agent Harness L5 - Periodic Regression Snapshot
Snapshot Time: 2026-09-03 16:49:42
SUMMARY: Total: 0

Job        Pattern / Combination                LSF        DV Analysis        UVM_ERR   UVM_FATAL  Agent Action / Note
----------------------------------------------------------------------------------------------------------------------------------

ATTENTION
- none

NEXT ACTIONS
- Analyze DONE jobs whose DV result is still UNKNOWN/pending.
- Continue incremental monitoring of RUN jobs.
- Triage EXIT/FAIL jobs and rerun fixed patterns when ready.
[reconciliation_cycle] discover_live_jobs failed: bjobs not found on PATH: [WinError 2] 系統找不到指定的檔案。
DV Agent Harness L5 - Periodic Regression Snapshot
Snapshot Time: 2026-09-03 16:54:42
SUMMARY: Total: 0

Job        Pattern / Combination                LSF        DV Analysis        UVM_ERR   UVM_FATAL  Agent Action / Note
----------------------------------------------------------------------------------------------------------------------------------

ATTENTION
- none

NEXT ACTIONS
- Analyze DONE jobs whose DV result is still UNKNOWN/pending.
- Continue incremental monitoring of RUN jobs.
- Triage EXIT/FAIL jobs and rerun fixed patterns when ready.
[reconciliation_cycle] discover_live_jobs failed: bjobs not found on PATH: [WinError 2] 系統找不到指定的檔案。
DV Agent Harness L5 - Periodic Regression Snapshot
Snapshot Time: 2026-09-03 16:59:42
SUMMARY: Total: 0

Job        Pattern / Combination                LSF        DV Analysis        UVM_ERR   UVM_FATAL  Agent Action / Note
----------------------------------------------------------------------------------------------------------------------------------

ATTENTION
- none

NEXT ACTIONS
- Analyze DONE jobs whose DV result is still UNKNOWN/pending.
- Continue incremental monitoring of RUN jobs.
- Triage EXIT/FAIL jobs and rerun fixed patterns when ready.
[reconciliation_cycle] discover_live_jobs failed: bjobs not found on PATH: [WinError 2] 系統找不到指定的檔案。
DV Agent Harness L5 - Periodic Regression Snapshot
Snapshot Time: 2026-09-03 17:04:42
SUMMARY: Total: 0

Job        Pattern / Combination                LSF        DV Analysis        UVM_ERR   UVM_FATAL  Agent Action / Note
----------------------------------------------------------------------------------------------------------------------------------

ATTENTION
- none

NEXT ACTIONS
- Analyze DONE jobs whose DV result is still UNKNOWN/pending.
- Continue incremental monitoring of RUN jobs.
- Triage EXIT/FAIL jobs and rerun fixed patterns when ready.
[reconciliation_cycle] discover_live_jobs failed: bjobs not found on PATH: [WinError 2] 系統找不到指定的檔案。
DV Agent Harness L5 - Periodic Regression Snapshot
Snapshot Time: 2026-09-03 17:09:42
SUMMARY: Total: 0

Job        Pattern / Combination                LSF        DV Analysis        UVM_ERR   UVM_FATAL  Agent Action / Note
----------------------------------------------------------------------------------------------------------------------------------

ATTENTION
- none

NEXT ACTIONS
- Analyze DONE jobs whose DV result is still UNKNOWN/pending.
- Continue incremental monitoring of RUN jobs.
- Triage EXIT/FAIL jobs and rerun fixed patterns when ready.
[reconciliation_cycle] discover_live_jobs failed: bjobs not found on PATH: [WinError 2] 系統找不到指定的檔案。
DV Agent Harness L5 - Periodic Regression Snapshot
Snapshot Time: 2026-09-03 17:14:42
SUMMARY: Total: 0

Job        Pattern / Combination                LSF        DV Analysis        UVM_ERR   UVM_FATAL  Agent Action / Note
----------------------------------------------------------------------------------------------------------------------------------

ATTENTION
- none

NEXT ACTIONS
- Analyze DONE jobs whose DV result is still UNKNOWN/pending.
- Continue incremental monitoring of RUN jobs.
- Triage EXIT/FAIL jobs and rerun fixed patterns when ready.
[reconciliation_cycle] discover_live_jobs failed: bjobs not found on PATH: [WinError 2] 系統找不到指定的檔案。
DV Agent Harness L5 - Periodic Regression Snapshot
Snapshot Time: 2026-09-03 17:19:42
SUMMARY: Total: 0

Job        Pattern / Combination                LSF        DV Analysis        UVM_ERR   UVM_FATAL  Agent Action / Note
----------------------------------------------------------------------------------------------------------------------------------

ATTENTION
- none

NEXT ACTIONS
- Analyze DONE jobs whose DV result is still UNKNOWN/pending.
- Continue incremental monitoring of RUN jobs.
- Triage EXIT/FAIL jobs and rerun fixed patterns when ready.
[reconciliation_cycle] discover_live_jobs failed: bjobs not found on PATH: [WinError 2] 系統找不到指定的檔案。
DV Agent Harness L5 - Periodic Regression Snapshot
Snapshot Time: 2026-09-03 17:24:42
SUMMARY: Total: 0

Job        Pattern / Combination                LSF        DV Analysis        UVM_ERR   UVM_FATAL  Agent Action / Note
----------------------------------------------------------------------------------------------------------------------------------

ATTENTION
- none

NEXT ACTIONS
- Analyze DONE jobs whose DV result is still UNKNOWN/pending.
- Continue incremental monitoring of RUN jobs.
- Triage EXIT/FAIL jobs and rerun fixed patterns when ready.
[reconciliation_cycle] discover_live_jobs failed: bjobs not found on PATH: [WinError 2] 系統找不到指定的檔案。
DV Agent Harness L5 - Periodic Regression Snapshot
Snapshot Time: 2026-09-03 17:29:42
SUMMARY: Total: 0

Job        Pattern / Combination                LSF        DV Analysis        UVM_ERR   UVM_FATAL  Agent Action / Note
----------------------------------------------------------------------------------------------------------------------------------

ATTENTION
- none

NEXT ACTIONS
- Analyze DONE jobs whose DV result is still UNKNOWN/pending.
- Continue incremental monitoring of RUN jobs.
- Triage EXIT/FAIL jobs and rerun fixed patterns when ready.
[reconciliation_cycle] discover_live_jobs failed: bjobs not found on PATH: [WinError 2] 系統找不到指定的檔案。
DV Agent Harness L5 - Periodic Regression Snapshot
Snapshot Time: 2026-09-03 17:34:42
SUMMARY: Total: 0

Job        Pattern / Combination                LSF        DV Analysis        UVM_ERR   UVM_FATAL  Agent Action / Note
----------------------------------------------------------------------------------------------------------------------------------

ATTENTION
- none

NEXT ACTIONS
- Analyze DONE jobs whose DV result is still UNKNOWN/pending.
- Continue incremental monitoring of RUN jobs.
- Triage EXIT/FAIL jobs and rerun fixed patterns when ready.
[reconciliation_cycle] discover_live_jobs failed: bjobs not found on PATH: [WinError 2] 系統找不到指定的檔案。
DV Agent Harness L5 - Periodic Regression Snapshot
Snapshot Time: 2026-09-03 17:39:42
SUMMARY: Total: 0

Job        Pattern / Combination                LSF        DV Analysis        UVM_ERR   UVM_FATAL  Agent Action / Note
----------------------------------------------------------------------------------------------------------------------------------

ATTENTION
- none

NEXT ACTIONS
- Analyze DONE jobs whose DV result is still UNKNOWN/pending.
- Continue incremental monitoring of RUN jobs.
- Triage EXIT/FAIL jobs and rerun fixed patterns when ready.
[reconciliation_cycle] discover_live_jobs failed: bjobs not found on PATH: [WinError 2] 系統找不到指定的檔案。
DV Agent Harness L5 - Periodic Regression Snapshot
Snapshot Time: 2026-09-03 17:44:43
SUMMARY: Total: 0

Job        Pattern / Combination                LSF        DV Analysis        UVM_ERR   UVM_FATAL  Agent Action / Note
----------------------------------------------------------------------------------------------------------------------------------

ATTENTION
- none

NEXT ACTIONS
- Analyze DONE jobs whose DV result is still UNKNOWN/pending.
- Continue incremental monitoring of RUN jobs.
- Triage EXIT/FAIL jobs and rerun fixed patterns when ready.
[reconciliation_cycle] discover_live_jobs failed: bjobs not found on PATH: [WinError 2] 系統找不到指定的檔案。
DV Agent Harness L5 - Periodic Regression Snapshot
Snapshot Time: 2026-09-03 17:49:43
SUMMARY: Total: 0

Job        Pattern / Combination                LSF        DV Analysis        UVM_ERR   UVM_FATAL  Agent Action / Note
----------------------------------------------------------------------------------------------------------------------------------

ATTENTION
- none

NEXT ACTIONS
- Analyze DONE jobs whose DV result is still UNKNOWN/pending.
- Continue incremental monitoring of RUN jobs.
- Triage EXIT/FAIL jobs and rerun fixed patterns when ready.
[reconciliation_cycle] discover_live_jobs failed: bjobs not found on PATH: [WinError 2] 系統找不到指定的檔案。
DV Agent Harness L5 - Periodic Regression Snapshot
Snapshot Time: 2026-09-03 17:54:43
SUMMARY: Total: 0

Job        Pattern / Combination                LSF        DV Analysis        UVM_ERR   UVM_FATAL  Agent Action / Note
----------------------------------------------------------------------------------------------------------------------------------

ATTENTION
- none

NEXT ACTIONS
- Analyze DONE jobs whose DV result is still UNKNOWN/pending.
- Continue incremental monitoring of RUN jobs.
- Triage EXIT/FAIL jobs and rerun fixed patterns when ready.
[reconciliation_cycle] discover_live_jobs failed: bjobs not found on PATH: [WinError 2] 系統找不到指定的檔案。
DV Agent Harness L5 - Periodic Regression Snapshot
Snapshot Time: 2026-09-03 17:59:43
SUMMARY: Total: 0

Job        Pattern / Combination                LSF        DV Analysis        UVM_ERR   UVM_FATAL  Agent Action / Note
----------------------------------------------------------------------------------------------------------------------------------

ATTENTION
- none

NEXT ACTIONS
- Analyze DONE jobs whose DV result is still UNKNOWN/pending.
- Continue incremental monitoring of RUN jobs.
- Triage EXIT/FAIL jobs and rerun fixed patterns when ready.
[reconciliation_cycle] discover_live_jobs failed: bjobs not found on PATH: [WinError 2] 系統找不到指定的檔案。
DV Agent Harness L5 - Periodic Regression Snapshot
Snapshot Time: 2026-09-03 18:04:44
SUMMARY: Total: 0

Job        Pattern / Combination                LSF        DV Analysis        UVM_ERR   UVM_FATAL  Agent Action / Note
----------------------------------------------------------------------------------------------------------------------------------

ATTENTION
- none

NEXT ACTIONS
- Analyze DONE jobs whose DV result is still UNKNOWN/pending.
- Continue incremental monitoring of RUN jobs.
- Triage EXIT/FAIL jobs and rerun fixed patterns when ready.
[reconciliation_cycle] discover_live_jobs failed: bjobs not found on PATH: [WinError 2] 系統找不到指定的檔案。
DV Agent Harness L5 - Periodic Regression Snapshot
Snapshot Time: 2026-09-03 18:09:44
SUMMARY: Total: 0

Job        Pattern / Combination                LSF        DV Analysis        UVM_ERR   UVM_FATAL  Agent Action / Note
----------------------------------------------------------------------------------------------------------------------------------

ATTENTION
- none

NEXT ACTIONS
- Analyze DONE jobs whose DV result is still UNKNOWN/pending.
- Continue incremental monitoring of RUN jobs.
- Triage EXIT/FAIL jobs and rerun fixed patterns when ready.
[reconciliation_cycle] discover_live_jobs failed: bjobs not found on PATH: [WinError 2] 系統找不到指定的檔案。
DV Agent Harness L5 - Periodic Regression Snapshot
Snapshot Time: 2026-09-03 18:14:44
SUMMARY: Total: 0

Job        Pattern / Combination                LSF        DV Analysis        UVM_ERR   UVM_FATAL  Agent Action / Note
----------------------------------------------------------------------------------------------------------------------------------

ATTENTION
- none

NEXT ACTIONS
- Analyze DONE jobs whose DV result is still UNKNOWN/pending.
- Continue incremental monitoring of RUN jobs.
- Triage EXIT/FAIL jobs and rerun fixed patterns when ready.
[reconciliation_cycle] discover_live_jobs failed: bjobs not found on PATH: [WinError 2] 系統找不到指定的檔案。
DV Agent Harness L5 - Periodic Regression Snapshot
Snapshot Time: 2026-09-03 18:19:44
SUMMARY: Total: 0

Job        Pattern / Combination                LSF        DV Analysis        UVM_ERR   UVM_FATAL  Agent Action / Note
----------------------------------------------------------------------------------------------------------------------------------

ATTENTION
- none

NEXT ACTIONS
- Analyze DONE jobs whose DV result is still UNKNOWN/pending.
- Continue incremental monitoring of RUN jobs.
- Triage EXIT/FAIL jobs and rerun fixed patterns when ready.
[reconciliation_cycle] discover_live_jobs failed: bjobs not found on PATH: [WinError 2] 系統找不到指定的檔案。
DV Agent Harness L5 - Periodic Regression Snapshot
Snapshot Time: 2026-09-03 18:24:45
SUMMARY: Total: 0

Job        Pattern / Combination                LSF        DV Analysis        UVM_ERR   UVM_FATAL  Agent Action / Note
----------------------------------------------------------------------------------------------------------------------------------

ATTENTION
- none

NEXT ACTIONS
- Analyze DONE jobs whose DV result is still UNKNOWN/pending.
- Continue incremental monitoring of RUN jobs.
- Triage EXIT/FAIL jobs and rerun fixed patterns when ready.
[reconciliation_cycle] discover_live_jobs failed: bjobs not found on PATH: [WinError 2] 系統找不到指定的檔案。
DV Agent Harness L5 - Periodic Regression Snapshot
Snapshot Time: 2026-09-03 18:29:45
SUMMARY: Total: 0

Job        Pattern / Combination                LSF        DV Analysis        UVM_ERR   UVM_FATAL  Agent Action / Note
----------------------------------------------------------------------------------------------------------------------------------

ATTENTION
- none

NEXT ACTIONS
- Analyze DONE jobs whose DV result is still UNKNOWN/pending.
- Continue incremental monitoring of RUN jobs.
- Triage EXIT/FAIL jobs and rerun fixed patterns when ready.
[reconciliation_cycle] discover_live_jobs failed: bjobs not found on PATH: [WinError 2] 系統找不到指定的檔案。
DV Agent Harness L5 - Periodic Regression Snapshot
Snapshot Time: 2026-09-03 18:34:45
SUMMARY: Total: 0

Job        Pattern / Combination                LSF        DV Analysis        UVM_ERR   UVM_FATAL  Agent Action / Note
----------------------------------------------------------------------------------------------------------------------------------

ATTENTION
- none

NEXT ACTIONS
- Analyze DONE jobs whose DV result is still UNKNOWN/pending.
- Continue incremental monitoring of RUN jobs.
- Triage EXIT/FAIL jobs and rerun fixed patterns when ready.
[reconciliation_cycle] discover_live_jobs failed: bjobs not found on PATH: [WinError 2] 系統找不到指定的檔案。
DV Agent Harness L5 - Periodic Regression Snapshot
Snapshot Time: 2026-09-03 18:39:45
SUMMARY: Total: 0

Job        Pattern / Combination                LSF        DV Analysis        UVM_ERR   UVM_FATAL  Agent Action / Note
----------------------------------------------------------------------------------------------------------------------------------

ATTENTION
- none

NEXT ACTIONS
- Analyze DONE jobs whose DV result is still UNKNOWN/pending.
- Continue incremental monitoring of RUN jobs.
- Triage EXIT/FAIL jobs and rerun fixed patterns when ready.
[reconciliation_cycle] discover_live_jobs failed: bjobs not found on PATH: [WinError 2] 系統找不到指定的檔案。
DV Agent Harness L5 - Periodic Regression Snapshot
Snapshot Time: 2026-09-03 18:44:45
SUMMARY: Total: 0

Job        Pattern / Combination                LSF        DV Analysis        UVM_ERR   UVM_FATAL  Agent Action / Note
----------------------------------------------------------------------------------------------------------------------------------

ATTENTION
- none

NEXT ACTIONS
- Analyze DONE jobs whose DV result is still UNKNOWN/pending.
- Continue incremental monitoring of RUN jobs.
- Triage EXIT/FAIL jobs and rerun fixed patterns when ready.
[reconciliation_cycle] discover_live_jobs failed: bjobs not found on PATH: [WinError 2] 系統找不到指定的檔案。
DV Agent Harness L5 - Periodic Regression Snapshot
Snapshot Time: 2026-09-03 18:49:45
SUMMARY: Total: 0

Job        Pattern / Combination                LSF        DV Analysis        UVM_ERR   UVM_FATAL  Agent Action / Note
----------------------------------------------------------------------------------------------------------------------------------

ATTENTION
- none

NEXT ACTIONS
- Analyze DONE jobs whose DV result is still UNKNOWN/pending.
- Continue incremental monitoring of RUN jobs.
- Triage EXIT/FAIL jobs and rerun fixed patterns when ready.
[reconciliation_cycle] discover_live_jobs failed: bjobs not found on PATH: [WinError 2] 系統找不到指定的檔案。
DV Agent Harness L5 - Periodic Regression Snapshot
Snapshot Time: 2026-09-03 18:54:45
SUMMARY: Total: 0

Job        Pattern / Combination                LSF        DV Analysis        UVM_ERR   UVM_FATAL  Agent Action / Note
----------------------------------------------------------------------------------------------------------------------------------

ATTENTION
- none

NEXT ACTIONS
- Analyze DONE jobs whose DV result is still UNKNOWN/pending.
- Continue incremental monitoring of RUN jobs.
- Triage EXIT/FAIL jobs and rerun fixed patterns when ready.
[reconciliation_cycle] discover_live_jobs failed: bjobs not found on PATH: [WinError 2] 系統找不到指定的檔案。
DV Agent Harness L5 - Periodic Regression Snapshot
Snapshot Time: 2026-09-03 18:59:45
SUMMARY: Total: 0

Job        Pattern / Combination                LSF        DV Analysis        UVM_ERR   UVM_FATAL  Agent Action / Note
----------------------------------------------------------------------------------------------------------------------------------

ATTENTION
- none

NEXT ACTIONS
- Analyze DONE jobs whose DV result is still UNKNOWN/pending.
- Continue incremental monitoring of RUN jobs.
- Triage EXIT/FAIL jobs and rerun fixed patterns when ready.
[reconciliation_cycle] discover_live_jobs failed: bjobs not found on PATH: [WinError 2] 系統找不到指定的檔案。
DV Agent Harness L5 - Periodic Regression Snapshot
Snapshot Time: 2026-09-03 19:04:45
SUMMARY: Total: 0

Job        Pattern / Combination                LSF        DV Analysis        UVM_ERR   UVM_FATAL  Agent Action / Note
----------------------------------------------------------------------------------------------------------------------------------

ATTENTION
- none

NEXT ACTIONS
- Analyze DONE jobs whose DV result is still UNKNOWN/pending.
- Continue incremental monitoring of RUN jobs.
- Triage EXIT/FAIL jobs and rerun fixed patterns when ready.
[reconciliation_cycle] discover_live_jobs failed: bjobs not found on PATH: [WinError 2] 系統找不到指定的檔案。
DV Agent Harness L5 - Periodic Regression Snapshot
Snapshot Time: 2026-09-03 19:09:45
SUMMARY: Total: 0

Job        Pattern / Combination                LSF        DV Analysis        UVM_ERR   UVM_FATAL  Agent Action / Note
----------------------------------------------------------------------------------------------------------------------------------

ATTENTION
- none

NEXT ACTIONS
- Analyze DONE jobs whose DV result is still UNKNOWN/pending.
- Continue incremental monitoring of RUN jobs.
- Triage EXIT/FAIL jobs and rerun fixed patterns when ready.
[reconciliation_cycle] discover_live_jobs failed: bjobs not found on PATH: [WinError 2] 系統找不到指定的檔案。
DV Agent Harness L5 - Periodic Regression Snapshot
Snapshot Time: 2026-09-03 19:14:45
SUMMARY: Total: 0

Job        Pattern / Combination                LSF        DV Analysis        UVM_ERR   UVM_FATAL  Agent Action / Note
----------------------------------------------------------------------------------------------------------------------------------

ATTENTION
- none

NEXT ACTIONS
- Analyze DONE jobs whose DV result is still UNKNOWN/pending.
- Continue incremental monitoring of RUN jobs.
- Triage EXIT/FAIL jobs and rerun fixed patterns when ready.
[reconciliation_cycle] discover_live_jobs failed: bjobs not found on PATH: [WinError 2] 系統找不到指定的檔案。
DV Agent Harness L5 - Periodic Regression Snapshot
Snapshot Time: 2026-09-03 19:19:46
SUMMARY: Total: 0

Job        Pattern / Combination                LSF        DV Analysis        UVM_ERR   UVM_FATAL  Agent Action / Note
----------------------------------------------------------------------------------------------------------------------------------

ATTENTION
- none

NEXT ACTIONS
- Analyze DONE jobs whose DV result is still UNKNOWN/pending.
- Continue incremental monitoring of RUN jobs.
- Triage EXIT/FAIL jobs and rerun fixed patterns when ready.
[reconciliation_cycle] discover_live_jobs failed: bjobs not found on PATH: [WinError 2] 系統找不到指定的檔案。
DV Agent Harness L5 - Periodic Regression Snapshot
Snapshot Time: 2026-09-03 19:24:46
SUMMARY: Total: 0

Job        Pattern / Combination                LSF        DV Analysis        UVM_ERR   UVM_FATAL  Agent Action / Note
----------------------------------------------------------------------------------------------------------------------------------

ATTENTION
- none

NEXT ACTIONS
- Analyze DONE jobs whose DV result is still UNKNOWN/pending.
- Continue incremental monitoring of RUN jobs.
- Triage EXIT/FAIL jobs and rerun fixed patterns when ready.
[reconciliation_cycle] discover_live_jobs failed: bjobs not found on PATH: [WinError 2] 系統找不到指定的檔案。
DV Agent Harness L5 - Periodic Regression Snapshot
Snapshot Time: 2026-09-03 19:29:46
SUMMARY: Total: 0

Job        Pattern / Combination                LSF        DV Analysis        UVM_ERR   UVM_FATAL  Agent Action / Note
----------------------------------------------------------------------------------------------------------------------------------

ATTENTION
- none

NEXT ACTIONS
- Analyze DONE jobs whose DV result is still UNKNOWN/pending.
- Continue incremental monitoring of RUN jobs.
- Triage EXIT/FAIL jobs and rerun fixed patterns when ready.
[reconciliation_cycle] discover_live_jobs failed: bjobs not found on PATH: [WinError 2] 系統找不到指定的檔案。
DV Agent Harness L5 - Periodic Regression Snapshot
Snapshot Time: 2026-09-03 19:34:46
SUMMARY: Total: 0

Job        Pattern / Combination                LSF        DV Analysis        UVM_ERR   UVM_FATAL  Agent Action / Note
----------------------------------------------------------------------------------------------------------------------------------

ATTENTION
- none

NEXT ACTIONS
- Analyze DONE jobs whose DV result is still UNKNOWN/pending.
- Continue incremental monitoring of RUN jobs.
- Triage EXIT/FAIL jobs and rerun fixed patterns when ready.
[reconciliation_cycle] discover_live_jobs failed: bjobs not found on PATH: [WinError 2] 系統找不到指定的檔案。
DV Agent Harness L5 - Periodic Regression Snapshot
Snapshot Time: 2026-09-03 19:39:46
SUMMARY: Total: 0

Job        Pattern / Combination                LSF        DV Analysis        UVM_ERR   UVM_FATAL  Agent Action / Note
----------------------------------------------------------------------------------------------------------------------------------

ATTENTION
- none

NEXT ACTIONS
- Analyze DONE jobs whose DV result is still UNKNOWN/pending.
- Continue incremental monitoring of RUN jobs.
- Triage EXIT/FAIL jobs and rerun fixed patterns when ready.
[reconciliation_cycle] discover_live_jobs failed: bjobs not found on PATH: [WinError 2] 系統找不到指定的檔案。
DV Agent Harness L5 - Periodic Regression Snapshot
Snapshot Time: 2026-09-03 19:44:46
SUMMARY: Total: 0

Job        Pattern / Combination                LSF        DV Analysis        UVM_ERR   UVM_FATAL  Agent Action / Note
----------------------------------------------------------------------------------------------------------------------------------

ATTENTION
- none

NEXT ACTIONS
- Analyze DONE jobs whose DV result is still UNKNOWN/pending.
- Continue incremental monitoring of RUN jobs.
- Triage EXIT/FAIL jobs and rerun fixed patterns when ready.
[reconciliation_cycle] discover_live_jobs failed: bjobs not found on PATH: [WinError 2] 系統找不到指定的檔案。
DV Agent Harness L5 - Periodic Regression Snapshot
Snapshot Time: 2026-09-03 19:49:47
SUMMARY: Total: 0

Job        Pattern / Combination                LSF        DV Analysis        UVM_ERR   UVM_FATAL  Agent Action / Note
----------------------------------------------------------------------------------------------------------------------------------

ATTENTION
- none

NEXT ACTIONS
- Analyze DONE jobs whose DV result is still UNKNOWN/pending.
- Continue incremental monitoring of RUN jobs.
- Triage EXIT/FAIL jobs and rerun fixed patterns when ready.
[reconciliation_cycle] discover_live_jobs failed: bjobs not found on PATH: [WinError 2] 系統找不到指定的檔案。
DV Agent Harness L5 - Periodic Regression Snapshot
Snapshot Time: 2026-09-03 19:54:47
SUMMARY: Total: 0

Job        Pattern / Combination                LSF        DV Analysis        UVM_ERR   UVM_FATAL  Agent Action / Note
----------------------------------------------------------------------------------------------------------------------------------

ATTENTION
- none

NEXT ACTIONS
- Analyze DONE jobs whose DV result is still UNKNOWN/pending.
- Continue incremental monitoring of RUN jobs.
- Triage EXIT/FAIL jobs and rerun fixed patterns when ready.
[reconciliation_cycle] discover_live_jobs failed: bjobs not found on PATH: [WinError 2] 系統找不到指定的檔案。
DV Agent Harness L5 - Periodic Regression Snapshot
Snapshot Time: 2026-09-03 19:59:47
SUMMARY: Total: 0

Job        Pattern / Combination                LSF        DV Analysis        UVM_ERR   UVM_FATAL  Agent Action / Note
----------------------------------------------------------------------------------------------------------------------------------

ATTENTION
- none

NEXT ACTIONS
- Analyze DONE jobs whose DV result is still UNKNOWN/pending.
- Continue incremental monitoring of RUN jobs.
- Triage EXIT/FAIL jobs and rerun fixed patterns when ready.
[reconciliation_cycle] discover_live_jobs failed: bjobs not found on PATH: [WinError 2] 系統找不到指定的檔案。
DV Agent Harness L5 - Periodic Regression Snapshot
Snapshot Time: 2026-09-03 20:04:48
SUMMARY: Total: 0

Job        Pattern / Combination                LSF        DV Analysis        UVM_ERR   UVM_FATAL  Agent Action / Note
----------------------------------------------------------------------------------------------------------------------------------

ATTENTION
- none

NEXT ACTIONS
- Analyze DONE jobs whose DV result is still UNKNOWN/pending.
- Continue incremental monitoring of RUN jobs.
- Triage EXIT/FAIL jobs and rerun fixed patterns when ready.
[reconciliation_cycle] discover_live_jobs failed: bjobs not found on PATH: [WinError 2] 系統找不到指定的檔案。
DV Agent Harness L5 - Periodic Regression Snapshot
Snapshot Time: 2026-09-03 20:09:48
SUMMARY: Total: 0

Job        Pattern / Combination                LSF        DV Analysis        UVM_ERR   UVM_FATAL  Agent Action / Note
----------------------------------------------------------------------------------------------------------------------------------

ATTENTION
- none

NEXT ACTIONS
- Analyze DONE jobs whose DV result is still UNKNOWN/pending.
- Continue incremental monitoring of RUN jobs.
- Triage EXIT/FAIL jobs and rerun fixed patterns when ready.
[reconciliation_cycle] discover_live_jobs failed: bjobs not found on PATH: [WinError 2] 系統找不到指定的檔案。
DV Agent Harness L5 - Periodic Regression Snapshot
Snapshot Time: 2026-09-03 20:14:48
SUMMARY: Total: 0

Job        Pattern / Combination                LSF        DV Analysis        UVM_ERR   UVM_FATAL  Agent Action / Note
----------------------------------------------------------------------------------------------------------------------------------

ATTENTION
- none

NEXT ACTIONS
- Analyze DONE jobs whose DV result is still UNKNOWN/pending.
- Continue incremental monitoring of RUN jobs.
- Triage EXIT/FAIL jobs and rerun fixed patterns when ready.
[reconciliation_cycle] discover_live_jobs failed: bjobs not found on PATH: [WinError 2] 系統找不到指定的檔案。
DV Agent Harness L5 - Periodic Regression Snapshot
Snapshot Time: 2026-09-03 20:19:48
SUMMARY: Total: 0

Job        Pattern / Combination                LSF        DV Analysis        UVM_ERR   UVM_FATAL  Agent Action / Note
----------------------------------------------------------------------------------------------------------------------------------

ATTENTION
- none

NEXT ACTIONS
- Analyze DONE jobs whose DV result is still UNKNOWN/pending.
- Continue incremental monitoring of RUN jobs.
- Triage EXIT/FAIL jobs and rerun fixed patterns when ready.
[reconciliation_cycle] discover_live_jobs failed: bjobs not found on PATH: [WinError 2] 系統找不到指定的檔案。
DV Agent Harness L5 - Periodic Regression Snapshot
Snapshot Time: 2026-09-03 20:24:49
SUMMARY: Total: 0

Job        Pattern / Combination                LSF        DV Analysis        UVM_ERR   UVM_FATAL  Agent Action / Note
----------------------------------------------------------------------------------------------------------------------------------

ATTENTION
- none

NEXT ACTIONS
- Analyze DONE jobs whose DV result is still UNKNOWN/pending.
- Continue incremental monitoring of RUN jobs.
- Triage EXIT/FAIL jobs and rerun fixed patterns when ready.
[reconciliation_cycle] discover_live_jobs failed: bjobs not found on PATH: [WinError 2] 系統找不到指定的檔案。
DV Agent Harness L5 - Periodic Regression Snapshot
Snapshot Time: 2026-09-03 20:29:49
SUMMARY: Total: 0

Job        Pattern / Combination                LSF        DV Analysis        UVM_ERR   UVM_FATAL  Agent Action / Note
----------------------------------------------------------------------------------------------------------------------------------

ATTENTION
- none

NEXT ACTIONS
- Analyze DONE jobs whose DV result is still UNKNOWN/pending.
- Continue incremental monitoring of RUN jobs.
- Triage EXIT/FAIL jobs and rerun fixed patterns when ready.
[reconciliation_cycle] discover_live_jobs failed: bjobs not found on PATH: [WinError 2] 系統找不到指定的檔案。
DV Agent Harness L5 - Periodic Regression Snapshot
Snapshot Time: 2026-09-03 20:34:49
SUMMARY: Total: 0

Job        Pattern / Combination                LSF        DV Analysis        UVM_ERR   UVM_FATAL  Agent Action / Note
----------------------------------------------------------------------------------------------------------------------------------

ATTENTION
- none

NEXT ACTIONS
- Analyze DONE jobs whose DV result is still UNKNOWN/pending.
- Continue incremental monitoring of RUN jobs.
- Triage EXIT/FAIL jobs and rerun fixed patterns when ready.
[reconciliation_cycle] discover_live_jobs failed: bjobs not found on PATH: [WinError 2] 系統找不到指定的檔案。
DV Agent Harness L5 - Periodic Regression Snapshot
Snapshot Time: 2026-09-03 20:39:49
SUMMARY: Total: 0

Job        Pattern / Combination                LSF        DV Analysis        UVM_ERR   UVM_FATAL  Agent Action / Note
----------------------------------------------------------------------------------------------------------------------------------

ATTENTION
- none

NEXT ACTIONS
- Analyze DONE jobs whose DV result is still UNKNOWN/pending.
- Continue incremental monitoring of RUN jobs.
- Triage EXIT/FAIL jobs and rerun fixed patterns when ready.
[reconciliation_cycle] discover_live_jobs failed: bjobs not found on PATH: [WinError 2] 系統找不到指定的檔案。
DV Agent Harness L5 - Periodic Regression Snapshot
Snapshot Time: 2026-09-03 20:44:49
SUMMARY: Total: 0

Job        Pattern / Combination                LSF        DV Analysis        UVM_ERR   UVM_FATAL  Agent Action / Note
----------------------------------------------------------------------------------------------------------------------------------

ATTENTION
- none

NEXT ACTIONS
- Analyze DONE jobs whose DV result is still UNKNOWN/pending.
- Continue incremental monitoring of RUN jobs.
- Triage EXIT/FAIL jobs and rerun fixed patterns when ready.
[reconciliation_cycle] discover_live_jobs failed: bjobs not found on PATH: [WinError 2] 系統找不到指定的檔案。
DV Agent Harness L5 - Periodic Regression Snapshot
Snapshot Time: 2026-09-03 20:49:49
SUMMARY: Total: 0

Job        Pattern / Combination                LSF        DV Analysis        UVM_ERR   UVM_FATAL  Agent Action / Note
----------------------------------------------------------------------------------------------------------------------------------

ATTENTION
- none

NEXT ACTIONS
- Analyze DONE jobs whose DV result is still UNKNOWN/pending.
- Continue incremental monitoring of RUN jobs.
- Triage EXIT/FAIL jobs and rerun fixed patterns when ready.
[reconciliation_cycle] discover_live_jobs failed: bjobs not found on PATH: [WinError 2] 系統找不到指定的檔案。
DV Agent Harness L5 - Periodic Regression Snapshot
Snapshot Time: 2026-09-03 20:54:49
SUMMARY: Total: 0

Job        Pattern / Combination                LSF        DV Analysis        UVM_ERR   UVM_FATAL  Agent Action / Note
----------------------------------------------------------------------------------------------------------------------------------

ATTENTION
- none

NEXT ACTIONS
- Analyze DONE jobs whose DV result is still UNKNOWN/pending.
- Continue incremental monitoring of RUN jobs.
- Triage EXIT/FAIL jobs and rerun fixed patterns when ready.
[reconciliation_cycle] discover_live_jobs failed: bjobs not found on PATH: [WinError 2] 系統找不到指定的檔案。
DV Agent Harness L5 - Periodic Regression Snapshot
Snapshot Time: 2026-09-03 20:59:49
SUMMARY: Total: 0

Job        Pattern / Combination                LSF        DV Analysis        UVM_ERR   UVM_FATAL  Agent Action / Note
----------------------------------------------------------------------------------------------------------------------------------

ATTENTION
- none

NEXT ACTIONS
- Analyze DONE jobs whose DV result is still UNKNOWN/pending.
- Continue incremental monitoring of RUN jobs.
- Triage EXIT/FAIL jobs and rerun fixed patterns when ready.
[reconciliation_cycle] discover_live_jobs failed: bjobs not found on PATH: [WinError 2] 系統找不到指定的檔案。
DV Agent Harness L5 - Periodic Regression Snapshot
Snapshot Time: 2026-09-03 21:04:49
SUMMARY: Total: 0

Job        Pattern / Combination                LSF        DV Analysis        UVM_ERR   UVM_FATAL  Agent Action / Note
----------------------------------------------------------------------------------------------------------------------------------

ATTENTION
- none

NEXT ACTIONS
- Analyze DONE jobs whose DV result is still UNKNOWN/pending.
- Continue incremental monitoring of RUN jobs.
- Triage EXIT/FAIL jobs and rerun fixed patterns when ready.
[reconciliation_cycle] discover_live_jobs failed: bjobs not found on PATH: [WinError 2] 系統找不到指定的檔案。
DV Agent Harness L5 - Periodic Regression Snapshot
Snapshot Time: 2026-09-03 21:09:49
SUMMARY: Total: 0

Job        Pattern / Combination                LSF        DV Analysis        UVM_ERR   UVM_FATAL  Agent Action / Note
----------------------------------------------------------------------------------------------------------------------------------

ATTENTION
- none

NEXT ACTIONS
- Analyze DONE jobs whose DV result is still UNKNOWN/pending.
- Continue incremental monitoring of RUN jobs.
- Triage EXIT/FAIL jobs and rerun fixed patterns when ready.
[reconciliation_cycle] discover_live_jobs failed: bjobs not found on PATH: [WinError 2] 系統找不到指定的檔案。
DV Agent Harness L5 - Periodic Regression Snapshot
Snapshot Time: 2026-09-03 21:14:50
SUMMARY: Total: 0

Job        Pattern / Combination                LSF        DV Analysis        UVM_ERR   UVM_FATAL  Agent Action / Note
----------------------------------------------------------------------------------------------------------------------------------

ATTENTION
- none

NEXT ACTIONS
- Analyze DONE jobs whose DV result is still UNKNOWN/pending.
- Continue incremental monitoring of RUN jobs.
- Triage EXIT/FAIL jobs and rerun fixed patterns when ready.
[reconciliation_cycle] discover_live_jobs failed: bjobs not found on PATH: [WinError 2] 系統找不到指定的檔案。
DV Agent Harness L5 - Periodic Regression Snapshot
Snapshot Time: 2026-09-03 21:19:50
SUMMARY: Total: 0

Job        Pattern / Combination                LSF        DV Analysis        UVM_ERR   UVM_FATAL  Agent Action / Note
----------------------------------------------------------------------------------------------------------------------------------

ATTENTION
- none

NEXT ACTIONS
- Analyze DONE jobs whose DV result is still UNKNOWN/pending.
- Continue incremental monitoring of RUN jobs.
- Triage EXIT/FAIL jobs and rerun fixed patterns when ready.
[reconciliation_cycle] discover_live_jobs failed: bjobs not found on PATH: [WinError 2] 系統找不到指定的檔案。
DV Agent Harness L5 - Periodic Regression Snapshot
Snapshot Time: 2026-09-03 21:24:50
SUMMARY: Total: 0

Job        Pattern / Combination                LSF        DV Analysis        UVM_ERR   UVM_FATAL  Agent Action / Note
----------------------------------------------------------------------------------------------------------------------------------

ATTENTION
- none

NEXT ACTIONS
- Analyze DONE jobs whose DV result is still UNKNOWN/pending.
- Continue incremental monitoring of RUN jobs.
- Triage EXIT/FAIL jobs and rerun fixed patterns when ready.
[reconciliation_cycle] discover_live_jobs failed: bjobs not found on PATH: [WinError 2] 系統找不到指定的檔案。
DV Agent Harness L5 - Periodic Regression Snapshot
Snapshot Time: 2026-09-03 21:29:50
SUMMARY: Total: 0

Job        Pattern / Combination                LSF        DV Analysis        UVM_ERR   UVM_FATAL  Agent Action / Note
----------------------------------------------------------------------------------------------------------------------------------

ATTENTION
- none

NEXT ACTIONS
- Analyze DONE jobs whose DV result is still UNKNOWN/pending.
- Continue incremental monitoring of RUN jobs.
- Triage EXIT/FAIL jobs and rerun fixed patterns when ready.
[reconciliation_cycle] discover_live_jobs failed: bjobs not found on PATH: [WinError 2] 系統找不到指定的檔案。
DV Agent Harness L5 - Periodic Regression Snapshot
Snapshot Time: 2026-09-03 21:34:50
SUMMARY: Total: 0

Job        Pattern / Combination                LSF        DV Analysis        UVM_ERR   UVM_FATAL  Agent Action / Note
----------------------------------------------------------------------------------------------------------------------------------

ATTENTION
- none

NEXT ACTIONS
- Analyze DONE jobs whose DV result is still UNKNOWN/pending.
- Continue incremental monitoring of RUN jobs.
- Triage EXIT/FAIL jobs and rerun fixed patterns when ready.
[reconciliation_cycle] discover_live_jobs failed: bjobs not found on PATH: [WinError 2] 系統找不到指定的檔案。
DV Agent Harness L5 - Periodic Regression Snapshot
Snapshot Time: 2026-09-03 21:39:50
SUMMARY: Total: 0

Job        Pattern / Combination                LSF        DV Analysis        UVM_ERR   UVM_FATAL  Agent Action / Note
----------------------------------------------------------------------------------------------------------------------------------

ATTENTION
- none

NEXT ACTIONS
- Analyze DONE jobs whose DV result is still UNKNOWN/pending.
- Continue incremental monitoring of RUN jobs.
- Triage EXIT/FAIL jobs and rerun fixed patterns when ready.
[reconciliation_cycle] discover_live_jobs failed: bjobs not found on PATH: [WinError 2] 系統找不到指定的檔案。
DV Agent Harness L5 - Periodic Regression Snapshot
Snapshot Time: 2026-09-03 21:44:50
SUMMARY: Total: 0

Job        Pattern / Combination                LSF        DV Analysis        UVM_ERR   UVM_FATAL  Agent Action / Note
----------------------------------------------------------------------------------------------------------------------------------

ATTENTION
- none

NEXT ACTIONS
- Analyze DONE jobs whose DV result is still UNKNOWN/pending.
- Continue incremental monitoring of RUN jobs.
- Triage EXIT/FAIL jobs and rerun fixed patterns when ready.
[reconciliation_cycle] discover_live_jobs failed: bjobs not found on PATH: [WinError 2] 系統找不到指定的檔案。
DV Agent Harness L5 - Periodic Regression Snapshot
Snapshot Time: 2026-09-03 21:49:50
SUMMARY: Total: 0

Job        Pattern / Combination                LSF        DV Analysis        UVM_ERR   UVM_FATAL  Agent Action / Note
----------------------------------------------------------------------------------------------------------------------------------

ATTENTION
- none

NEXT ACTIONS
- Analyze DONE jobs whose DV result is still UNKNOWN/pending.
- Continue incremental monitoring of RUN jobs.
- Triage EXIT/FAIL jobs and rerun fixed patterns when ready.
[reconciliation_cycle] discover_live_jobs failed: bjobs not found on PATH: [WinError 2] 系統找不到指定的檔案。
DV Agent Harness L5 - Periodic Regression Snapshot
Snapshot Time: 2026-09-03 21:54:50
SUMMARY: Total: 0

Job        Pattern / Combination                LSF        DV Analysis        UVM_ERR   UVM_FATAL  Agent Action / Note
----------------------------------------------------------------------------------------------------------------------------------

ATTENTION
- none

NEXT ACTIONS
- Analyze DONE jobs whose DV result is still UNKNOWN/pending.
- Continue incremental monitoring of RUN jobs.
- Triage EXIT/FAIL jobs and rerun fixed patterns when ready.
[reconciliation_cycle] discover_live_jobs failed: bjobs not found on PATH: [WinError 2] 系統找不到指定的檔案。
DV Agent Harness L5 - Periodic Regression Snapshot
Snapshot Time: 2026-09-03 21:59:50
SUMMARY: Total: 0

Job        Pattern / Combination                LSF        DV Analysis        UVM_ERR   UVM_FATAL  Agent Action / Note
----------------------------------------------------------------------------------------------------------------------------------

ATTENTION
- none

NEXT ACTIONS
- Analyze DONE jobs whose DV result is still UNKNOWN/pending.
- Continue incremental monitoring of RUN jobs.
- Triage EXIT/FAIL jobs and rerun fixed patterns when ready.
[reconciliation_cycle] discover_live_jobs failed: bjobs not found on PATH: [WinError 2] 系統找不到指定的檔案。
DV Agent Harness L5 - Periodic Regression Snapshot
Snapshot Time: 2026-09-03 22:04:51
SUMMARY: Total: 0

Job        Pattern / Combination                LSF        DV Analysis        UVM_ERR   UVM_FATAL  Agent Action / Note
----------------------------------------------------------------------------------------------------------------------------------

ATTENTION
- none

NEXT ACTIONS
- Analyze DONE jobs whose DV result is still UNKNOWN/pending.
- Continue incremental monitoring of RUN jobs.
- Triage EXIT/FAIL jobs and rerun fixed patterns when ready.
[reconciliation_cycle] discover_live_jobs failed: bjobs not found on PATH: [WinError 2] 系統找不到指定的檔案。
DV Agent Harness L5 - Periodic Regression Snapshot
Snapshot Time: 2026-09-03 22:09:51
SUMMARY: Total: 0

Job        Pattern / Combination                LSF        DV Analysis        UVM_ERR   UVM_FATAL  Agent Action / Note
----------------------------------------------------------------------------------------------------------------------------------

ATTENTION
- none

NEXT ACTIONS
- Analyze DONE jobs whose DV result is still UNKNOWN/pending.
- Continue incremental monitoring of RUN jobs.
- Triage EXIT/FAIL jobs and rerun fixed patterns when ready.
[reconciliation_cycle] discover_live_jobs failed: bjobs not found on PATH: [WinError 2] 系統找不到指定的檔案。
DV Agent Harness L5 - Periodic Regression Snapshot
Snapshot Time: 2026-09-03 22:14:51
SUMMARY: Total: 0

Job        Pattern / Combination                LSF        DV Analysis        UVM_ERR   UVM_FATAL  Agent Action / Note
----------------------------------------------------------------------------------------------------------------------------------

ATTENTION
- none

NEXT ACTIONS
- Analyze DONE jobs whose DV result is still UNKNOWN/pending.
- Continue incremental monitoring of RUN jobs.
- Triage EXIT/FAIL jobs and rerun fixed patterns when ready.
[reconciliation_cycle] discover_live_jobs failed: bjobs not found on PATH: [WinError 2] 系統找不到指定的檔案。
DV Agent Harness L5 - Periodic Regression Snapshot
Snapshot Time: 2026-09-03 22:19:51
SUMMARY: Total: 0

Job        Pattern / Combination                LSF        DV Analysis        UVM_ERR   UVM_FATAL  Agent Action / Note
----------------------------------------------------------------------------------------------------------------------------------

ATTENTION
- none

NEXT ACTIONS
- Analyze DONE jobs whose DV result is still UNKNOWN/pending.
- Continue incremental monitoring of RUN jobs.
- Triage EXIT/FAIL jobs and rerun fixed patterns when ready.
[reconciliation_cycle] discover_live_jobs failed: bjobs not found on PATH: [WinError 2] 系統找不到指定的檔案。
DV Agent Harness L5 - Periodic Regression Snapshot
Snapshot Time: 2026-09-03 22:24:51
SUMMARY: Total: 0

Job        Pattern / Combination                LSF        DV Analysis        UVM_ERR   UVM_FATAL  Agent Action / Note
----------------------------------------------------------------------------------------------------------------------------------

ATTENTION
- none

NEXT ACTIONS
- Analyze DONE jobs whose DV result is still UNKNOWN/pending.
- Continue incremental monitoring of RUN jobs.
- Triage EXIT/FAIL jobs and rerun fixed patterns when ready.
[reconciliation_cycle] discover_live_jobs failed: bjobs not found on PATH: [WinError 2] 系統找不到指定的檔案。
DV Agent Harness L5 - Periodic Regression Snapshot
Snapshot Time: 2026-09-03 22:29:51
SUMMARY: Total: 0

Job        Pattern / Combination                LSF        DV Analysis        UVM_ERR   UVM_FATAL  Agent Action / Note
----------------------------------------------------------------------------------------------------------------------------------

ATTENTION
- none

NEXT ACTIONS
- Analyze DONE jobs whose DV result is still UNKNOWN/pending.
- Continue incremental monitoring of RUN jobs.
- Triage EXIT/FAIL jobs and rerun fixed patterns when ready.
[reconciliation_cycle] discover_live_jobs failed: bjobs not found on PATH: [WinError 2] 系統找不到指定的檔案。
DV Agent Harness L5 - Periodic Regression Snapshot
Snapshot Time: 2026-09-03 22:34:51
SUMMARY: Total: 0

Job        Pattern / Combination                LSF        DV Analysis        UVM_ERR   UVM_FATAL  Agent Action / Note
----------------------------------------------------------------------------------------------------------------------------------

ATTENTION
- none

NEXT ACTIONS
- Analyze DONE jobs whose DV result is still UNKNOWN/pending.
- Continue incremental monitoring of RUN jobs.
- Triage EXIT/FAIL jobs and rerun fixed patterns when ready.
[reconciliation_cycle] discover_live_jobs failed: bjobs not found on PATH: [WinError 2] 系統找不到指定的檔案。
DV Agent Harness L5 - Periodic Regression Snapshot
Snapshot Time: 2026-09-03 22:39:51
SUMMARY: Total: 0

Job        Pattern / Combination                LSF        DV Analysis        UVM_ERR   UVM_FATAL  Agent Action / Note
----------------------------------------------------------------------------------------------------------------------------------

ATTENTION
- none

NEXT ACTIONS
- Analyze DONE jobs whose DV result is still UNKNOWN/pending.
- Continue incremental monitoring of RUN jobs.
- Triage EXIT/FAIL jobs and rerun fixed patterns when ready.
[reconciliation_cycle] discover_live_jobs failed: bjobs not found on PATH: [WinError 2] 系統找不到指定的檔案。
DV Agent Harness L5 - Periodic Regression Snapshot
Snapshot Time: 2026-09-03 22:44:51
SUMMARY: Total: 0

Job        Pattern / Combination                LSF        DV Analysis        UVM_ERR   UVM_FATAL  Agent Action / Note
----------------------------------------------------------------------------------------------------------------------------------

ATTENTION
- none

NEXT ACTIONS
- Analyze DONE jobs whose DV result is still UNKNOWN/pending.
- Continue incremental monitoring of RUN jobs.
- Triage EXIT/FAIL jobs and rerun fixed patterns when ready.
[reconciliation_cycle] discover_live_jobs failed: bjobs not found on PATH: [WinError 2] 系統找不到指定的檔案。
DV Agent Harness L5 - Periodic Regression Snapshot
Snapshot Time: 2026-09-03 22:49:51
SUMMARY: Total: 0

Job        Pattern / Combination                LSF        DV Analysis        UVM_ERR   UVM_FATAL  Agent Action / Note
----------------------------------------------------------------------------------------------------------------------------------

ATTENTION
- none

NEXT ACTIONS
- Analyze DONE jobs whose DV result is still UNKNOWN/pending.
- Continue incremental monitoring of RUN jobs.
- Triage EXIT/FAIL jobs and rerun fixed patterns when ready.
[reconciliation_cycle] discover_live_jobs failed: bjobs not found on PATH: [WinError 2] 系統找不到指定的檔案。
DV Agent Harness L5 - Periodic Regression Snapshot
Snapshot Time: 2026-09-03 22:54:51
SUMMARY: Total: 0

Job        Pattern / Combination                LSF        DV Analysis        UVM_ERR   UVM_FATAL  Agent Action / Note
----------------------------------------------------------------------------------------------------------------------------------

ATTENTION
- none

NEXT ACTIONS
- Analyze DONE jobs whose DV result is still UNKNOWN/pending.
- Continue incremental monitoring of RUN jobs.
- Triage EXIT/FAIL jobs and rerun fixed patterns when ready.
[reconciliation_cycle] discover_live_jobs failed: bjobs not found on PATH: [WinError 2] 系統找不到指定的檔案。
DV Agent Harness L5 - Periodic Regression Snapshot
Snapshot Time: 2026-09-03 22:59:51
SUMMARY: Total: 0

Job        Pattern / Combination                LSF        DV Analysis        UVM_ERR   UVM_FATAL  Agent Action / Note
----------------------------------------------------------------------------------------------------------------------------------

ATTENTION
- none

NEXT ACTIONS
- Analyze DONE jobs whose DV result is still UNKNOWN/pending.
- Continue incremental monitoring of RUN jobs.
- Triage EXIT/FAIL jobs and rerun fixed patterns when ready.
[reconciliation_cycle] discover_live_jobs failed: bjobs not found on PATH: [WinError 2] 系統找不到指定的檔案。
DV Agent Harness L5 - Periodic Regression Snapshot
Snapshot Time: 2026-09-03 23:04:51
SUMMARY: Total: 0

Job        Pattern / Combination                LSF        DV Analysis        UVM_ERR   UVM_FATAL  Agent Action / Note
----------------------------------------------------------------------------------------------------------------------------------

ATTENTION
- none

NEXT ACTIONS
- Analyze DONE jobs whose DV result is still UNKNOWN/pending.
- Continue incremental monitoring of RUN jobs.
- Triage EXIT/FAIL jobs and rerun fixed patterns when ready.
[reconciliation_cycle] discover_live_jobs failed: bjobs not found on PATH: [WinError 2] 系統找不到指定的檔案。
DV Agent Harness L5 - Periodic Regression Snapshot
Snapshot Time: 2026-09-03 23:09:51
SUMMARY: Total: 0

Job        Pattern / Combination                LSF        DV Analysis        UVM_ERR   UVM_FATAL  Agent Action / Note
----------------------------------------------------------------------------------------------------------------------------------

ATTENTION
- none

NEXT ACTIONS
- Analyze DONE jobs whose DV result is still UNKNOWN/pending.
- Continue incremental monitoring of RUN jobs.
- Triage EXIT/FAIL jobs and rerun fixed patterns when ready.
[reconciliation_cycle] discover_live_jobs failed: bjobs not found on PATH: [WinError 2] 系統找不到指定的檔案。
DV Agent Harness L5 - Periodic Regression Snapshot
Snapshot Time: 2026-09-03 23:14:51
SUMMARY: Total: 0

Job        Pattern / Combination                LSF        DV Analysis        UVM_ERR   UVM_FATAL  Agent Action / Note
----------------------------------------------------------------------------------------------------------------------------------

ATTENTION
- none

NEXT ACTIONS
- Analyze DONE jobs whose DV result is still UNKNOWN/pending.
- Continue incremental monitoring of RUN jobs.
- Triage EXIT/FAIL jobs and rerun fixed patterns when ready.
[reconciliation_cycle] discover_live_jobs failed: bjobs not found on PATH: [WinError 2] 系統找不到指定的檔案。
DV Agent Harness L5 - Periodic Regression Snapshot
Snapshot Time: 2026-09-03 23:19:51
SUMMARY: Total: 0

Job        Pattern / Combination                LSF        DV Analysis        UVM_ERR   UVM_FATAL  Agent Action / Note
----------------------------------------------------------------------------------------------------------------------------------

ATTENTION
- none

NEXT ACTIONS
- Analyze DONE jobs whose DV result is still UNKNOWN/pending.
- Continue incremental monitoring of RUN jobs.
- Triage EXIT/FAIL jobs and rerun fixed patterns when ready.
[reconciliation_cycle] discover_live_jobs failed: bjobs not found on PATH: [WinError 2] 系統找不到指定的檔案。
DV Agent Harness L5 - Periodic Regression Snapshot
Snapshot Time: 2026-09-03 23:24:51
SUMMARY: Total: 0

Job        Pattern / Combination                LSF        DV Analysis        UVM_ERR   UVM_FATAL  Agent Action / Note
----------------------------------------------------------------------------------------------------------------------------------

ATTENTION
- none

NEXT ACTIONS
- Analyze DONE jobs whose DV result is still UNKNOWN/pending.
- Continue incremental monitoring of RUN jobs.
- Triage EXIT/FAIL jobs and rerun fixed patterns when ready.
[reconciliation_cycle] discover_live_jobs failed: bjobs not found on PATH: [WinError 2] 系統找不到指定的檔案。
DV Agent Harness L5 - Periodic Regression Snapshot
Snapshot Time: 2026-09-03 23:29:51
SUMMARY: Total: 0

Job        Pattern / Combination                LSF        DV Analysis        UVM_ERR   UVM_FATAL  Agent Action / Note
----------------------------------------------------------------------------------------------------------------------------------

ATTENTION
- none

NEXT ACTIONS
- Analyze DONE jobs whose DV result is still UNKNOWN/pending.
- Continue incremental monitoring of RUN jobs.
- Triage EXIT/FAIL jobs and rerun fixed patterns when ready.
[reconciliation_cycle] discover_live_jobs failed: bjobs not found on PATH: [WinError 2] 系統找不到指定的檔案。
DV Agent Harness L5 - Periodic Regression Snapshot
Snapshot Time: 2026-09-03 23:34:51
SUMMARY: Total: 0

Job        Pattern / Combination                LSF        DV Analysis        UVM_ERR   UVM_FATAL  Agent Action / Note
----------------------------------------------------------------------------------------------------------------------------------

ATTENTION
- none

NEXT ACTIONS
- Analyze DONE jobs whose DV result is still UNKNOWN/pending.
- Continue incremental monitoring of RUN jobs.
- Triage EXIT/FAIL jobs and rerun fixed patterns when ready.
[reconciliation_cycle] discover_live_jobs failed: bjobs not found on PATH: [WinError 2] 系統找不到指定的檔案。
DV Agent Harness L5 - Periodic Regression Snapshot
Snapshot Time: 2026-09-03 23:39:51
SUMMARY: Total: 0

Job        Pattern / Combination                LSF        DV Analysis        UVM_ERR   UVM_FATAL  Agent Action / Note
----------------------------------------------------------------------------------------------------------------------------------

ATTENTION
- none

NEXT ACTIONS
- Analyze DONE jobs whose DV result is still UNKNOWN/pending.
- Continue incremental monitoring of RUN jobs.
- Triage EXIT/FAIL jobs and rerun fixed patterns when ready.
[reconciliation_cycle] discover_live_jobs failed: bjobs not found on PATH: [WinError 2] 系統找不到指定的檔案。
DV Agent Harness L5 - Periodic Regression Snapshot
Snapshot Time: 2026-09-03 23:44:51
SUMMARY: Total: 0

Job        Pattern / Combination                LSF        DV Analysis        UVM_ERR   UVM_FATAL  Agent Action / Note
----------------------------------------------------------------------------------------------------------------------------------

ATTENTION
- none

NEXT ACTIONS
- Analyze DONE jobs whose DV result is still UNKNOWN/pending.
- Continue incremental monitoring of RUN jobs.
- Triage EXIT/FAIL jobs and rerun fixed patterns when ready.
[reconciliation_cycle] discover_live_jobs failed: bjobs not found on PATH: [WinError 2] 系統找不到指定的檔案。
DV Agent Harness L5 - Periodic Regression Snapshot
Snapshot Time: 2026-09-03 23:49:51
SUMMARY: Total: 0

Job        Pattern / Combination                LSF        DV Analysis        UVM_ERR   UVM_FATAL  Agent Action / Note
----------------------------------------------------------------------------------------------------------------------------------

ATTENTION
- none

NEXT ACTIONS
- Analyze DONE jobs whose DV result is still UNKNOWN/pending.
- Continue incremental monitoring of RUN jobs.
- Triage EXIT/FAIL jobs and rerun fixed patterns when ready.
[reconciliation_cycle] discover_live_jobs failed: bjobs not found on PATH: [WinError 2] 系統找不到指定的檔案。
DV Agent Harness L5 - Periodic Regression Snapshot
Snapshot Time: 2026-09-03 23:54:51
SUMMARY: Total: 0

Job        Pattern / Combination                LSF        DV Analysis        UVM_ERR   UVM_FATAL  Agent Action / Note
----------------------------------------------------------------------------------------------------------------------------------

ATTENTION
- none

NEXT ACTIONS
- Analyze DONE jobs whose DV result is still UNKNOWN/pending.
- Continue incremental monitoring of RUN jobs.
- Triage EXIT/FAIL jobs and rerun fixed patterns when ready.
[reconciliation_cycle] discover_live_jobs failed: bjobs not found on PATH: [WinError 2] 系統找不到指定的檔案。
DV Agent Harness L5 - Periodic Regression Snapshot
Snapshot Time: 2026-09-03 23:59:51
SUMMARY: Total: 0

Job        Pattern / Combination                LSF        DV Analysis        UVM_ERR   UVM_FATAL  Agent Action / Note
----------------------------------------------------------------------------------------------------------------------------------

ATTENTION
- none

NEXT ACTIONS
- Analyze DONE jobs whose DV result is still UNKNOWN/pending.
- Continue incremental monitoring of RUN jobs.
- Triage EXIT/FAIL jobs and rerun fixed patterns when ready.
[reconciliation_cycle] discover_live_jobs failed: bjobs not found on PATH: [WinError 2] 系統找不到指定的檔案。
DV Agent Harness L5 - Periodic Regression Snapshot
Snapshot Time: 2026-09-04 00:04:51
SUMMARY: Total: 0

Job        Pattern / Combination                LSF        DV Analysis        UVM_ERR   UVM_FATAL  Agent Action / Note
----------------------------------------------------------------------------------------------------------------------------------

ATTENTION
- none

NEXT ACTIONS
- Analyze DONE jobs whose DV result is still UNKNOWN/pending.
- Continue incremental monitoring of RUN jobs.
- Triage EXIT/FAIL jobs and rerun fixed patterns when ready.
[reconciliation_cycle] discover_live_jobs failed: bjobs not found on PATH: [WinError 2] 系統找不到指定的檔案。
DV Agent Harness L5 - Periodic Regression Snapshot
Snapshot Time: 2026-09-04 00:09:51
SUMMARY: Total: 0

Job        Pattern / Combination                LSF        DV Analysis        UVM_ERR   UVM_FATAL  Agent Action / Note
----------------------------------------------------------------------------------------------------------------------------------

ATTENTION
- none

NEXT ACTIONS
- Analyze DONE jobs whose DV result is still UNKNOWN/pending.
- Continue incremental monitoring of RUN jobs.
- Triage EXIT/FAIL jobs and rerun fixed patterns when ready.
[reconciliation_cycle] discover_live_jobs failed: bjobs not found on PATH: [WinError 2] 系統找不到指定的檔案。
DV Agent Harness L5 - Periodic Regression Snapshot
Snapshot Time: 2026-09-04 00:14:51
SUMMARY: Total: 0

Job        Pattern / Combination                LSF        DV Analysis        UVM_ERR   UVM_FATAL  Agent Action / Note
----------------------------------------------------------------------------------------------------------------------------------

ATTENTION
- none

NEXT ACTIONS
- Analyze DONE jobs whose DV result is still UNKNOWN/pending.
- Continue incremental monitoring of RUN jobs.
- Triage EXIT/FAIL jobs and rerun fixed patterns when ready.
[reconciliation_cycle] discover_live_jobs failed: bjobs not found on PATH: [WinError 2] 系統找不到指定的檔案。
DV Agent Harness L5 - Periodic Regression Snapshot
Snapshot Time: 2026-09-04 00:19:51
SUMMARY: Total: 0

Job        Pattern / Combination                LSF        DV Analysis        UVM_ERR   UVM_FATAL  Agent Action / Note
----------------------------------------------------------------------------------------------------------------------------------

ATTENTION
- none

NEXT ACTIONS
- Analyze DONE jobs whose DV result is still UNKNOWN/pending.
- Continue incremental monitoring of RUN jobs.
- Triage EXIT/FAIL jobs and rerun fixed patterns when ready.
[reconciliation_cycle] discover_live_jobs failed: bjobs not found on PATH: [WinError 2] 系統找不到指定的檔案。
DV Agent Harness L5 - Periodic Regression Snapshot
Snapshot Time: 2026-09-04 00:24:51
SUMMARY: Total: 0

Job        Pattern / Combination                LSF        DV Analysis        UVM_ERR   UVM_FATAL  Agent Action / Note
----------------------------------------------------------------------------------------------------------------------------------

ATTENTION
- none

NEXT ACTIONS
- Analyze DONE jobs whose DV result is still UNKNOWN/pending.
- Continue incremental monitoring of RUN jobs.
- Triage EXIT/FAIL jobs and rerun fixed patterns when ready.
[reconciliation_cycle] discover_live_jobs failed: bjobs not found on PATH: [WinError 2] 系統找不到指定的檔案。
DV Agent Harness L5 - Periodic Regression Snapshot
Snapshot Time: 2026-09-04 00:29:51
SUMMARY: Total: 0

Job        Pattern / Combination                LSF        DV Analysis        UVM_ERR   UVM_FATAL  Agent Action / Note
----------------------------------------------------------------------------------------------------------------------------------

ATTENTION
- none

NEXT ACTIONS
- Analyze DONE jobs whose DV result is still UNKNOWN/pending.
- Continue incremental monitoring of RUN jobs.
- Triage EXIT/FAIL jobs and rerun fixed patterns when ready.
[reconciliation_cycle] discover_live_jobs failed: bjobs not found on PATH: [WinError 2] 系統找不到指定的檔案。
DV Agent Harness L5 - Periodic Regression Snapshot
Snapshot Time: 2026-09-04 00:34:51
SUMMARY: Total: 0

Job        Pattern / Combination                LSF        DV Analysis        UVM_ERR   UVM_FATAL  Agent Action / Note
----------------------------------------------------------------------------------------------------------------------------------

ATTENTION
- none

NEXT ACTIONS
- Analyze DONE jobs whose DV result is still UNKNOWN/pending.
- Continue incremental monitoring of RUN jobs.
- Triage EXIT/FAIL jobs and rerun fixed patterns when ready.
[reconciliation_cycle] discover_live_jobs failed: bjobs not found on PATH: [WinError 2] 系統找不到指定的檔案。
DV Agent Harness L5 - Periodic Regression Snapshot
Snapshot Time: 2026-09-04 00:39:51
SUMMARY: Total: 0

Job        Pattern / Combination                LSF        DV Analysis        UVM_ERR   UVM_FATAL  Agent Action / Note
----------------------------------------------------------------------------------------------------------------------------------

ATTENTION
- none

NEXT ACTIONS
- Analyze DONE jobs whose DV result is still UNKNOWN/pending.
- Continue incremental monitoring of RUN jobs.
- Triage EXIT/FAIL jobs and rerun fixed patterns when ready.
[reconciliation_cycle] discover_live_jobs failed: bjobs not found on PATH: [WinError 2] 系統找不到指定的檔案。
DV Agent Harness L5 - Periodic Regression Snapshot
Snapshot Time: 2026-09-04 00:44:51
SUMMARY: Total: 0

Job        Pattern / Combination                LSF        DV Analysis        UVM_ERR   UVM_FATAL  Agent Action / Note
----------------------------------------------------------------------------------------------------------------------------------

ATTENTION
- none

NEXT ACTIONS
- Analyze DONE jobs whose DV result is still UNKNOWN/pending.
- Continue incremental monitoring of RUN jobs.
- Triage EXIT/FAIL jobs and rerun fixed patterns when ready.
[reconciliation_cycle] discover_live_jobs failed: bjobs not found on PATH: [WinError 2] 系統找不到指定的檔案。
DV Agent Harness L5 - Periodic Regression Snapshot
Snapshot Time: 2026-09-04 00:49:52
SUMMARY: Total: 0

Job        Pattern / Combination                LSF        DV Analysis        UVM_ERR   UVM_FATAL  Agent Action / Note
----------------------------------------------------------------------------------------------------------------------------------

ATTENTION
- none

NEXT ACTIONS
- Analyze DONE jobs whose DV result is still UNKNOWN/pending.
- Continue incremental monitoring of RUN jobs.
- Triage EXIT/FAIL jobs and rerun fixed patterns when ready.
[reconciliation_cycle] discover_live_jobs failed: bjobs not found on PATH: [WinError 2] 系統找不到指定的檔案。
DV Agent Harness L5 - Periodic Regression Snapshot
Snapshot Time: 2026-09-04 00:54:52
SUMMARY: Total: 0

Job        Pattern / Combination                LSF        DV Analysis        UVM_ERR   UVM_FATAL  Agent Action / Note
----------------------------------------------------------------------------------------------------------------------------------

ATTENTION
- none

NEXT ACTIONS
- Analyze DONE jobs whose DV result is still UNKNOWN/pending.
- Continue incremental monitoring of RUN jobs.
- Triage EXIT/FAIL jobs and rerun fixed patterns when ready.
[reconciliation_cycle] discover_live_jobs failed: bjobs not found on PATH: [WinError 2] 系統找不到指定的檔案。
DV Agent Harness L5 - Periodic Regression Snapshot
Snapshot Time: 2026-09-04 00:59:52
SUMMARY: Total: 0

Job        Pattern / Combination                LSF        DV Analysis        UVM_ERR   UVM_FATAL  Agent Action / Note
----------------------------------------------------------------------------------------------------------------------------------

ATTENTION
- none

NEXT ACTIONS
- Analyze DONE jobs whose DV result is still UNKNOWN/pending.
- Continue incremental monitoring of RUN jobs.
- Triage EXIT/FAIL jobs and rerun fixed patterns when ready.
[reconciliation_cycle] discover_live_jobs failed: bjobs not found on PATH: [WinError 2] 系統找不到指定的檔案。
DV Agent Harness L5 - Periodic Regression Snapshot
Snapshot Time: 2026-09-04 01:04:52
SUMMARY: Total: 0

Job        Pattern / Combination                LSF        DV Analysis        UVM_ERR   UVM_FATAL  Agent Action / Note
----------------------------------------------------------------------------------------------------------------------------------

ATTENTION
- none

NEXT ACTIONS
- Analyze DONE jobs whose DV result is still UNKNOWN/pending.
- Continue incremental monitoring of RUN jobs.
- Triage EXIT/FAIL jobs and rerun fixed patterns when ready.
[reconciliation_cycle] discover_live_jobs failed: bjobs not found on PATH: [WinError 2] 系統找不到指定的檔案。
DV Agent Harness L5 - Periodic Regression Snapshot
Snapshot Time: 2026-09-04 01:09:52
SUMMARY: Total: 0

Job        Pattern / Combination                LSF        DV Analysis        UVM_ERR   UVM_FATAL  Agent Action / Note
----------------------------------------------------------------------------------------------------------------------------------

ATTENTION
- none

NEXT ACTIONS
- Analyze DONE jobs whose DV result is still UNKNOWN/pending.
- Continue incremental monitoring of RUN jobs.
- Triage EXIT/FAIL jobs and rerun fixed patterns when ready.
[reconciliation_cycle] discover_live_jobs failed: bjobs not found on PATH: [WinError 2] 系統找不到指定的檔案。
DV Agent Harness L5 - Periodic Regression Snapshot
Snapshot Time: 2026-09-04 01:14:52
SUMMARY: Total: 0

Job        Pattern / Combination                LSF        DV Analysis        UVM_ERR   UVM_FATAL  Agent Action / Note
----------------------------------------------------------------------------------------------------------------------------------

ATTENTION
- none

NEXT ACTIONS
- Analyze DONE jobs whose DV result is still UNKNOWN/pending.
- Continue incremental monitoring of RUN jobs.
- Triage EXIT/FAIL jobs and rerun fixed patterns when ready.
[reconciliation_cycle] discover_live_jobs failed: bjobs not found on PATH: [WinError 2] 系統找不到指定的檔案。
DV Agent Harness L5 - Periodic Regression Snapshot
Snapshot Time: 2026-09-04 01:19:53
SUMMARY: Total: 0

Job        Pattern / Combination                LSF        DV Analysis        UVM_ERR   UVM_FATAL  Agent Action / Note
----------------------------------------------------------------------------------------------------------------------------------

ATTENTION
- none

NEXT ACTIONS
- Analyze DONE jobs whose DV result is still UNKNOWN/pending.
- Continue incremental monitoring of RUN jobs.
- Triage EXIT/FAIL jobs and rerun fixed patterns when ready.
[reconciliation_cycle] discover_live_jobs failed: bjobs not found on PATH: [WinError 2] 系統找不到指定的檔案。
DV Agent Harness L5 - Periodic Regression Snapshot
Snapshot Time: 2026-09-04 01:24:53
SUMMARY: Total: 0

Job        Pattern / Combination                LSF        DV Analysis        UVM_ERR   UVM_FATAL  Agent Action / Note
----------------------------------------------------------------------------------------------------------------------------------

ATTENTION
- none

NEXT ACTIONS
- Analyze DONE jobs whose DV result is still UNKNOWN/pending.
- Continue incremental monitoring of RUN jobs.
- Triage EXIT/FAIL jobs and rerun fixed patterns when ready.
[reconciliation_cycle] discover_live_jobs failed: bjobs not found on PATH: [WinError 2] 系統找不到指定的檔案。
DV Agent Harness L5 - Periodic Regression Snapshot
Snapshot Time: 2026-09-04 01:29:53
SUMMARY: Total: 0

Job        Pattern / Combination                LSF        DV Analysis        UVM_ERR   UVM_FATAL  Agent Action / Note
----------------------------------------------------------------------------------------------------------------------------------

ATTENTION
- none

NEXT ACTIONS
- Analyze DONE jobs whose DV result is still UNKNOWN/pending.
- Continue incremental monitoring of RUN jobs.
- Triage EXIT/FAIL jobs and rerun fixed patterns when ready.
[reconciliation_cycle] discover_live_jobs failed: bjobs not found on PATH: [WinError 2] 系統找不到指定的檔案。
DV Agent Harness L5 - Periodic Regression Snapshot
Snapshot Time: 2026-09-04 01:34:53
SUMMARY: Total: 0

Job        Pattern / Combination                LSF        DV Analysis        UVM_ERR   UVM_FATAL  Agent Action / Note
----------------------------------------------------------------------------------------------------------------------------------

ATTENTION
- none

NEXT ACTIONS
- Analyze DONE jobs whose DV result is still UNKNOWN/pending.
- Continue incremental monitoring of RUN jobs.
- Triage EXIT/FAIL jobs and rerun fixed patterns when ready.
[reconciliation_cycle] discover_live_jobs failed: bjobs not found on PATH: [WinError 2] 系統找不到指定的檔案。
DV Agent Harness L5 - Periodic Regression Snapshot
Snapshot Time: 2026-09-04 01:39:53
SUMMARY: Total: 0

Job        Pattern / Combination                LSF        DV Analysis        UVM_ERR   UVM_FATAL  Agent Action / Note
----------------------------------------------------------------------------------------------------------------------------------

ATTENTION
- none

NEXT ACTIONS
- Analyze DONE jobs whose DV result is still UNKNOWN/pending.
- Continue incremental monitoring of RUN jobs.
- Triage EXIT/FAIL jobs and rerun fixed patterns when ready.
[reconciliation_cycle] discover_live_jobs failed: bjobs not found on PATH: [WinError 2] 系統找不到指定的檔案。
DV Agent Harness L5 - Periodic Regression Snapshot
Snapshot Time: 2026-09-04 01:44:53
SUMMARY: Total: 0

Job        Pattern / Combination                LSF        DV Analysis        UVM_ERR   UVM_FATAL  Agent Action / Note
----------------------------------------------------------------------------------------------------------------------------------

ATTENTION
- none

NEXT ACTIONS
- Analyze DONE jobs whose DV result is still UNKNOWN/pending.
- Continue incremental monitoring of RUN jobs.
- Triage EXIT/FAIL jobs and rerun fixed patterns when ready.
[reconciliation_cycle] discover_live_jobs failed: bjobs not found on PATH: [WinError 2] 系統找不到指定的檔案。
DV Agent Harness L5 - Periodic Regression Snapshot
Snapshot Time: 2026-09-04 01:49:53
SUMMARY: Total: 0

Job        Pattern / Combination                LSF        DV Analysis        UVM_ERR   UVM_FATAL  Agent Action / Note
----------------------------------------------------------------------------------------------------------------------------------

ATTENTION
- none

NEXT ACTIONS
- Analyze DONE jobs whose DV result is still UNKNOWN/pending.
- Continue incremental monitoring of RUN jobs.
- Triage EXIT/FAIL jobs and rerun fixed patterns when ready.
[reconciliation_cycle] discover_live_jobs failed: bjobs not found on PATH: [WinError 2] 系統找不到指定的檔案。
DV Agent Harness L5 - Periodic Regression Snapshot
Snapshot Time: 2026-09-04 01:54:53
SUMMARY: Total: 0

Job        Pattern / Combination                LSF        DV Analysis        UVM_ERR   UVM_FATAL  Agent Action / Note
----------------------------------------------------------------------------------------------------------------------------------

ATTENTION
- none

NEXT ACTIONS
- Analyze DONE jobs whose DV result is still UNKNOWN/pending.
- Continue incremental monitoring of RUN jobs.
- Triage EXIT/FAIL jobs and rerun fixed patterns when ready.
[reconciliation_cycle] discover_live_jobs failed: bjobs not found on PATH: [WinError 2] 系統找不到指定的檔案。
DV Agent Harness L5 - Periodic Regression Snapshot
Snapshot Time: 2026-09-04 01:59:53
SUMMARY: Total: 0

Job        Pattern / Combination                LSF        DV Analysis        UVM_ERR   UVM_FATAL  Agent Action / Note
----------------------------------------------------------------------------------------------------------------------------------

ATTENTION
- none

NEXT ACTIONS
- Analyze DONE jobs whose DV result is still UNKNOWN/pending.
- Continue incremental monitoring of RUN jobs.
- Triage EXIT/FAIL jobs and rerun fixed patterns when ready.
[reconciliation_cycle] discover_live_jobs failed: bjobs not found on PATH: [WinError 2] 系統找不到指定的檔案。
DV Agent Harness L5 - Periodic Regression Snapshot
Snapshot Time: 2026-09-04 02:04:53
SUMMARY: Total: 0

Job        Pattern / Combination                LSF        DV Analysis        UVM_ERR   UVM_FATAL  Agent Action / Note
----------------------------------------------------------------------------------------------------------------------------------

ATTENTION
- none

NEXT ACTIONS
- Analyze DONE jobs whose DV result is still UNKNOWN/pending.
- Continue incremental monitoring of RUN jobs.
- Triage EXIT/FAIL jobs and rerun fixed patterns when ready.
[reconciliation_cycle] discover_live_jobs failed: bjobs not found on PATH: [WinError 2] 系統找不到指定的檔案。
DV Agent Harness L5 - Periodic Regression Snapshot
Snapshot Time: 2026-09-04 02:09:53
SUMMARY: Total: 0

Job        Pattern / Combination                LSF        DV Analysis        UVM_ERR   UVM_FATAL  Agent Action / Note
----------------------------------------------------------------------------------------------------------------------------------

ATTENTION
- none

NEXT ACTIONS
- Analyze DONE jobs whose DV result is still UNKNOWN/pending.
- Continue incremental monitoring of RUN jobs.
- Triage EXIT/FAIL jobs and rerun fixed patterns when ready.
[reconciliation_cycle] discover_live_jobs failed: bjobs not found on PATH: [WinError 2] 系統找不到指定的檔案。
DV Agent Harness L5 - Periodic Regression Snapshot
Snapshot Time: 2026-09-04 02:14:53
SUMMARY: Total: 0

Job        Pattern / Combination                LSF        DV Analysis        UVM_ERR   UVM_FATAL  Agent Action / Note
----------------------------------------------------------------------------------------------------------------------------------

ATTENTION
- none

NEXT ACTIONS
- Analyze DONE jobs whose DV result is still UNKNOWN/pending.
- Continue incremental monitoring of RUN jobs.
- Triage EXIT/FAIL jobs and rerun fixed patterns when ready.
[reconciliation_cycle] discover_live_jobs failed: bjobs not found on PATH: [WinError 2] 系統找不到指定的檔案。
DV Agent Harness L5 - Periodic Regression Snapshot
Snapshot Time: 2026-09-04 02:19:53
SUMMARY: Total: 0

Job        Pattern / Combination                LSF        DV Analysis        UVM_ERR   UVM_FATAL  Agent Action / Note
----------------------------------------------------------------------------------------------------------------------------------

ATTENTION
- none

NEXT ACTIONS
- Analyze DONE jobs whose DV result is still UNKNOWN/pending.
- Continue incremental monitoring of RUN jobs.
- Triage EXIT/FAIL jobs and rerun fixed patterns when ready.
[reconciliation_cycle] discover_live_jobs failed: bjobs not found on PATH: [WinError 2] 系統找不到指定的檔案。
DV Agent Harness L5 - Periodic Regression Snapshot
Snapshot Time: 2026-09-04 02:24:53
SUMMARY: Total: 0

Job        Pattern / Combination                LSF        DV Analysis        UVM_ERR   UVM_FATAL  Agent Action / Note
----------------------------------------------------------------------------------------------------------------------------------

ATTENTION
- none

NEXT ACTIONS
- Analyze DONE jobs whose DV result is still UNKNOWN/pending.
- Continue incremental monitoring of RUN jobs.
- Triage EXIT/FAIL jobs and rerun fixed patterns when ready.
[reconciliation_cycle] discover_live_jobs failed: bjobs not found on PATH: [WinError 2] 系統找不到指定的檔案。
DV Agent Harness L5 - Periodic Regression Snapshot
Snapshot Time: 2026-09-04 02:29:54
SUMMARY: Total: 0

Job        Pattern / Combination                LSF        DV Analysis        UVM_ERR   UVM_FATAL  Agent Action / Note
----------------------------------------------------------------------------------------------------------------------------------

ATTENTION
- none

NEXT ACTIONS
- Analyze DONE jobs whose DV result is still UNKNOWN/pending.
- Continue incremental monitoring of RUN jobs.
- Triage EXIT/FAIL jobs and rerun fixed patterns when ready.
[reconciliation_cycle] discover_live_jobs failed: bjobs not found on PATH: [WinError 2] 系統找不到指定的檔案。
DV Agent Harness L5 - Periodic Regression Snapshot
Snapshot Time: 2026-09-04 02:34:54
SUMMARY: Total: 0

Job        Pattern / Combination                LSF        DV Analysis        UVM_ERR   UVM_FATAL  Agent Action / Note
----------------------------------------------------------------------------------------------------------------------------------

ATTENTION
- none

NEXT ACTIONS
- Analyze DONE jobs whose DV result is still UNKNOWN/pending.
- Continue incremental monitoring of RUN jobs.
- Triage EXIT/FAIL jobs and rerun fixed patterns when ready.
[reconciliation_cycle] discover_live_jobs failed: bjobs not found on PATH: [WinError 2] 系統找不到指定的檔案。
DV Agent Harness L5 - Periodic Regression Snapshot
Snapshot Time: 2026-09-04 02:39:54
SUMMARY: Total: 0

Job        Pattern / Combination                LSF        DV Analysis        UVM_ERR   UVM_FATAL  Agent Action / Note
----------------------------------------------------------------------------------------------------------------------------------

ATTENTION
- none

NEXT ACTIONS
- Analyze DONE jobs whose DV result is still UNKNOWN/pending.
- Continue incremental monitoring of RUN jobs.
- Triage EXIT/FAIL jobs and rerun fixed patterns when ready.
[reconciliation_cycle] discover_live_jobs failed: bjobs not found on PATH: [WinError 2] 系統找不到指定的檔案。
DV Agent Harness L5 - Periodic Regression Snapshot
Snapshot Time: 2026-09-04 02:44:54
SUMMARY: Total: 0

Job        Pattern / Combination                LSF        DV Analysis        UVM_ERR   UVM_FATAL  Agent Action / Note
----------------------------------------------------------------------------------------------------------------------------------

ATTENTION
- none

NEXT ACTIONS
- Analyze DONE jobs whose DV result is still UNKNOWN/pending.
- Continue incremental monitoring of RUN jobs.
- Triage EXIT/FAIL jobs and rerun fixed patterns when ready.
[reconciliation_cycle] discover_live_jobs failed: bjobs not found on PATH: [WinError 2] 系統找不到指定的檔案。
DV Agent Harness L5 - Periodic Regression Snapshot
Snapshot Time: 2026-09-04 02:49:54
SUMMARY: Total: 0

Job        Pattern / Combination                LSF        DV Analysis        UVM_ERR   UVM_FATAL  Agent Action / Note
----------------------------------------------------------------------------------------------------------------------------------

ATTENTION
- none

NEXT ACTIONS
- Analyze DONE jobs whose DV result is still UNKNOWN/pending.
- Continue incremental monitoring of RUN jobs.
- Triage EXIT/FAIL jobs and rerun fixed patterns when ready.
[reconciliation_cycle] discover_live_jobs failed: bjobs not found on PATH: [WinError 2] 系統找不到指定的檔案。
DV Agent Harness L5 - Periodic Regression Snapshot
Snapshot Time: 2026-09-04 02:54:54
SUMMARY: Total: 0

Job        Pattern / Combination                LSF        DV Analysis        UVM_ERR   UVM_FATAL  Agent Action / Note
----------------------------------------------------------------------------------------------------------------------------------

ATTENTION
- none

NEXT ACTIONS
- Analyze DONE jobs whose DV result is still UNKNOWN/pending.
- Continue incremental monitoring of RUN jobs.
- Triage EXIT/FAIL jobs and rerun fixed patterns when ready.
[reconciliation_cycle] discover_live_jobs failed: bjobs not found on PATH: [WinError 2] 系統找不到指定的檔案。
DV Agent Harness L5 - Periodic Regression Snapshot
Snapshot Time: 2026-09-04 02:59:54
SUMMARY: Total: 0

Job        Pattern / Combination                LSF        DV Analysis        UVM_ERR   UVM_FATAL  Agent Action / Note
----------------------------------------------------------------------------------------------------------------------------------

ATTENTION
- none

NEXT ACTIONS
- Analyze DONE jobs whose DV result is still UNKNOWN/pending.
- Continue incremental monitoring of RUN jobs.
- Triage EXIT/FAIL jobs and rerun fixed patterns when ready.
[reconciliation_cycle] discover_live_jobs failed: bjobs not found on PATH: [WinError 2] 系統找不到指定的檔案。
DV Agent Harness L5 - Periodic Regression Snapshot
Snapshot Time: 2026-09-04 03:04:54
SUMMARY: Total: 0

Job        Pattern / Combination                LSF        DV Analysis        UVM_ERR   UVM_FATAL  Agent Action / Note
----------------------------------------------------------------------------------------------------------------------------------

ATTENTION
- none

NEXT ACTIONS
- Analyze DONE jobs whose DV result is still UNKNOWN/pending.
- Continue incremental monitoring of RUN jobs.
- Triage EXIT/FAIL jobs and rerun fixed patterns when ready.
[reconciliation_cycle] discover_live_jobs failed: bjobs not found on PATH: [WinError 2] 系統找不到指定的檔案。
DV Agent Harness L5 - Periodic Regression Snapshot
Snapshot Time: 2026-09-04 03:09:54
SUMMARY: Total: 0

Job        Pattern / Combination                LSF        DV Analysis        UVM_ERR   UVM_FATAL  Agent Action / Note
----------------------------------------------------------------------------------------------------------------------------------

ATTENTION
- none

NEXT ACTIONS
- Analyze DONE jobs whose DV result is still UNKNOWN/pending.
- Continue incremental monitoring of RUN jobs.
- Triage EXIT/FAIL jobs and rerun fixed patterns when ready.
[reconciliation_cycle] discover_live_jobs failed: bjobs not found on PATH: [WinError 2] 系統找不到指定的檔案。
DV Agent Harness L5 - Periodic Regression Snapshot
Snapshot Time: 2026-09-04 03:14:54
SUMMARY: Total: 0

Job        Pattern / Combination                LSF        DV Analysis        UVM_ERR   UVM_FATAL  Agent Action / Note
----------------------------------------------------------------------------------------------------------------------------------

ATTENTION
- none

NEXT ACTIONS
- Analyze DONE jobs whose DV result is still UNKNOWN/pending.
- Continue incremental monitoring of RUN jobs.
- Triage EXIT/FAIL jobs and rerun fixed patterns when ready.
[reconciliation_cycle] discover_live_jobs failed: bjobs not found on PATH: [WinError 2] 系統找不到指定的檔案。
DV Agent Harness L5 - Periodic Regression Snapshot
Snapshot Time: 2026-09-04 03:19:54
SUMMARY: Total: 0

Job        Pattern / Combination                LSF        DV Analysis        UVM_ERR   UVM_FATAL  Agent Action / Note
----------------------------------------------------------------------------------------------------------------------------------

ATTENTION
- none

NEXT ACTIONS
- Analyze DONE jobs whose DV result is still UNKNOWN/pending.
- Continue incremental monitoring of RUN jobs.
- Triage EXIT/FAIL jobs and rerun fixed patterns when ready.
[reconciliation_cycle] discover_live_jobs failed: bjobs not found on PATH: [WinError 2] 系統找不到指定的檔案。
DV Agent Harness L5 - Periodic Regression Snapshot
Snapshot Time: 2026-09-04 03:24:54
SUMMARY: Total: 0

Job        Pattern / Combination                LSF        DV Analysis        UVM_ERR   UVM_FATAL  Agent Action / Note
----------------------------------------------------------------------------------------------------------------------------------

ATTENTION
- none

NEXT ACTIONS
- Analyze DONE jobs whose DV result is still UNKNOWN/pending.
- Continue incremental monitoring of RUN jobs.
- Triage EXIT/FAIL jobs and rerun fixed patterns when ready.
[reconciliation_cycle] discover_live_jobs failed: bjobs not found on PATH: [WinError 2] 系統找不到指定的檔案。
DV Agent Harness L5 - Periodic Regression Snapshot
Snapshot Time: 2026-09-04 03:29:54
SUMMARY: Total: 0

Job        Pattern / Combination                LSF        DV Analysis        UVM_ERR   UVM_FATAL  Agent Action / Note
----------------------------------------------------------------------------------------------------------------------------------

ATTENTION
- none

NEXT ACTIONS
- Analyze DONE jobs whose DV result is still UNKNOWN/pending.
- Continue incremental monitoring of RUN jobs.
- Triage EXIT/FAIL jobs and rerun fixed patterns when ready.
[reconciliation_cycle] discover_live_jobs failed: bjobs not found on PATH: [WinError 2] 系統找不到指定的檔案。
DV Agent Harness L5 - Periodic Regression Snapshot
Snapshot Time: 2026-09-04 03:34:54
SUMMARY: Total: 0

Job        Pattern / Combination                LSF        DV Analysis        UVM_ERR   UVM_FATAL  Agent Action / Note
----------------------------------------------------------------------------------------------------------------------------------

ATTENTION
- none

NEXT ACTIONS
- Analyze DONE jobs whose DV result is still UNKNOWN/pending.
- Continue incremental monitoring of RUN jobs.
- Triage EXIT/FAIL jobs and rerun fixed patterns when ready.
[reconciliation_cycle] discover_live_jobs failed: bjobs not found on PATH: [WinError 2] 系統找不到指定的檔案。
DV Agent Harness L5 - Periodic Regression Snapshot
Snapshot Time: 2026-09-04 03:39:54
SUMMARY: Total: 0

Job        Pattern / Combination                LSF        DV Analysis        UVM_ERR   UVM_FATAL  Agent Action / Note
----------------------------------------------------------------------------------------------------------------------------------

ATTENTION
- none

NEXT ACTIONS
- Analyze DONE jobs whose DV result is still UNKNOWN/pending.
- Continue incremental monitoring of RUN jobs.
- Triage EXIT/FAIL jobs and rerun fixed patterns when ready.
[reconciliation_cycle] discover_live_jobs failed: bjobs not found on PATH: [WinError 2] 系統找不到指定的檔案。
DV Agent Harness L5 - Periodic Regression Snapshot
Snapshot Time: 2026-09-04 03:44:54
SUMMARY: Total: 0

Job        Pattern / Combination                LSF        DV Analysis        UVM_ERR   UVM_FATAL  Agent Action / Note
----------------------------------------------------------------------------------------------------------------------------------

ATTENTION
- none

NEXT ACTIONS
- Analyze DONE jobs whose DV result is still UNKNOWN/pending.
- Continue incremental monitoring of RUN jobs.
- Triage EXIT/FAIL jobs and rerun fixed patterns when ready.
[reconciliation_cycle] discover_live_jobs failed: bjobs not found on PATH: [WinError 2] 系統找不到指定的檔案。
DV Agent Harness L5 - Periodic Regression Snapshot
Snapshot Time: 2026-09-04 03:49:54
SUMMARY: Total: 0

Job        Pattern / Combination                LSF        DV Analysis        UVM_ERR   UVM_FATAL  Agent Action / Note
----------------------------------------------------------------------------------------------------------------------------------

ATTENTION
- none

NEXT ACTIONS
- Analyze DONE jobs whose DV result is still UNKNOWN/pending.
- Continue incremental monitoring of RUN jobs.
- Triage EXIT/FAIL jobs and rerun fixed patterns when ready.
[reconciliation_cycle] discover_live_jobs failed: bjobs not found on PATH: [WinError 2] 系統找不到指定的檔案。
DV Agent Harness L5 - Periodic Regression Snapshot
Snapshot Time: 2026-09-04 03:54:55
SUMMARY: Total: 0

Job        Pattern / Combination                LSF        DV Analysis        UVM_ERR   UVM_FATAL  Agent Action / Note
----------------------------------------------------------------------------------------------------------------------------------

ATTENTION
- none

NEXT ACTIONS
- Analyze DONE jobs whose DV result is still UNKNOWN/pending.
- Continue incremental monitoring of RUN jobs.
- Triage EXIT/FAIL jobs and rerun fixed patterns when ready.
[reconciliation_cycle] discover_live_jobs failed: bjobs not found on PATH: [WinError 2] 系統找不到指定的檔案。
DV Agent Harness L5 - Periodic Regression Snapshot
Snapshot Time: 2026-09-04 03:59:55
SUMMARY: Total: 0

Job        Pattern / Combination                LSF        DV Analysis        UVM_ERR   UVM_FATAL  Agent Action / Note
----------------------------------------------------------------------------------------------------------------------------------

ATTENTION
- none

NEXT ACTIONS
- Analyze DONE jobs whose DV result is still UNKNOWN/pending.
- Continue incremental monitoring of RUN jobs.
- Triage EXIT/FAIL jobs and rerun fixed patterns when ready.
[reconciliation_cycle] discover_live_jobs failed: bjobs not found on PATH: [WinError 2] 系統找不到指定的檔案。
DV Agent Harness L5 - Periodic Regression Snapshot
Snapshot Time: 2026-09-04 04:04:55
SUMMARY: Total: 0

Job        Pattern / Combination                LSF        DV Analysis        UVM_ERR   UVM_FATAL  Agent Action / Note
----------------------------------------------------------------------------------------------------------------------------------

ATTENTION
- none

NEXT ACTIONS
- Analyze DONE jobs whose DV result is still UNKNOWN/pending.
- Continue incremental monitoring of RUN jobs.
- Triage EXIT/FAIL jobs and rerun fixed patterns when ready.
[reconciliation_cycle] discover_live_jobs failed: bjobs not found on PATH: [WinError 2] 系統找不到指定的檔案。
DV Agent Harness L5 - Periodic Regression Snapshot
Snapshot Time: 2026-09-04 04:09:55
SUMMARY: Total: 0

Job        Pattern / Combination                LSF        DV Analysis        UVM_ERR   UVM_FATAL  Agent Action / Note
----------------------------------------------------------------------------------------------------------------------------------

ATTENTION
- none

NEXT ACTIONS
- Analyze DONE jobs whose DV result is still UNKNOWN/pending.
- Continue incremental monitoring of RUN jobs.
- Triage EXIT/FAIL jobs and rerun fixed patterns when ready.
[reconciliation_cycle] discover_live_jobs failed: bjobs not found on PATH: [WinError 2] 系統找不到指定的檔案。
DV Agent Harness L5 - Periodic Regression Snapshot
Snapshot Time: 2026-09-04 04:14:55
SUMMARY: Total: 0

Job        Pattern / Combination                LSF        DV Analysis        UVM_ERR   UVM_FATAL  Agent Action / Note
----------------------------------------------------------------------------------------------------------------------------------

ATTENTION
- none

NEXT ACTIONS
- Analyze DONE jobs whose DV result is still UNKNOWN/pending.
- Continue incremental monitoring of RUN jobs.
- Triage EXIT/FAIL jobs and rerun fixed patterns when ready.
[reconciliation_cycle] discover_live_jobs failed: bjobs not found on PATH: [WinError 2] 系統找不到指定的檔案。
DV Agent Harness L5 - Periodic Regression Snapshot
Snapshot Time: 2026-09-04 04:19:55
SUMMARY: Total: 0

Job        Pattern / Combination                LSF        DV Analysis        UVM_ERR   UVM_FATAL  Agent Action / Note
----------------------------------------------------------------------------------------------------------------------------------

ATTENTION
- none

NEXT ACTIONS
- Analyze DONE jobs whose DV result is still UNKNOWN/pending.
- Continue incremental monitoring of RUN jobs.
- Triage EXIT/FAIL jobs and rerun fixed patterns when ready.
[reconciliation_cycle] discover_live_jobs failed: bjobs not found on PATH: [WinError 2] 系統找不到指定的檔案。
DV Agent Harness L5 - Periodic Regression Snapshot
Snapshot Time: 2026-09-04 04:24:55
SUMMARY: Total: 0

Job        Pattern / Combination                LSF        DV Analysis        UVM_ERR   UVM_FATAL  Agent Action / Note
----------------------------------------------------------------------------------------------------------------------------------

ATTENTION
- none

NEXT ACTIONS
- Analyze DONE jobs whose DV result is still UNKNOWN/pending.
- Continue incremental monitoring of RUN jobs.
- Triage EXIT/FAIL jobs and rerun fixed patterns when ready.
[reconciliation_cycle] discover_live_jobs failed: bjobs not found on PATH: [WinError 2] 系統找不到指定的檔案。
DV Agent Harness L5 - Periodic Regression Snapshot
Snapshot Time: 2026-09-04 04:29:55
SUMMARY: Total: 0

Job        Pattern / Combination                LSF        DV Analysis        UVM_ERR   UVM_FATAL  Agent Action / Note
----------------------------------------------------------------------------------------------------------------------------------

ATTENTION
- none

NEXT ACTIONS
- Analyze DONE jobs whose DV result is still UNKNOWN/pending.
- Continue incremental monitoring of RUN jobs.
- Triage EXIT/FAIL jobs and rerun fixed patterns when ready.
[reconciliation_cycle] discover_live_jobs failed: bjobs not found on PATH: [WinError 2] 系統找不到指定的檔案。
DV Agent Harness L5 - Periodic Regression Snapshot
Snapshot Time: 2026-09-04 04:34:55
SUMMARY: Total: 0

Job        Pattern / Combination                LSF        DV Analysis        UVM_ERR   UVM_FATAL  Agent Action / Note
----------------------------------------------------------------------------------------------------------------------------------

ATTENTION
- none

NEXT ACTIONS
- Analyze DONE jobs whose DV result is still UNKNOWN/pending.
- Continue incremental monitoring of RUN jobs.
- Triage EXIT/FAIL jobs and rerun fixed patterns when ready.
[reconciliation_cycle] discover_live_jobs failed: bjobs not found on PATH: [WinError 2] 系統找不到指定的檔案。
DV Agent Harness L5 - Periodic Regression Snapshot
Snapshot Time: 2026-09-04 04:39:55
SUMMARY: Total: 0

Job        Pattern / Combination                LSF        DV Analysis        UVM_ERR   UVM_FATAL  Agent Action / Note
----------------------------------------------------------------------------------------------------------------------------------

ATTENTION
- none

NEXT ACTIONS
- Analyze DONE jobs whose DV result is still UNKNOWN/pending.
- Continue incremental monitoring of RUN jobs.
- Triage EXIT/FAIL jobs and rerun fixed patterns when ready.
[reconciliation_cycle] discover_live_jobs failed: bjobs not found on PATH: [WinError 2] 系統找不到指定的檔案。
DV Agent Harness L5 - Periodic Regression Snapshot
Snapshot Time: 2026-09-04 04:44:55
SUMMARY: Total: 0

Job        Pattern / Combination                LSF        DV Analysis        UVM_ERR   UVM_FATAL  Agent Action / Note
----------------------------------------------------------------------------------------------------------------------------------

ATTENTION
- none

NEXT ACTIONS
- Analyze DONE jobs whose DV result is still UNKNOWN/pending.
- Continue incremental monitoring of RUN jobs.
- Triage EXIT/FAIL jobs and rerun fixed patterns when ready.
[reconciliation_cycle] discover_live_jobs failed: bjobs not found on PATH: [WinError 2] 系統找不到指定的檔案。
DV Agent Harness L5 - Periodic Regression Snapshot
Snapshot Time: 2026-09-04 04:49:55
SUMMARY: Total: 0

Job        Pattern / Combination                LSF        DV Analysis        UVM_ERR   UVM_FATAL  Agent Action / Note
----------------------------------------------------------------------------------------------------------------------------------

ATTENTION
- none

NEXT ACTIONS
- Analyze DONE jobs whose DV result is still UNKNOWN/pending.
- Continue incremental monitoring of RUN jobs.
- Triage EXIT/FAIL jobs and rerun fixed patterns when ready.
[reconciliation_cycle] discover_live_jobs failed: bjobs not found on PATH: [WinError 2] 系統找不到指定的檔案。
DV Agent Harness L5 - Periodic Regression Snapshot
Snapshot Time: 2026-09-04 04:54:56
SUMMARY: Total: 0

Job        Pattern / Combination                LSF        DV Analysis        UVM_ERR   UVM_FATAL  Agent Action / Note
----------------------------------------------------------------------------------------------------------------------------------

ATTENTION
- none

NEXT ACTIONS
- Analyze DONE jobs whose DV result is still UNKNOWN/pending.
- Continue incremental monitoring of RUN jobs.
- Triage EXIT/FAIL jobs and rerun fixed patterns when ready.
[reconciliation_cycle] discover_live_jobs failed: bjobs not found on PATH: [WinError 2] 系統找不到指定的檔案。
DV Agent Harness L5 - Periodic Regression Snapshot
Snapshot Time: 2026-09-04 04:59:56
SUMMARY: Total: 0

Job        Pattern / Combination                LSF        DV Analysis        UVM_ERR   UVM_FATAL  Agent Action / Note
----------------------------------------------------------------------------------------------------------------------------------

ATTENTION
- none

NEXT ACTIONS
- Analyze DONE jobs whose DV result is still UNKNOWN/pending.
- Continue incremental monitoring of RUN jobs.
- Triage EXIT/FAIL jobs and rerun fixed patterns when ready.
[reconciliation_cycle] discover_live_jobs failed: bjobs not found on PATH: [WinError 2] 系統找不到指定的檔案。
DV Agent Harness L5 - Periodic Regression Snapshot
Snapshot Time: 2026-09-04 05:04:56
SUMMARY: Total: 0

Job        Pattern / Combination                LSF        DV Analysis        UVM_ERR   UVM_FATAL  Agent Action / Note
----------------------------------------------------------------------------------------------------------------------------------

ATTENTION
- none

NEXT ACTIONS
- Analyze DONE jobs whose DV result is still UNKNOWN/pending.
- Continue incremental monitoring of RUN jobs.
- Triage EXIT/FAIL jobs and rerun fixed patterns when ready.
[reconciliation_cycle] discover_live_jobs failed: bjobs not found on PATH: [WinError 2] 系統找不到指定的檔案。
DV Agent Harness L5 - Periodic Regression Snapshot
Snapshot Time: 2026-09-04 05:09:56
SUMMARY: Total: 0

Job        Pattern / Combination                LSF        DV Analysis        UVM_ERR   UVM_FATAL  Agent Action / Note
----------------------------------------------------------------------------------------------------------------------------------

ATTENTION
- none

NEXT ACTIONS
- Analyze DONE jobs whose DV result is still UNKNOWN/pending.
- Continue incremental monitoring of RUN jobs.
- Triage EXIT/FAIL jobs and rerun fixed patterns when ready.
[reconciliation_cycle] discover_live_jobs failed: bjobs not found on PATH: [WinError 2] 系統找不到指定的檔案。
DV Agent Harness L5 - Periodic Regression Snapshot
Snapshot Time: 2026-09-04 05:14:56
SUMMARY: Total: 0

Job        Pattern / Combination                LSF        DV Analysis        UVM_ERR   UVM_FATAL  Agent Action / Note
----------------------------------------------------------------------------------------------------------------------------------

ATTENTION
- none

NEXT ACTIONS
- Analyze DONE jobs whose DV result is still UNKNOWN/pending.
- Continue incremental monitoring of RUN jobs.
- Triage EXIT/FAIL jobs and rerun fixed patterns when ready.
[reconciliation_cycle] discover_live_jobs failed: bjobs not found on PATH: [WinError 2] 系統找不到指定的檔案。
DV Agent Harness L5 - Periodic Regression Snapshot
Snapshot Time: 2026-09-04 05:19:56
SUMMARY: Total: 0

Job        Pattern / Combination                LSF        DV Analysis        UVM_ERR   UVM_FATAL  Agent Action / Note
----------------------------------------------------------------------------------------------------------------------------------

ATTENTION
- none

NEXT ACTIONS
- Analyze DONE jobs whose DV result is still UNKNOWN/pending.
- Continue incremental monitoring of RUN jobs.
- Triage EXIT/FAIL jobs and rerun fixed patterns when ready.
[reconciliation_cycle] discover_live_jobs failed: bjobs not found on PATH: [WinError 2] 系統找不到指定的檔案。
DV Agent Harness L5 - Periodic Regression Snapshot
Snapshot Time: 2026-09-04 05:24:56
SUMMARY: Total: 0

Job        Pattern / Combination                LSF        DV Analysis        UVM_ERR   UVM_FATAL  Agent Action / Note
----------------------------------------------------------------------------------------------------------------------------------

ATTENTION
- none

NEXT ACTIONS
- Analyze DONE jobs whose DV result is still UNKNOWN/pending.
- Continue incremental monitoring of RUN jobs.
- Triage EXIT/FAIL jobs and rerun fixed patterns when ready.
[reconciliation_cycle] discover_live_jobs failed: bjobs not found on PATH: [WinError 2] 系統找不到指定的檔案。
DV Agent Harness L5 - Periodic Regression Snapshot
Snapshot Time: 2026-09-04 05:29:56
SUMMARY: Total: 0

Job        Pattern / Combination                LSF        DV Analysis        UVM_ERR   UVM_FATAL  Agent Action / Note
----------------------------------------------------------------------------------------------------------------------------------

ATTENTION
- none

NEXT ACTIONS
- Analyze DONE jobs whose DV result is still UNKNOWN/pending.
- Continue incremental monitoring of RUN jobs.
- Triage EXIT/FAIL jobs and rerun fixed patterns when ready.
[reconciliation_cycle] discover_live_jobs failed: bjobs not found on PATH: [WinError 2] 系統找不到指定的檔案。
DV Agent Harness L5 - Periodic Regression Snapshot
Snapshot Time: 2026-09-04 05:34:56
SUMMARY: Total: 0

Job        Pattern / Combination                LSF        DV Analysis        UVM_ERR   UVM_FATAL  Agent Action / Note
----------------------------------------------------------------------------------------------------------------------------------

ATTENTION
- none

NEXT ACTIONS
- Analyze DONE jobs whose DV result is still UNKNOWN/pending.
- Continue incremental monitoring of RUN jobs.
- Triage EXIT/FAIL jobs and rerun fixed patterns when ready.
[reconciliation_cycle] discover_live_jobs failed: bjobs not found on PATH: [WinError 2] 系統找不到指定的檔案。
DV Agent Harness L5 - Periodic Regression Snapshot
Snapshot Time: 2026-09-04 05:39:56
SUMMARY: Total: 0

Job        Pattern / Combination                LSF        DV Analysis        UVM_ERR   UVM_FATAL  Agent Action / Note
----------------------------------------------------------------------------------------------------------------------------------

ATTENTION
- none

NEXT ACTIONS
- Analyze DONE jobs whose DV result is still UNKNOWN/pending.
- Continue incremental monitoring of RUN jobs.
- Triage EXIT/FAIL jobs and rerun fixed patterns when ready.
[reconciliation_cycle] discover_live_jobs failed: bjobs not found on PATH: [WinError 2] 系統找不到指定的檔案。
DV Agent Harness L5 - Periodic Regression Snapshot
Snapshot Time: 2026-09-04 05:44:56
SUMMARY: Total: 0

Job        Pattern / Combination                LSF        DV Analysis        UVM_ERR   UVM_FATAL  Agent Action / Note
----------------------------------------------------------------------------------------------------------------------------------

ATTENTION
- none

NEXT ACTIONS
- Analyze DONE jobs whose DV result is still UNKNOWN/pending.
- Continue incremental monitoring of RUN jobs.
- Triage EXIT/FAIL jobs and rerun fixed patterns when ready.
[reconciliation_cycle] discover_live_jobs failed: bjobs not found on PATH: [WinError 2] 系統找不到指定的檔案。
DV Agent Harness L5 - Periodic Regression Snapshot
Snapshot Time: 2026-09-04 05:49:57
SUMMARY: Total: 0

Job        Pattern / Combination                LSF        DV Analysis        UVM_ERR   UVM_FATAL  Agent Action / Note
----------------------------------------------------------------------------------------------------------------------------------

ATTENTION
- none

NEXT ACTIONS
- Analyze DONE jobs whose DV result is still UNKNOWN/pending.
- Continue incremental monitoring of RUN jobs.
- Triage EXIT/FAIL jobs and rerun fixed patterns when ready.
[reconciliation_cycle] discover_live_jobs failed: bjobs not found on PATH: [WinError 2] 系統找不到指定的檔案。
DV Agent Harness L5 - Periodic Regression Snapshot
Snapshot Time: 2026-09-04 05:54:57
SUMMARY: Total: 0

Job        Pattern / Combination                LSF        DV Analysis        UVM_ERR   UVM_FATAL  Agent Action / Note
----------------------------------------------------------------------------------------------------------------------------------

ATTENTION
- none

NEXT ACTIONS
- Analyze DONE jobs whose DV result is still UNKNOWN/pending.
- Continue incremental monitoring of RUN jobs.
- Triage EXIT/FAIL jobs and rerun fixed patterns when ready.
[reconciliation_cycle] discover_live_jobs failed: bjobs not found on PATH: [WinError 2] 系統找不到指定的檔案。
DV Agent Harness L5 - Periodic Regression Snapshot
Snapshot Time: 2026-09-04 05:59:57
SUMMARY: Total: 0

Job        Pattern / Combination                LSF        DV Analysis        UVM_ERR   UVM_FATAL  Agent Action / Note
----------------------------------------------------------------------------------------------------------------------------------

ATTENTION
- none

NEXT ACTIONS
- Analyze DONE jobs whose DV result is still UNKNOWN/pending.
- Continue incremental monitoring of RUN jobs.
- Triage EXIT/FAIL jobs and rerun fixed patterns when ready.
[reconciliation_cycle] discover_live_jobs failed: bjobs not found on PATH: [WinError 2] 系統找不到指定的檔案。
DV Agent Harness L5 - Periodic Regression Snapshot
Snapshot Time: 2026-09-04 06:04:57
SUMMARY: Total: 0

Job        Pattern / Combination                LSF        DV Analysis        UVM_ERR   UVM_FATAL  Agent Action / Note
----------------------------------------------------------------------------------------------------------------------------------

ATTENTION
- none

NEXT ACTIONS
- Analyze DONE jobs whose DV result is still UNKNOWN/pending.
- Continue incremental monitoring of RUN jobs.
- Triage EXIT/FAIL jobs and rerun fixed patterns when ready.
[reconciliation_cycle] discover_live_jobs failed: bjobs not found on PATH: [WinError 2] 系統找不到指定的檔案。
DV Agent Harness L5 - Periodic Regression Snapshot
Snapshot Time: 2026-09-04 06:09:57
SUMMARY: Total: 0

Job        Pattern / Combination                LSF        DV Analysis        UVM_ERR   UVM_FATAL  Agent Action / Note
----------------------------------------------------------------------------------------------------------------------------------

ATTENTION
- none

NEXT ACTIONS
- Analyze DONE jobs whose DV result is still UNKNOWN/pending.
- Continue incremental monitoring of RUN jobs.
- Triage EXIT/FAIL jobs and rerun fixed patterns when ready.
[reconciliation_cycle] discover_live_jobs failed: bjobs not found on PATH: [WinError 2] 系統找不到指定的檔案。
DV Agent Harness L5 - Periodic Regression Snapshot
Snapshot Time: 2026-09-04 06:14:57
SUMMARY: Total: 0

Job        Pattern / Combination                LSF        DV Analysis        UVM_ERR   UVM_FATAL  Agent Action / Note
----------------------------------------------------------------------------------------------------------------------------------

ATTENTION
- none

NEXT ACTIONS
- Analyze DONE jobs whose DV result is still UNKNOWN/pending.
- Continue incremental monitoring of RUN jobs.
- Triage EXIT/FAIL jobs and rerun fixed patterns when ready.
[reconciliation_cycle] discover_live_jobs failed: bjobs not found on PATH: [WinError 2] 系統找不到指定的檔案。
DV Agent Harness L5 - Periodic Regression Snapshot
Snapshot Time: 2026-09-04 06:19:57
SUMMARY: Total: 0

Job        Pattern / Combination                LSF        DV Analysis        UVM_ERR   UVM_FATAL  Agent Action / Note
----------------------------------------------------------------------------------------------------------------------------------

ATTENTION
- none

NEXT ACTIONS
- Analyze DONE jobs whose DV result is still UNKNOWN/pending.
- Continue incremental monitoring of RUN jobs.
- Triage EXIT/FAIL jobs and rerun fixed patterns when ready.
[reconciliation_cycle] discover_live_jobs failed: bjobs not found on PATH: [WinError 2] 系統找不到指定的檔案。
DV Agent Harness L5 - Periodic Regression Snapshot
Snapshot Time: 2026-09-04 06:24:57
SUMMARY: Total: 0

Job        Pattern / Combination                LSF        DV Analysis        UVM_ERR   UVM_FATAL  Agent Action / Note
----------------------------------------------------------------------------------------------------------------------------------

ATTENTION
- none

NEXT ACTIONS
- Analyze DONE jobs whose DV result is still UNKNOWN/pending.
- Continue incremental monitoring of RUN jobs.
- Triage EXIT/FAIL jobs and rerun fixed patterns when ready.
[reconciliation_cycle] discover_live_jobs failed: bjobs not found on PATH: [WinError 2] 系統找不到指定的檔案。
DV Agent Harness L5 - Periodic Regression Snapshot
Snapshot Time: 2026-09-04 06:29:57
SUMMARY: Total: 0

Job        Pattern / Combination                LSF        DV Analysis        UVM_ERR   UVM_FATAL  Agent Action / Note
----------------------------------------------------------------------------------------------------------------------------------

ATTENTION
- none

NEXT ACTIONS
- Analyze DONE jobs whose DV result is still UNKNOWN/pending.
- Continue incremental monitoring of RUN jobs.
- Triage EXIT/FAIL jobs and rerun fixed patterns when ready.
[reconciliation_cycle] discover_live_jobs failed: bjobs not found on PATH: [WinError 2] 系統找不到指定的檔案。
DV Agent Harness L5 - Periodic Regression Snapshot
Snapshot Time: 2026-09-04 06:34:57
SUMMARY: Total: 0

Job        Pattern / Combination                LSF        DV Analysis        UVM_ERR   UVM_FATAL  Agent Action / Note
----------------------------------------------------------------------------------------------------------------------------------

ATTENTION
- none

NEXT ACTIONS
- Analyze DONE jobs whose DV result is still UNKNOWN/pending.
- Continue incremental monitoring of RUN jobs.
- Triage EXIT/FAIL jobs and rerun fixed patterns when ready.
[reconciliation_cycle] discover_live_jobs failed: bjobs not found on PATH: [WinError 2] 系統找不到指定的檔案。
DV Agent Harness L5 - Periodic Regression Snapshot
Snapshot Time: 2026-09-04 06:39:58
SUMMARY: Total: 0

Job        Pattern / Combination                LSF        DV Analysis        UVM_ERR   UVM_FATAL  Agent Action / Note
----------------------------------------------------------------------------------------------------------------------------------

ATTENTION
- none

NEXT ACTIONS
- Analyze DONE jobs whose DV result is still UNKNOWN/pending.
- Continue incremental monitoring of RUN jobs.
- Triage EXIT/FAIL jobs and rerun fixed patterns when ready.
[reconciliation_cycle] discover_live_jobs failed: bjobs not found on PATH: [WinError 2] 系統找不到指定的檔案。
DV Agent Harness L5 - Periodic Regression Snapshot
Snapshot Time: 2026-09-04 06:44:58
SUMMARY: Total: 0

Job        Pattern / Combination                LSF        DV Analysis        UVM_ERR   UVM_FATAL  Agent Action / Note
----------------------------------------------------------------------------------------------------------------------------------

ATTENTION
- none

NEXT ACTIONS
- Analyze DONE jobs whose DV result is still UNKNOWN/pending.
- Continue incremental monitoring of RUN jobs.
- Triage EXIT/FAIL jobs and rerun fixed patterns when ready.
[reconciliation_cycle] discover_live_jobs failed: bjobs not found on PATH: [WinError 2] 系統找不到指定的檔案。
DV Agent Harness L5 - Periodic Regression Snapshot
Snapshot Time: 2026-09-04 06:49:58
SUMMARY: Total: 0

Job        Pattern / Combination                LSF        DV Analysis        UVM_ERR   UVM_FATAL  Agent Action / Note
----------------------------------------------------------------------------------------------------------------------------------

ATTENTION
- none

NEXT ACTIONS
- Analyze DONE jobs whose DV result is still UNKNOWN/pending.
- Continue incremental monitoring of RUN jobs.
- Triage EXIT/FAIL jobs and rerun fixed patterns when ready.
[reconciliation_cycle] discover_live_jobs failed: bjobs not found on PATH: [WinError 2] 系統找不到指定的檔案。
DV Agent Harness L5 - Periodic Regression Snapshot
Snapshot Time: 2026-09-04 06:54:58
SUMMARY: Total: 0

Job        Pattern / Combination                LSF        DV Analysis        UVM_ERR   UVM_FATAL  Agent Action / Note
----------------------------------------------------------------------------------------------------------------------------------

ATTENTION
- none

NEXT ACTIONS
- Analyze DONE jobs whose DV result is still UNKNOWN/pending.
- Continue incremental monitoring of RUN jobs.
- Triage EXIT/FAIL jobs and rerun fixed patterns when ready.
[reconciliation_cycle] discover_live_jobs failed: bjobs not found on PATH: [WinError 2] 系統找不到指定的檔案。
DV Agent Harness L5 - Periodic Regression Snapshot
Snapshot Time: 2026-09-04 06:59:58
SUMMARY: Total: 0

Job        Pattern / Combination                LSF        DV Analysis        UVM_ERR   UVM_FATAL  Agent Action / Note
----------------------------------------------------------------------------------------------------------------------------------

ATTENTION
- none

NEXT ACTIONS
- Analyze DONE jobs whose DV result is still UNKNOWN/pending.
- Continue incremental monitoring of RUN jobs.
- Triage EXIT/FAIL jobs and rerun fixed patterns when ready.
[reconciliation_cycle] discover_live_jobs failed: bjobs not found on PATH: [WinError 2] 系統找不到指定的檔案。
DV Agent Harness L5 - Periodic Regression Snapshot
Snapshot Time: 2026-09-04 07:04:58
SUMMARY: Total: 0

Job        Pattern / Combination                LSF        DV Analysis        UVM_ERR   UVM_FATAL  Agent Action / Note
----------------------------------------------------------------------------------------------------------------------------------

ATTENTION
- none

NEXT ACTIONS
- Analyze DONE jobs whose DV result is still UNKNOWN/pending.
- Continue incremental monitoring of RUN jobs.
- Triage EXIT/FAIL jobs and rerun fixed patterns when ready.
[reconciliation_cycle] discover_live_jobs failed: bjobs not found on PATH: [WinError 2] 系統找不到指定的檔案。
DV Agent Harness L5 - Periodic Regression Snapshot
Snapshot Time: 2026-09-04 07:09:58
SUMMARY: Total: 0

Job        Pattern / Combination                LSF        DV Analysis        UVM_ERR   UVM_FATAL  Agent Action / Note
----------------------------------------------------------------------------------------------------------------------------------

ATTENTION
- none

NEXT ACTIONS
- Analyze DONE jobs whose DV result is still UNKNOWN/pending.
- Continue incremental monitoring of RUN jobs.
- Triage EXIT/FAIL jobs and rerun fixed patterns when ready.
[reconciliation_cycle] discover_live_jobs failed: bjobs not found on PATH: [WinError 2] 系統找不到指定的檔案。
DV Agent Harness L5 - Periodic Regression Snapshot
Snapshot Time: 2026-09-04 07:14:58
SUMMARY: Total: 0

Job        Pattern / Combination                LSF        DV Analysis        UVM_ERR   UVM_FATAL  Agent Action / Note
----------------------------------------------------------------------------------------------------------------------------------

ATTENTION
- none

NEXT ACTIONS
- Analyze DONE jobs whose DV result is still UNKNOWN/pending.
- Continue incremental monitoring of RUN jobs.
- Triage EXIT/FAIL jobs and rerun fixed patterns when ready.
[reconciliation_cycle] discover_live_jobs failed: bjobs not found on PATH: [WinError 2] 系統找不到指定的檔案。
DV Agent Harness L5 - Periodic Regression Snapshot
Snapshot Time: 2026-09-04 07:19:58
SUMMARY: Total: 0

Job        Pattern / Combination                LSF        DV Analysis        UVM_ERR   UVM_FATAL  Agent Action / Note
----------------------------------------------------------------------------------------------------------------------------------

ATTENTION
- none

NEXT ACTIONS
- Analyze DONE jobs whose DV result is still UNKNOWN/pending.
- Continue incremental monitoring of RUN jobs.
- Triage EXIT/FAIL jobs and rerun fixed patterns when ready.
[reconciliation_cycle] discover_live_jobs failed: bjobs not found on PATH: [WinError 2] 系統找不到指定的檔案。
DV Agent Harness L5 - Periodic Regression Snapshot
Snapshot Time: 2026-09-04 07:24:58
SUMMARY: Total: 0

Job        Pattern / Combination                LSF        DV Analysis        UVM_ERR   UVM_FATAL  Agent Action / Note
----------------------------------------------------------------------------------------------------------------------------------

ATTENTION
- none

NEXT ACTIONS
- Analyze DONE jobs whose DV result is still UNKNOWN/pending.
- Continue incremental monitoring of RUN jobs.
- Triage EXIT/FAIL jobs and rerun fixed patterns when ready.
[reconciliation_cycle] discover_live_jobs failed: bjobs not found on PATH: [WinError 2] 系統找不到指定的檔案。
DV Agent Harness L5 - Periodic Regression Snapshot
Snapshot Time: 2026-09-04 07:29:58
SUMMARY: Total: 0

Job        Pattern / Combination                LSF        DV Analysis        UVM_ERR   UVM_FATAL  Agent Action / Note
----------------------------------------------------------------------------------------------------------------------------------

ATTENTION
- none

NEXT ACTIONS
- Analyze DONE jobs whose DV result is still UNKNOWN/pending.
- Continue incremental monitoring of RUN jobs.
- Triage EXIT/FAIL jobs and rerun fixed patterns when ready.
[reconciliation_cycle] discover_live_jobs failed: bjobs not found on PATH: [WinError 2] 系統找不到指定的檔案。
DV Agent Harness L5 - Periodic Regression Snapshot
Snapshot Time: 2026-09-04 07:34:58
SUMMARY: Total: 0

Job        Pattern / Combination                LSF        DV Analysis        UVM_ERR   UVM_FATAL  Agent Action / Note
----------------------------------------------------------------------------------------------------------------------------------

ATTENTION
- none

NEXT ACTIONS
- Analyze DONE jobs whose DV result is still UNKNOWN/pending.
- Continue incremental monitoring of RUN jobs.
- Triage EXIT/FAIL jobs and rerun fixed patterns when ready.
[reconciliation_cycle] discover_live_jobs failed: bjobs not found on PATH: [WinError 2] 系統找不到指定的檔案。
DV Agent Harness L5 - Periodic Regression Snapshot
Snapshot Time: 2026-09-04 07:39:58
SUMMARY: Total: 0

Job        Pattern / Combination                LSF        DV Analysis        UVM_ERR   UVM_FATAL  Agent Action / Note
----------------------------------------------------------------------------------------------------------------------------------

ATTENTION
- none

NEXT ACTIONS
- Analyze DONE jobs whose DV result is still UNKNOWN/pending.
- Continue incremental monitoring of RUN jobs.
- Triage EXIT/FAIL jobs and rerun fixed patterns when ready.
[reconciliation_cycle] discover_live_jobs failed: bjobs not found on PATH: [WinError 2] 系統找不到指定的檔案。
DV Agent Harness L5 - Periodic Regression Snapshot
Snapshot Time: 2026-09-04 07:44:58
SUMMARY: Total: 0

Job        Pattern / Combination                LSF        DV Analysis        UVM_ERR   UVM_FATAL  Agent Action / Note
----------------------------------------------------------------------------------------------------------------------------------

ATTENTION
- none

NEXT ACTIONS
- Analyze DONE jobs whose DV result is still UNKNOWN/pending.
- Continue incremental monitoring of RUN jobs.
- Triage EXIT/FAIL jobs and rerun fixed patterns when ready.
[reconciliation_cycle] discover_live_jobs failed: bjobs not found on PATH: [WinError 2] 系統找不到指定的檔案。
DV Agent Harness L5 - Periodic Regression Snapshot
Snapshot Time: 2026-09-04 07:49:58
SUMMARY: Total: 0

Job        Pattern / Combination                LSF        DV Analysis        UVM_ERR   UVM_FATAL  Agent Action / Note
----------------------------------------------------------------------------------------------------------------------------------

ATTENTION
- none

NEXT ACTIONS
- Analyze DONE jobs whose DV result is still UNKNOWN/pending.
- Continue incremental monitoring of RUN jobs.
- Triage EXIT/FAIL jobs and rerun fixed patterns when ready.
[reconciliation_cycle] discover_live_jobs failed: bjobs not found on PATH: [WinError 2] 系統找不到指定的檔案。
DV Agent Harness L5 - Periodic Regression Snapshot
Snapshot Time: 2026-09-04 07:54:58
SUMMARY: Total: 0

Job        Pattern / Combination                LSF        DV Analysis        UVM_ERR   UVM_FATAL  Agent Action / Note
----------------------------------------------------------------------------------------------------------------------------------

ATTENTION
- none

NEXT ACTIONS
- Analyze DONE jobs whose DV result is still UNKNOWN/pending.
- Continue incremental monitoring of RUN jobs.
- Triage EXIT/FAIL jobs and rerun fixed patterns when ready.
[reconciliation_cycle] discover_live_jobs failed: bjobs not found on PATH: [WinError 2] 系統找不到指定的檔案。
DV Agent Harness L5 - Periodic Regression Snapshot
Snapshot Time: 2026-09-04 07:59:58
SUMMARY: Total: 0

Job        Pattern / Combination                LSF        DV Analysis        UVM_ERR   UVM_FATAL  Agent Action / Note
----------------------------------------------------------------------------------------------------------------------------------

ATTENTION
- none

NEXT ACTIONS
- Analyze DONE jobs whose DV result is still UNKNOWN/pending.
- Continue incremental monitoring of RUN jobs.
- Triage EXIT/FAIL jobs and rerun fixed patterns when ready.
[reconciliation_cycle] discover_live_jobs failed: bjobs not found on PATH: [WinError 2] 系統找不到指定的檔案。
DV Agent Harness L5 - Periodic Regression Snapshot
Snapshot Time: 2026-09-04 08:04:58
SUMMARY: Total: 0

Job        Pattern / Combination                LSF        DV Analysis        UVM_ERR   UVM_FATAL  Agent Action / Note
----------------------------------------------------------------------------------------------------------------------------------

ATTENTION
- none

NEXT ACTIONS
- Analyze DONE jobs whose DV result is still UNKNOWN/pending.
- Continue incremental monitoring of RUN jobs.
- Triage EXIT/FAIL jobs and rerun fixed patterns when ready.
[reconciliation_cycle] discover_live_jobs failed: bjobs not found on PATH: [WinError 2] 系統找不到指定的檔案。
DV Agent Harness L5 - Periodic Regression Snapshot
Snapshot Time: 2026-09-04 08:09:58
SUMMARY: Total: 0

Job        Pattern / Combination                LSF        DV Analysis        UVM_ERR   UVM_FATAL  Agent Action / Note
----------------------------------------------------------------------------------------------------------------------------------

ATTENTION
- none

NEXT ACTIONS
- Analyze DONE jobs whose DV result is still UNKNOWN/pending.
- Continue incremental monitoring of RUN jobs.
- Triage EXIT/FAIL jobs and rerun fixed patterns when ready.
[reconciliation_cycle] discover_live_jobs failed: bjobs not found on PATH: [WinError 2] 系統找不到指定的檔案。
DV Agent Harness L5 - Periodic Regression Snapshot
Snapshot Time: 2026-09-04 08:14:58
SUMMARY: Total: 0

Job        Pattern / Combination                LSF        DV Analysis        UVM_ERR   UVM_FATAL  Agent Action / Note
----------------------------------------------------------------------------------------------------------------------------------

ATTENTION
- none

NEXT ACTIONS
- Analyze DONE jobs whose DV result is still UNKNOWN/pending.
- Continue incremental monitoring of RUN jobs.
- Triage EXIT/FAIL jobs and rerun fixed patterns when ready.
[reconciliation_cycle] discover_live_jobs failed: bjobs not found on PATH: [WinError 2] 系統找不到指定的檔案。
DV Agent Harness L5 - Periodic Regression Snapshot
Snapshot Time: 2026-09-04 08:19:58
SUMMARY: Total: 0

Job        Pattern / Combination                LSF        DV Analysis        UVM_ERR   UVM_FATAL  Agent Action / Note
----------------------------------------------------------------------------------------------------------------------------------

ATTENTION
- none

NEXT ACTIONS
- Analyze DONE jobs whose DV result is still UNKNOWN/pending.
- Continue incremental monitoring of RUN jobs.
- Triage EXIT/FAIL jobs and rerun fixed patterns when ready.
[reconciliation_cycle] discover_live_jobs failed: bjobs not found on PATH: [WinError 2] 系統找不到指定的檔案。
DV Agent Harness L5 - Periodic Regression Snapshot
Snapshot Time: 2026-09-04 08:24:59
SUMMARY: Total: 0

Job        Pattern / Combination                LSF        DV Analysis        UVM_ERR   UVM_FATAL  Agent Action / Note
----------------------------------------------------------------------------------------------------------------------------------

ATTENTION
- none

NEXT ACTIONS
- Analyze DONE jobs whose DV result is still UNKNOWN/pending.
- Continue incremental monitoring of RUN jobs.
- Triage EXIT/FAIL jobs and rerun fixed patterns when ready.
[reconciliation_cycle] discover_live_jobs failed: bjobs not found on PATH: [WinError 2] 系統找不到指定的檔案。
DV Agent Harness L5 - Periodic Regression Snapshot
Snapshot Time: 2026-09-04 08:29:59
SUMMARY: Total: 0

Job        Pattern / Combination                LSF        DV Analysis        UVM_ERR   UVM_FATAL  Agent Action / Note
----------------------------------------------------------------------------------------------------------------------------------

ATTENTION
- none

NEXT ACTIONS
- Analyze DONE jobs whose DV result is still UNKNOWN/pending.
- Continue incremental monitoring of RUN jobs.
- Triage EXIT/FAIL jobs and rerun fixed patterns when ready.
[reconciliation_cycle] discover_live_jobs failed: bjobs not found on PATH: [WinError 2] 系統找不到指定的檔案。
DV Agent Harness L5 - Periodic Regression Snapshot
Snapshot Time: 2026-09-04 08:34:59
SUMMARY: Total: 0

Job        Pattern / Combination                LSF        DV Analysis        UVM_ERR   UVM_FATAL  Agent Action / Note
----------------------------------------------------------------------------------------------------------------------------------

ATTENTION
- none

NEXT ACTIONS
- Analyze DONE jobs whose DV result is still UNKNOWN/pending.
- Continue incremental monitoring of RUN jobs.
- Triage EXIT/FAIL jobs and rerun fixed patterns when ready.
[reconciliation_cycle] discover_live_jobs failed: bjobs not found on PATH: [WinError 2] 系統找不到指定的檔案。
DV Agent Harness L5 - Periodic Regression Snapshot
Snapshot Time: 2026-09-04 08:39:59
SUMMARY: Total: 0

Job        Pattern / Combination                LSF        DV Analysis        UVM_ERR   UVM_FATAL  Agent Action / Note
----------------------------------------------------------------------------------------------------------------------------------

ATTENTION
- none

NEXT ACTIONS
- Analyze DONE jobs whose DV result is still UNKNOWN/pending.
- Continue incremental monitoring of RUN jobs.
- Triage EXIT/FAIL jobs and rerun fixed patterns when ready.
[reconciliation_cycle] discover_live_jobs failed: bjobs not found on PATH: [WinError 2] 系統找不到指定的檔案。
DV Agent Harness L5 - Periodic Regression Snapshot
Snapshot Time: 2026-09-04 08:44:59
SUMMARY: Total: 0

Job        Pattern / Combination                LSF        DV Analysis        UVM_ERR   UVM_FATAL  Agent Action / Note
----------------------------------------------------------------------------------------------------------------------------------

ATTENTION
- none

NEXT ACTIONS
- Analyze DONE jobs whose DV result is still UNKNOWN/pending.
- Continue incremental monitoring of RUN jobs.
- Triage EXIT/FAIL jobs and rerun fixed patterns when ready.
[reconciliation_cycle] discover_live_jobs failed: bjobs not found on PATH: [WinError 2] 系統找不到指定的檔案。
DV Agent Harness L5 - Periodic Regression Snapshot
Snapshot Time: 2026-09-04 08:49:59
SUMMARY: Total: 0

Job        Pattern / Combination                LSF        DV Analysis        UVM_ERR   UVM_FATAL  Agent Action / Note
----------------------------------------------------------------------------------------------------------------------------------

ATTENTION
- none

NEXT ACTIONS
- Analyze DONE jobs whose DV result is still UNKNOWN/pending.
- Continue incremental monitoring of RUN jobs.
- Triage EXIT/FAIL jobs and rerun fixed patterns when ready.
[reconciliation_cycle] discover_live_jobs failed: bjobs not found on PATH: [WinError 2] 系統找不到指定的檔案。
DV Agent Harness L5 - Periodic Regression Snapshot
Snapshot Time: 2026-09-04 08:54:59
SUMMARY: Total: 0

Job        Pattern / Combination                LSF        DV Analysis        UVM_ERR   UVM_FATAL  Agent Action / Note
----------------------------------------------------------------------------------------------------------------------------------

ATTENTION
- none

NEXT ACTIONS
- Analyze DONE jobs whose DV result is still UNKNOWN/pending.
- Continue incremental monitoring of RUN jobs.
- Triage EXIT/FAIL jobs and rerun fixed patterns when ready.
[reconciliation_cycle] discover_live_jobs failed: bjobs not found on PATH: [WinError 2] 系統找不到指定的檔案。
DV Agent Harness L5 - Periodic Regression Snapshot
Snapshot Time: 2026-09-04 08:59:59
SUMMARY: Total: 0

Job        Pattern / Combination                LSF        DV Analysis        UVM_ERR   UVM_FATAL  Agent Action / Note
----------------------------------------------------------------------------------------------------------------------------------

ATTENTION
- none

NEXT ACTIONS
- Analyze DONE jobs whose DV result is still UNKNOWN/pending.
- Continue incremental monitoring of RUN jobs.
- Triage EXIT/FAIL jobs and rerun fixed patterns when ready.
[reconciliation_cycle] discover_live_jobs failed: bjobs not found on PATH: [WinError 2] 系統找不到指定的檔案。
DV Agent Harness L5 - Periodic Regression Snapshot
Snapshot Time: 2026-09-04 09:04:59
SUMMARY: Total: 0

Job        Pattern / Combination                LSF        DV Analysis        UVM_ERR   UVM_FATAL  Agent Action / Note
----------------------------------------------------------------------------------------------------------------------------------

ATTENTION
- none

NEXT ACTIONS
- Analyze DONE jobs whose DV result is still UNKNOWN/pending.
- Continue incremental monitoring of RUN jobs.
- Triage EXIT/FAIL jobs and rerun fixed patterns when ready.
[reconciliation_cycle] discover_live_jobs failed: bjobs not found on PATH: [WinError 2] 系統找不到指定的檔案。
DV Agent Harness L5 - Periodic Regression Snapshot
Snapshot Time: 2026-09-04 09:09:59
SUMMARY: Total: 0

Job        Pattern / Combination                LSF        DV Analysis        UVM_ERR   UVM_FATAL  Agent Action / Note
----------------------------------------------------------------------------------------------------------------------------------

ATTENTION
- none

NEXT ACTIONS
- Analyze DONE jobs whose DV result is still UNKNOWN/pending.
- Continue incremental monitoring of RUN jobs.
- Triage EXIT/FAIL jobs and rerun fixed patterns when ready.
[reconciliation_cycle] discover_live_jobs failed: bjobs not found on PATH: [WinError 2] 系統找不到指定的檔案。
DV Agent Harness L5 - Periodic Regression Snapshot
Snapshot Time: 2026-09-04 09:14:59
SUMMARY: Total: 0

Job        Pattern / Combination                LSF        DV Analysis        UVM_ERR   UVM_FATAL  Agent Action / Note
----------------------------------------------------------------------------------------------------------------------------------

ATTENTION
- none

NEXT ACTIONS
- Analyze DONE jobs whose DV result is still UNKNOWN/pending.
- Continue incremental monitoring of RUN jobs.
- Triage EXIT/FAIL jobs and rerun fixed patterns when ready.
[reconciliation_cycle] discover_live_jobs failed: bjobs not found on PATH: [WinError 2] 系統找不到指定的檔案。
DV Agent Harness L5 - Periodic Regression Snapshot
Snapshot Time: 2026-09-04 09:19:59
SUMMARY: Total: 0

Job        Pattern / Combination                LSF        DV Analysis        UVM_ERR   UVM_FATAL  Agent Action / Note
----------------------------------------------------------------------------------------------------------------------------------

ATTENTION
- none

NEXT ACTIONS
- Analyze DONE jobs whose DV result is still UNKNOWN/pending.
- Continue incremental monitoring of RUN jobs.
- Triage EXIT/FAIL jobs and rerun fixed patterns when ready.
[reconciliation_cycle] discover_live_jobs failed: bjobs not found on PATH: [WinError 2] 系統找不到指定的檔案。
DV Agent Harness L5 - Periodic Regression Snapshot
Snapshot Time: 2026-09-04 09:24:59
SUMMARY: Total: 0

Job        Pattern / Combination                LSF        DV Analysis        UVM_ERR   UVM_FATAL  Agent Action / Note
----------------------------------------------------------------------------------------------------------------------------------

ATTENTION
- none

NEXT ACTIONS
- Analyze DONE jobs whose DV result is still UNKNOWN/pending.
- Continue incremental monitoring of RUN jobs.
- Triage EXIT/FAIL jobs and rerun fixed patterns when ready.
[reconciliation_cycle] discover_live_jobs failed: bjobs not found on PATH: [WinError 2] 系統找不到指定的檔案。
DV Agent Harness L5 - Periodic Regression Snapshot
Snapshot Time: 2026-09-04 09:29:59
SUMMARY: Total: 0

Job        Pattern / Combination                LSF        DV Analysis        UVM_ERR   UVM_FATAL  Agent Action / Note
----------------------------------------------------------------------------------------------------------------------------------

ATTENTION
- none

NEXT ACTIONS
- Analyze DONE jobs whose DV result is still UNKNOWN/pending.
- Continue incremental monitoring of RUN jobs.
- Triage EXIT/FAIL jobs and rerun fixed patterns when ready.
[reconciliation_cycle] discover_live_jobs failed: bjobs not found on PATH: [WinError 2] 系統找不到指定的檔案。
DV Agent Harness L5 - Periodic Regression Snapshot
Snapshot Time: 2026-09-04 09:34:59
SUMMARY: Total: 0

Job        Pattern / Combination                LSF        DV Analysis        UVM_ERR   UVM_FATAL  Agent Action / Note
----------------------------------------------------------------------------------------------------------------------------------

ATTENTION
- none

NEXT ACTIONS
- Analyze DONE jobs whose DV result is still UNKNOWN/pending.
- Continue incremental monitoring of RUN jobs.
- Triage EXIT/FAIL jobs and rerun fixed patterns when ready.
[reconciliation_cycle] discover_live_jobs failed: bjobs not found on PATH: [WinError 2] 系統找不到指定的檔案。
DV Agent Harness L5 - Periodic Regression Snapshot
Snapshot Time: 2026-09-04 09:39:59
SUMMARY: Total: 0

Job        Pattern / Combination                LSF        DV Analysis        UVM_ERR   UVM_FATAL  Agent Action / Note
----------------------------------------------------------------------------------------------------------------------------------

ATTENTION
- none

NEXT ACTIONS
- Analyze DONE jobs whose DV result is still UNKNOWN/pending.
- Continue incremental monitoring of RUN jobs.
- Triage EXIT/FAIL jobs and rerun fixed patterns when ready.
[reconciliation_cycle] discover_live_jobs failed: bjobs not found on PATH: [WinError 2] 系統找不到指定的檔案。
DV Agent Harness L5 - Periodic Regression Snapshot
Snapshot Time: 2026-09-04 09:44:59
SUMMARY: Total: 0

Job        Pattern / Combination                LSF        DV Analysis        UVM_ERR   UVM_FATAL  Agent Action / Note
----------------------------------------------------------------------------------------------------------------------------------

ATTENTION
- none

NEXT ACTIONS
- Analyze DONE jobs whose DV result is still UNKNOWN/pending.
- Continue incremental monitoring of RUN jobs.
- Triage EXIT/FAIL jobs and rerun fixed patterns when ready.
[reconciliation_cycle] discover_live_jobs failed: bjobs not found on PATH: [WinError 2] 系統找不到指定的檔案。
DV Agent Harness L5 - Periodic Regression Snapshot
Snapshot Time: 2026-09-04 09:49:59
SUMMARY: Total: 0

Job        Pattern / Combination                LSF        DV Analysis        UVM_ERR   UVM_FATAL  Agent Action / Note
----------------------------------------------------------------------------------------------------------------------------------

ATTENTION
- none

NEXT ACTIONS
- Analyze DONE jobs whose DV result is still UNKNOWN/pending.
- Continue incremental monitoring of RUN jobs.
- Triage EXIT/FAIL jobs and rerun fixed patterns when ready.
[reconciliation_cycle] discover_live_jobs failed: bjobs not found on PATH: [WinError 2] 系統找不到指定的檔案。
DV Agent Harness L5 - Periodic Regression Snapshot
Snapshot Time: 2026-09-04 09:54:59
SUMMARY: Total: 0

Job        Pattern / Combination                LSF        DV Analysis        UVM_ERR   UVM_FATAL  Agent Action / Note
----------------------------------------------------------------------------------------------------------------------------------

ATTENTION
- none

NEXT ACTIONS
- Analyze DONE jobs whose DV result is still UNKNOWN/pending.
- Continue incremental monitoring of RUN jobs.
- Triage EXIT/FAIL jobs and rerun fixed patterns when ready.
[reconciliation_cycle] discover_live_jobs failed: bjobs not found on PATH: [WinError 2] 系統找不到指定的檔案。
DV Agent Harness L5 - Periodic Regression Snapshot
Snapshot Time: 2026-09-04 09:59:59
SUMMARY: Total: 0

Job        Pattern / Combination                LSF        DV Analysis        UVM_ERR   UVM_FATAL  Agent Action / Note
----------------------------------------------------------------------------------------------------------------------------------

ATTENTION
- none

NEXT ACTIONS
- Analyze DONE jobs whose DV result is still UNKNOWN/pending.
- Continue incremental monitoring of RUN jobs.
- Triage EXIT/FAIL jobs and rerun fixed patterns when ready.
[reconciliation_cycle] discover_live_jobs failed: bjobs not found on PATH: [WinError 2] 系統找不到指定的檔案。
DV Agent Harness L5 - Periodic Regression Snapshot
Snapshot Time: 2026-09-04 10:04:59
SUMMARY: Total: 0

Job        Pattern / Combination                LSF        DV Analysis        UVM_ERR   UVM_FATAL  Agent Action / Note
----------------------------------------------------------------------------------------------------------------------------------

ATTENTION
- none

NEXT ACTIONS
- Analyze DONE jobs whose DV result is still UNKNOWN/pending.
- Continue incremental monitoring of RUN jobs.
- Triage EXIT/FAIL jobs and rerun fixed patterns when ready.
[reconciliation_cycle] discover_live_jobs failed: bjobs not found on PATH: [WinError 2] 系統找不到指定的檔案。
DV Agent Harness L5 - Periodic Regression Snapshot
Snapshot Time: 2026-09-04 10:09:59
SUMMARY: Total: 0

Job        Pattern / Combination                LSF        DV Analysis        UVM_ERR   UVM_FATAL  Agent Action / Note
----------------------------------------------------------------------------------------------------------------------------------

ATTENTION
- none

NEXT ACTIONS
- Analyze DONE jobs whose DV result is still UNKNOWN/pending.
- Continue incremental monitoring of RUN jobs.
- Triage EXIT/FAIL jobs and rerun fixed patterns when ready.
[reconciliation_cycle] discover_live_jobs failed: bjobs not found on PATH: [WinError 2] 系統找不到指定的檔案。
DV Agent Harness L5 - Periodic Regression Snapshot
Snapshot Time: 2026-09-04 10:14:59
SUMMARY: Total: 0

Job        Pattern / Combination                LSF        DV Analysis        UVM_ERR   UVM_FATAL  Agent Action / Note
----------------------------------------------------------------------------------------------------------------------------------

ATTENTION
- none

NEXT ACTIONS
- Analyze DONE jobs whose DV result is still UNKNOWN/pending.
- Continue incremental monitoring of RUN jobs.
- Triage EXIT/FAIL jobs and rerun fixed patterns when ready.
[reconciliation_cycle] discover_live_jobs failed: bjobs not found on PATH: [WinError 2] 系統找不到指定的檔案。
DV Agent Harness L5 - Periodic Regression Snapshot
Snapshot Time: 2026-09-04 10:19:59
SUMMARY: Total: 0

Job        Pattern / Combination                LSF        DV Analysis        UVM_ERR   UVM_FATAL  Agent Action / Note
----------------------------------------------------------------------------------------------------------------------------------

ATTENTION
- none

NEXT ACTIONS
- Analyze DONE jobs whose DV result is still UNKNOWN/pending.
- Continue incremental monitoring of RUN jobs.
- Triage EXIT/FAIL jobs and rerun fixed patterns when ready.
[reconciliation_cycle] discover_live_jobs failed: bjobs not found on PATH: [WinError 2] 系統找不到指定的檔案。
DV Agent Harness L5 - Periodic Regression Snapshot
Snapshot Time: 2026-09-04 10:25:00
SUMMARY: Total: 0

Job        Pattern / Combination                LSF        DV Analysis        UVM_ERR   UVM_FATAL  Agent Action / Note
----------------------------------------------------------------------------------------------------------------------------------

ATTENTION
- none

NEXT ACTIONS
- Analyze DONE jobs whose DV result is still UNKNOWN/pending.
- Continue incremental monitoring of RUN jobs.
- Triage EXIT/FAIL jobs and rerun fixed patterns when ready.
[reconciliation_cycle] discover_live_jobs failed: bjobs not found on PATH: [WinError 2] 系統找不到指定的檔案。
DV Agent Harness L5 - Periodic Regression Snapshot
Snapshot Time: 2026-09-04 10:30:00
SUMMARY: Total: 0

Job        Pattern / Combination                LSF        DV Analysis        UVM_ERR   UVM_FATAL  Agent Action / Note
----------------------------------------------------------------------------------------------------------------------------------

ATTENTION
- none

NEXT ACTIONS
- Analyze DONE jobs whose DV result is still UNKNOWN/pending.
- Continue incremental monitoring of RUN jobs.
- Triage EXIT/FAIL jobs and rerun fixed patterns when ready.
[reconciliation_cycle] discover_live_jobs failed: bjobs not found on PATH: [WinError 2] 系統找不到指定的檔案。
DV Agent Harness L5 - Periodic Regression Snapshot
Snapshot Time: 2026-09-04 10:35:00
SUMMARY: Total: 0

Job        Pattern / Combination                LSF        DV Analysis        UVM_ERR   UVM_FATAL  Agent Action / Note
----------------------------------------------------------------------------------------------------------------------------------

ATTENTION
- none

NEXT ACTIONS
- Analyze DONE jobs whose DV result is still UNKNOWN/pending.
- Continue incremental monitoring of RUN jobs.
- Triage EXIT/FAIL jobs and rerun fixed patterns when ready.
[reconciliation_cycle] discover_live_jobs failed: bjobs not found on PATH: [WinError 2] 系統找不到指定的檔案。
DV Agent Harness L5 - Periodic Regression Snapshot
Snapshot Time: 2026-09-04 10:40:00
SUMMARY: Total: 0

Job        Pattern / Combination                LSF        DV Analysis        UVM_ERR   UVM_FATAL  Agent Action / Note
----------------------------------------------------------------------------------------------------------------------------------

ATTENTION
- none

NEXT ACTIONS
- Analyze DONE jobs whose DV result is still UNKNOWN/pending.
- Continue incremental monitoring of RUN jobs.
- Triage EXIT/FAIL jobs and rerun fixed patterns when ready.
[reconciliation_cycle] discover_live_jobs failed: bjobs not found on PATH: [WinError 2] 系統找不到指定的檔案。
DV Agent Harness L5 - Periodic Regression Snapshot
Snapshot Time: 2026-09-04 10:45:00
SUMMARY: Total: 0

Job        Pattern / Combination                LSF        DV Analysis        UVM_ERR   UVM_FATAL  Agent Action / Note
----------------------------------------------------------------------------------------------------------------------------------

ATTENTION
- none

NEXT ACTIONS
- Analyze DONE jobs whose DV result is still UNKNOWN/pending.
- Continue incremental monitoring of RUN jobs.
- Triage EXIT/FAIL jobs and rerun fixed patterns when ready.
[reconciliation_cycle] discover_live_jobs failed: bjobs not found on PATH: [WinError 2] 系統找不到指定的檔案。
DV Agent Harness L5 - Periodic Regression Snapshot
Snapshot Time: 2026-09-04 10:50:00
SUMMARY: Total: 0

Job        Pattern / Combination                LSF        DV Analysis        UVM_ERR   UVM_FATAL  Agent Action / Note
----------------------------------------------------------------------------------------------------------------------------------

ATTENTION
- none

NEXT ACTIONS
- Analyze DONE jobs whose DV result is still UNKNOWN/pending.
- Continue incremental monitoring of RUN jobs.
- Triage EXIT/FAIL jobs and rerun fixed patterns when ready.
[reconciliation_cycle] discover_live_jobs failed: bjobs not found on PATH: [WinError 2] 系統找不到指定的檔案。
DV Agent Harness L5 - Periodic Regression Snapshot
Snapshot Time: 2026-09-04 10:55:00
SUMMARY: Total: 0

Job        Pattern / Combination                LSF        DV Analysis        UVM_ERR   UVM_FATAL  Agent Action / Note
----------------------------------------------------------------------------------------------------------------------------------

ATTENTION
- none

NEXT ACTIONS
- Analyze DONE jobs whose DV result is still UNKNOWN/pending.
- Continue incremental monitoring of RUN jobs.
- Triage EXIT/FAIL jobs and rerun fixed patterns when ready.
[reconciliation_cycle] discover_live_jobs failed: bjobs not found on PATH: [WinError 2] 系統找不到指定的檔案。
DV Agent Harness L5 - Periodic Regression Snapshot
Snapshot Time: 2026-09-04 11:00:00
SUMMARY: Total: 0

Job        Pattern / Combination                LSF        DV Analysis        UVM_ERR   UVM_FATAL  Agent Action / Note
----------------------------------------------------------------------------------------------------------------------------------

ATTENTION
- none

NEXT ACTIONS
- Analyze DONE jobs whose DV result is still UNKNOWN/pending.
- Continue incremental monitoring of RUN jobs.
- Triage EXIT/FAIL jobs and rerun fixed patterns when ready.
[reconciliation_cycle] discover_live_jobs failed: bjobs not found on PATH: [WinError 2] 系統找不到指定的檔案。
DV Agent Harness L5 - Periodic Regression Snapshot
Snapshot Time: 2026-09-04 11:05:00
SUMMARY: Total: 0

Job        Pattern / Combination                LSF        DV Analysis        UVM_ERR   UVM_FATAL  Agent Action / Note
----------------------------------------------------------------------------------------------------------------------------------

ATTENTION
- none

NEXT ACTIONS
- Analyze DONE jobs whose DV result is still UNKNOWN/pending.
- Continue incremental monitoring of RUN jobs.
- Triage EXIT/FAIL jobs and rerun fixed patterns when ready.
[reconciliation_cycle] discover_live_jobs failed: bjobs not found on PATH: [WinError 2] 系統找不到指定的檔案。
DV Agent Harness L5 - Periodic Regression Snapshot
Snapshot Time: 2026-09-04 11:10:00
SUMMARY: Total: 0

Job        Pattern / Combination                LSF        DV Analysis        UVM_ERR   UVM_FATAL  Agent Action / Note
----------------------------------------------------------------------------------------------------------------------------------

ATTENTION
- none

NEXT ACTIONS
- Analyze DONE jobs whose DV result is still UNKNOWN/pending.
- Continue incremental monitoring of RUN jobs.
- Triage EXIT/FAIL jobs and rerun fixed patterns when ready.
[reconciliation_cycle] discover_live_jobs failed: bjobs not found on PATH: [WinError 2] 系統找不到指定的檔案。
DV Agent Harness L5 - Periodic Regression Snapshot
Snapshot Time: 2026-09-04 11:15:00
SUMMARY: Total: 0

Job        Pattern / Combination                LSF        DV Analysis        UVM_ERR   UVM_FATAL  Agent Action / Note
----------------------------------------------------------------------------------------------------------------------------------

ATTENTION
- none

NEXT ACTIONS
- Analyze DONE jobs whose DV result is still UNKNOWN/pending.
- Continue incremental monitoring of RUN jobs.
- Triage EXIT/FAIL jobs and rerun fixed patterns when ready.
[reconciliation_cycle] discover_live_jobs failed: bjobs not found on PATH: [WinError 2] 系統找不到指定的檔案。
DV Agent Harness L5 - Periodic Regression Snapshot
Snapshot Time: 2026-09-04 11:20:00
SUMMARY: Total: 0

Job        Pattern / Combination                LSF        DV Analysis        UVM_ERR   UVM_FATAL  Agent Action / Note
----------------------------------------------------------------------------------------------------------------------------------

ATTENTION
- none

NEXT ACTIONS
- Analyze DONE jobs whose DV result is still UNKNOWN/pending.
- Continue incremental monitoring of RUN jobs.
- Triage EXIT/FAIL jobs and rerun fixed patterns when ready.
[reconciliation_cycle] discover_live_jobs failed: bjobs not found on PATH: [WinError 2] 系統找不到指定的檔案。
DV Agent Harness L5 - Periodic Regression Snapshot
Snapshot Time: 2026-09-04 11:25:00
SUMMARY: Total: 0

Job        Pattern / Combination                LSF        DV Analysis        UVM_ERR   UVM_FATAL  Agent Action / Note
----------------------------------------------------------------------------------------------------------------------------------

ATTENTION
- none

NEXT ACTIONS
- Analyze DONE jobs whose DV result is still UNKNOWN/pending.
- Continue incremental monitoring of RUN jobs.
- Triage EXIT/FAIL jobs and rerun fixed patterns when ready.
[reconciliation_cycle] discover_live_jobs failed: bjobs not found on PATH: [WinError 2] 系統找不到指定的檔案。
DV Agent Harness L5 - Periodic Regression Snapshot
Snapshot Time: 2026-09-04 11:30:00
SUMMARY: Total: 0

Job        Pattern / Combination                LSF        DV Analysis        UVM_ERR   UVM_FATAL  Agent Action / Note
----------------------------------------------------------------------------------------------------------------------------------

ATTENTION
- none

NEXT ACTIONS
- Analyze DONE jobs whose DV result is still UNKNOWN/pending.
- Continue incremental monitoring of RUN jobs.
- Triage EXIT/FAIL jobs and rerun fixed patterns when ready.
[reconciliation_cycle] discover_live_jobs failed: bjobs not found on PATH: [WinError 2] 系統找不到指定的檔案。
DV Agent Harness L5 - Periodic Regression Snapshot
Snapshot Time: 2026-09-04 11:35:00
SUMMARY: Total: 0

Job        Pattern / Combination                LSF        DV Analysis        UVM_ERR   UVM_FATAL  Agent Action / Note
----------------------------------------------------------------------------------------------------------------------------------

ATTENTION
- none

NEXT ACTIONS
- Analyze DONE jobs whose DV result is still UNKNOWN/pending.
- Continue incremental monitoring of RUN jobs.
- Triage EXIT/FAIL jobs and rerun fixed patterns when ready.
[reconciliation_cycle] discover_live_jobs failed: bjobs not found on PATH: [WinError 2] 系統找不到指定的檔案。
DV Agent Harness L5 - Periodic Regression Snapshot
Snapshot Time: 2026-09-04 11:40:00
SUMMARY: Total: 0

Job        Pattern / Combination                LSF        DV Analysis        UVM_ERR   UVM_FATAL  Agent Action / Note
----------------------------------------------------------------------------------------------------------------------------------

ATTENTION
- none

NEXT ACTIONS
- Analyze DONE jobs whose DV result is still UNKNOWN/pending.
- Continue incremental monitoring of RUN jobs.
- Triage EXIT/FAIL jobs and rerun fixed patterns when ready.
[reconciliation_cycle] discover_live_jobs failed: bjobs not found on PATH: [WinError 2] 系統找不到指定的檔案。
DV Agent Harness L5 - Periodic Regression Snapshot
Snapshot Time: 2026-09-04 11:45:00
SUMMARY: Total: 0

Job        Pattern / Combination                LSF        DV Analysis        UVM_ERR   UVM_FATAL  Agent Action / Note
----------------------------------------------------------------------------------------------------------------------------------

ATTENTION
- none

NEXT ACTIONS
- Analyze DONE jobs whose DV result is still UNKNOWN/pending.
- Continue incremental monitoring of RUN jobs.
- Triage EXIT/FAIL jobs and rerun fixed patterns when ready.
[reconciliation_cycle] discover_live_jobs failed: bjobs not found on PATH: [WinError 2] 系統找不到指定的檔案。
DV Agent Harness L5 - Periodic Regression Snapshot
Snapshot Time: 2026-09-04 11:50:00
SUMMARY: Total: 0

Job        Pattern / Combination                LSF        DV Analysis        UVM_ERR   UVM_FATAL  Agent Action / Note
----------------------------------------------------------------------------------------------------------------------------------

ATTENTION
- none

NEXT ACTIONS
- Analyze DONE jobs whose DV result is still UNKNOWN/pending.
- Continue incremental monitoring of RUN jobs.
- Triage EXIT/FAIL jobs and rerun fixed patterns when ready.
[reconciliation_cycle] discover_live_jobs failed: bjobs not found on PATH: [WinError 2] 系統找不到指定的檔案。
DV Agent Harness L5 - Periodic Regression Snapshot
Snapshot Time: 2026-09-04 11:55:00
SUMMARY: Total: 0

Job        Pattern / Combination                LSF        DV Analysis        UVM_ERR   UVM_FATAL  Agent Action / Note
----------------------------------------------------------------------------------------------------------------------------------

ATTENTION
- none

NEXT ACTIONS
- Analyze DONE jobs whose DV result is still UNKNOWN/pending.
- Continue incremental monitoring of RUN jobs.
- Triage EXIT/FAIL jobs and rerun fixed patterns when ready.
[reconciliation_cycle] discover_live_jobs failed: bjobs not found on PATH: [WinError 2] 系統找不到指定的檔案。
DV Agent Harness L5 - Periodic Regression Snapshot
Snapshot Time: 2026-09-04 12:00:00
SUMMARY: Total: 0

Job        Pattern / Combination                LSF        DV Analysis        UVM_ERR   UVM_FATAL  Agent Action / Note
----------------------------------------------------------------------------------------------------------------------------------

ATTENTION
- none

NEXT ACTIONS
- Analyze DONE jobs whose DV result is still UNKNOWN/pending.
- Continue incremental monitoring of RUN jobs.
- Triage EXIT/FAIL jobs and rerun fixed patterns when ready.
[reconciliation_cycle] discover_live_jobs failed: bjobs not found on PATH: [WinError 2] 系統找不到指定的檔案。
DV Agent Harness L5 - Periodic Regression Snapshot
Snapshot Time: 2026-09-04 12:05:01
SUMMARY: Total: 0

Job        Pattern / Combination                LSF        DV Analysis        UVM_ERR   UVM_FATAL  Agent Action / Note
----------------------------------------------------------------------------------------------------------------------------------

ATTENTION
- none

NEXT ACTIONS
- Analyze DONE jobs whose DV result is still UNKNOWN/pending.
- Continue incremental monitoring of RUN jobs.
- Triage EXIT/FAIL jobs and rerun fixed patterns when ready.
[reconciliation_cycle] discover_live_jobs failed: bjobs not found on PATH: [WinError 2] 系統找不到指定的檔案。
DV Agent Harness L5 - Periodic Regression Snapshot
Snapshot Time: 2026-09-04 12:10:01
SUMMARY: Total: 0

Job        Pattern / Combination                LSF        DV Analysis        UVM_ERR   UVM_FATAL  Agent Action / Note
----------------------------------------------------------------------------------------------------------------------------------

ATTENTION
- none

NEXT ACTIONS
- Analyze DONE jobs whose DV result is still UNKNOWN/pending.
- Continue incremental monitoring of RUN jobs.
- Triage EXIT/FAIL jobs and rerun fixed patterns when ready.
[reconciliation_cycle] discover_live_jobs failed: bjobs not found on PATH: [WinError 2] 系統找不到指定的檔案。
DV Agent Harness L5 - Periodic Regression Snapshot
Snapshot Time: 2026-09-04 12:15:01
SUMMARY: Total: 0

Job        Pattern / Combination                LSF        DV Analysis        UVM_ERR   UVM_FATAL  Agent Action / Note
----------------------------------------------------------------------------------------------------------------------------------

ATTENTION
- none

NEXT ACTIONS
- Analyze DONE jobs whose DV result is still UNKNOWN/pending.
- Continue incremental monitoring of RUN jobs.
- Triage EXIT/FAIL jobs and rerun fixed patterns when ready.
[reconciliation_cycle] discover_live_jobs failed: bjobs not found on PATH: [WinError 2] 系統找不到指定的檔案。
DV Agent Harness L5 - Periodic Regression Snapshot
Snapshot Time: 2026-09-04 12:20:01
SUMMARY: Total: 0

Job        Pattern / Combination                LSF        DV Analysis        UVM_ERR   UVM_FATAL  Agent Action / Note
----------------------------------------------------------------------------------------------------------------------------------

ATTENTION
- none

NEXT ACTIONS
- Analyze DONE jobs whose DV result is still UNKNOWN/pending.
- Continue incremental monitoring of RUN jobs.
- Triage EXIT/FAIL jobs and rerun fixed patterns when ready.
[reconciliation_cycle] discover_live_jobs failed: bjobs not found on PATH: [WinError 2] 系統找不到指定的檔案。
DV Agent Harness L5 - Periodic Regression Snapshot
Snapshot Time: 2026-09-04 12:25:01
SUMMARY: Total: 0

Job        Pattern / Combination                LSF        DV Analysis        UVM_ERR   UVM_FATAL  Agent Action / Note
----------------------------------------------------------------------------------------------------------------------------------

ATTENTION
- none

NEXT ACTIONS
- Analyze DONE jobs whose DV result is still UNKNOWN/pending.
- Continue incremental monitoring of RUN jobs.
- Triage EXIT/FAIL jobs and rerun fixed patterns when ready.
[reconciliation_cycle] discover_live_jobs failed: bjobs not found on PATH: [WinError 2] 系統找不到指定的檔案。
DV Agent Harness L5 - Periodic Regression Snapshot
Snapshot Time: 2026-09-04 12:30:01
SUMMARY: Total: 0

Job        Pattern / Combination                LSF        DV Analysis        UVM_ERR   UVM_FATAL  Agent Action / Note
----------------------------------------------------------------------------------------------------------------------------------

ATTENTION
- none

NEXT ACTIONS
- Analyze DONE jobs whose DV result is still UNKNOWN/pending.
- Continue incremental monitoring of RUN jobs.
- Triage EXIT/FAIL jobs and rerun fixed patterns when ready.
[reconciliation_cycle] discover_live_jobs failed: bjobs not found on PATH: [WinError 2] 系統找不到指定的檔案。
DV Agent Harness L5 - Periodic Regression Snapshot
Snapshot Time: 2026-09-04 12:35:01
SUMMARY: Total: 0

Job        Pattern / Combination                LSF        DV Analysis        UVM_ERR   UVM_FATAL  Agent Action / Note
----------------------------------------------------------------------------------------------------------------------------------

ATTENTION
- none

NEXT ACTIONS
- Analyze DONE jobs whose DV result is still UNKNOWN/pending.
- Continue incremental monitoring of RUN jobs.
- Triage EXIT/FAIL jobs and rerun fixed patterns when ready.
[reconciliation_cycle] discover_live_jobs failed: bjobs not found on PATH: [WinError 2] 系統找不到指定的檔案。
DV Agent Harness L5 - Periodic Regression Snapshot
Snapshot Time: 2026-09-04 12:40:01
SUMMARY: Total: 0

Job        Pattern / Combination                LSF        DV Analysis        UVM_ERR   UVM_FATAL  Agent Action / Note
----------------------------------------------------------------------------------------------------------------------------------

ATTENTION
- none

NEXT ACTIONS
- Analyze DONE jobs whose DV result is still UNKNOWN/pending.
- Continue incremental monitoring of RUN jobs.
- Triage EXIT/FAIL jobs and rerun fixed patterns when ready.
[reconciliation_cycle] discover_live_jobs failed: bjobs not found on PATH: [WinError 2] 系統找不到指定的檔案。
DV Agent Harness L5 - Periodic Regression Snapshot
Snapshot Time: 2026-09-04 12:45:01
SUMMARY: Total: 0

Job        Pattern / Combination                LSF        DV Analysis        UVM_ERR   UVM_FATAL  Agent Action / Note
----------------------------------------------------------------------------------------------------------------------------------

ATTENTION
- none

NEXT ACTIONS
- Analyze DONE jobs whose DV result is still UNKNOWN/pending.
- Continue incremental monitoring of RUN jobs.
- Triage EXIT/FAIL jobs and rerun fixed patterns when ready.
[reconciliation_cycle] discover_live_jobs failed: bjobs not found on PATH: [WinError 2] 系統找不到指定的檔案。
DV Agent Harness L5 - Periodic Regression Snapshot
Snapshot Time: 2026-09-04 12:50:01
SUMMARY: Total: 0

Job        Pattern / Combination                LSF        DV Analysis        UVM_ERR   UVM_FATAL  Agent Action / Note
----------------------------------------------------------------------------------------------------------------------------------

ATTENTION
- none

NEXT ACTIONS
- Analyze DONE jobs whose DV result is still UNKNOWN/pending.
- Continue incremental monitoring of RUN jobs.
- Triage EXIT/FAIL jobs and rerun fixed patterns when ready.
[reconciliation_cycle] discover_live_jobs failed: bjobs not found on PATH: [WinError 2] 系統找不到指定的檔案。
DV Agent Harness L5 - Periodic Regression Snapshot
Snapshot Time: 2026-09-04 12:55:01
SUMMARY: Total: 0

Job        Pattern / Combination                LSF        DV Analysis        UVM_ERR   UVM_FATAL  Agent Action / Note
----------------------------------------------------------------------------------------------------------------------------------

ATTENTION
- none

NEXT ACTIONS
- Analyze DONE jobs whose DV result is still UNKNOWN/pending.
- Continue incremental monitoring of RUN jobs.
- Triage EXIT/FAIL jobs and rerun fixed patterns when ready.
[reconciliation_cycle] discover_live_jobs failed: bjobs not found on PATH: [WinError 2] 系統找不到指定的檔案。
DV Agent Harness L5 - Periodic Regression Snapshot
Snapshot Time: 2026-09-04 13:00:01
SUMMARY: Total: 0

Job        Pattern / Combination                LSF        DV Analysis        UVM_ERR   UVM_FATAL  Agent Action / Note
----------------------------------------------------------------------------------------------------------------------------------

ATTENTION
- none

NEXT ACTIONS
- Analyze DONE jobs whose DV result is still UNKNOWN/pending.
- Continue incremental monitoring of RUN jobs.
- Triage EXIT/FAIL jobs and rerun fixed patterns when ready.
[reconciliation_cycle] discover_live_jobs failed: bjobs not found on PATH: [WinError 2] 系統找不到指定的檔案。
DV Agent Harness L5 - Periodic Regression Snapshot
Snapshot Time: 2026-09-04 13:05:01
SUMMARY: Total: 0

Job        Pattern / Combination                LSF        DV Analysis        UVM_ERR   UVM_FATAL  Agent Action / Note
----------------------------------------------------------------------------------------------------------------------------------

ATTENTION
- none

NEXT ACTIONS
- Analyze DONE jobs whose DV result is still UNKNOWN/pending.
- Continue incremental monitoring of RUN jobs.
- Triage EXIT/FAIL jobs and rerun fixed patterns when ready.
[reconciliation_cycle] discover_live_jobs failed: bjobs not found on PATH: [WinError 2] 系統找不到指定的檔案。
DV Agent Harness L5 - Periodic Regression Snapshot
Snapshot Time: 2026-09-04 13:10:01
SUMMARY: Total: 0

Job        Pattern / Combination                LSF        DV Analysis        UVM_ERR   UVM_FATAL  Agent Action / Note
----------------------------------------------------------------------------------------------------------------------------------

ATTENTION
- none

NEXT ACTIONS
- Analyze DONE jobs whose DV result is still UNKNOWN/pending.
- Continue incremental monitoring of RUN jobs.
- Triage EXIT/FAIL jobs and rerun fixed patterns when ready.
[reconciliation_cycle] discover_live_jobs failed: bjobs not found on PATH: [WinError 2] 系統找不到指定的檔案。
DV Agent Harness L5 - Periodic Regression Snapshot
Snapshot Time: 2026-09-04 13:15:01
SUMMARY: Total: 0

Job        Pattern / Combination                LSF        DV Analysis        UVM_ERR   UVM_FATAL  Agent Action / Note
----------------------------------------------------------------------------------------------------------------------------------

ATTENTION
- none

NEXT ACTIONS
- Analyze DONE jobs whose DV result is still UNKNOWN/pending.
- Continue incremental monitoring of RUN jobs.
- Triage EXIT/FAIL jobs and rerun fixed patterns when ready.
[reconciliation_cycle] discover_live_jobs failed: bjobs not found on PATH: [WinError 2] 系統找不到指定的檔案。
DV Agent Harness L5 - Periodic Regression Snapshot
Snapshot Time: 2026-09-04 13:20:01
SUMMARY: Total: 0

Job        Pattern / Combination                LSF        DV Analysis        UVM_ERR   UVM_FATAL  Agent Action / Note
----------------------------------------------------------------------------------------------------------------------------------

ATTENTION
- none

NEXT ACTIONS
- Analyze DONE jobs whose DV result is still UNKNOWN/pending.
- Continue incremental monitoring of RUN jobs.
- Triage EXIT/FAIL jobs and rerun fixed patterns when ready.
[reconciliation_cycle] discover_live_jobs failed: bjobs not found on PATH: [WinError 2] 系統找不到指定的檔案。
DV Agent Harness L5 - Periodic Regression Snapshot
Snapshot Time: 2026-09-04 13:25:01
SUMMARY: Total: 0

Job        Pattern / Combination                LSF        DV Analysis        UVM_ERR   UVM_FATAL  Agent Action / Note
----------------------------------------------------------------------------------------------------------------------------------

ATTENTION
- none

NEXT ACTIONS
- Analyze DONE jobs whose DV result is still UNKNOWN/pending.
- Continue incremental monitoring of RUN jobs.
- Triage EXIT/FAIL jobs and rerun fixed patterns when ready.
[reconciliation_cycle] discover_live_jobs failed: bjobs not found on PATH: [WinError 2] 系統找不到指定的檔案。
DV Agent Harness L5 - Periodic Regression Snapshot
Snapshot Time: 2026-09-04 13:30:01
SUMMARY: Total: 0

Job        Pattern / Combination                LSF        DV Analysis        UVM_ERR   UVM_FATAL  Agent Action / Note
----------------------------------------------------------------------------------------------------------------------------------

ATTENTION
- none

NEXT ACTIONS
- Analyze DONE jobs whose DV result is still UNKNOWN/pending.
- Continue incremental monitoring of RUN jobs.
- Triage EXIT/FAIL jobs and rerun fixed patterns when ready.
[reconciliation_cycle] discover_live_jobs failed: bjobs not found on PATH: [WinError 2] 系統找不到指定的檔案。
DV Agent Harness L5 - Periodic Regression Snapshot
Snapshot Time: 2026-09-04 13:35:01
SUMMARY: Total: 0

Job        Pattern / Combination                LSF        DV Analysis        UVM_ERR   UVM_FATAL  Agent Action / Note
----------------------------------------------------------------------------------------------------------------------------------

ATTENTION
- none

NEXT ACTIONS
- Analyze DONE jobs whose DV result is still UNKNOWN/pending.
- Continue incremental monitoring of RUN jobs.
- Triage EXIT/FAIL jobs and rerun fixed patterns when ready.
[reconciliation_cycle] discover_live_jobs failed: bjobs not found on PATH: [WinError 2] 系統找不到指定的檔案。
DV Agent Harness L5 - Periodic Regression Snapshot
Snapshot Time: 2026-09-04 13:40:01
SUMMARY: Total: 0

Job        Pattern / Combination                LSF        DV Analysis        UVM_ERR   UVM_FATAL  Agent Action / Note
----------------------------------------------------------------------------------------------------------------------------------

ATTENTION
- none

NEXT ACTIONS
- Analyze DONE jobs whose DV result is still UNKNOWN/pending.
- Continue incremental monitoring of RUN jobs.
- Triage EXIT/FAIL jobs and rerun fixed patterns when ready.
[reconciliation_cycle] discover_live_jobs failed: bjobs not found on PATH: [WinError 2] 系統找不到指定的檔案。
DV Agent Harness L5 - Periodic Regression Snapshot
Snapshot Time: 2026-09-04 13:45:01
SUMMARY: Total: 0

Job        Pattern / Combination                LSF        DV Analysis        UVM_ERR   UVM_FATAL  Agent Action / Note
----------------------------------------------------------------------------------------------------------------------------------

ATTENTION
- none

NEXT ACTIONS
- Analyze DONE jobs whose DV result is still UNKNOWN/pending.
- Continue incremental monitoring of RUN jobs.
- Triage EXIT/FAIL jobs and rerun fixed patterns when ready.
[reconciliation_cycle] discover_live_jobs failed: bjobs not found on PATH: [WinError 2] 系統找不到指定的檔案。
DV Agent Harness L5 - Periodic Regression Snapshot
Snapshot Time: 2026-09-04 13:50:01
SUMMARY: Total: 0

Job        Pattern / Combination                LSF        DV Analysis        UVM_ERR   UVM_FATAL  Agent Action / Note
----------------------------------------------------------------------------------------------------------------------------------

ATTENTION
- none

NEXT ACTIONS
- Analyze DONE jobs whose DV result is still UNKNOWN/pending.
- Continue incremental monitoring of RUN jobs.
- Triage EXIT/FAIL jobs and rerun fixed patterns when ready.
[reconciliation_cycle] discover_live_jobs failed: bjobs not found on PATH: [WinError 2] 系統找不到指定的檔案。
DV Agent Harness L5 - Periodic Regression Snapshot
Snapshot Time: 2026-09-04 13:55:02
SUMMARY: Total: 0

Job        Pattern / Combination                LSF        DV Analysis        UVM_ERR   UVM_FATAL  Agent Action / Note
----------------------------------------------------------------------------------------------------------------------------------

ATTENTION
- none

NEXT ACTIONS
- Analyze DONE jobs whose DV result is still UNKNOWN/pending.
- Continue incremental monitoring of RUN jobs.
- Triage EXIT/FAIL jobs and rerun fixed patterns when ready.
[reconciliation_cycle] discover_live_jobs failed: bjobs not found on PATH: [WinError 2] 系統找不到指定的檔案。
DV Agent Harness L5 - Periodic Regression Snapshot
Snapshot Time: 2026-09-04 14:00:02
SUMMARY: Total: 0

Job        Pattern / Combination                LSF        DV Analysis        UVM_ERR   UVM_FATAL  Agent Action / Note
----------------------------------------------------------------------------------------------------------------------------------

ATTENTION
- none

NEXT ACTIONS
- Analyze DONE jobs whose DV result is still UNKNOWN/pending.
- Continue incremental monitoring of RUN jobs.
- Triage EXIT/FAIL jobs and rerun fixed patterns when ready.
[reconciliation_cycle] discover_live_jobs failed: bjobs not found on PATH: [WinError 2] 系統找不到指定的檔案。
DV Agent Harness L5 - Periodic Regression Snapshot
Snapshot Time: 2026-09-04 14:05:02
SUMMARY: Total: 0

Job        Pattern / Combination                LSF        DV Analysis        UVM_ERR   UVM_FATAL  Agent Action / Note
----------------------------------------------------------------------------------------------------------------------------------

ATTENTION
- none

NEXT ACTIONS
- Analyze DONE jobs whose DV result is still UNKNOWN/pending.
- Continue incremental monitoring of RUN jobs.
- Triage EXIT/FAIL jobs and rerun fixed patterns when ready.
[reconciliation_cycle] discover_live_jobs failed: bjobs not found on PATH: [WinError 2] 系統找不到指定的檔案。
DV Agent Harness L5 - Periodic Regression Snapshot
Snapshot Time: 2026-09-04 14:10:02
SUMMARY: Total: 0

Job        Pattern / Combination                LSF        DV Analysis        UVM_ERR   UVM_FATAL  Agent Action / Note
----------------------------------------------------------------------------------------------------------------------------------

ATTENTION
- none

NEXT ACTIONS
- Analyze DONE jobs whose DV result is still UNKNOWN/pending.
- Continue incremental monitoring of RUN jobs.
- Triage EXIT/FAIL jobs and rerun fixed patterns when ready.
[reconciliation_cycle] discover_live_jobs failed: bjobs not found on PATH: [WinError 2] 系統找不到指定的檔案。
DV Agent Harness L5 - Periodic Regression Snapshot
Snapshot Time: 2026-09-04 14:15:02
SUMMARY: Total: 0

Job        Pattern / Combination                LSF        DV Analysis        UVM_ERR   UVM_FATAL  Agent Action / Note
----------------------------------------------------------------------------------------------------------------------------------

ATTENTION
- none

NEXT ACTIONS
- Analyze DONE jobs whose DV result is still UNKNOWN/pending.
- Continue incremental monitoring of RUN jobs.
- Triage EXIT/FAIL jobs and rerun fixed patterns when ready.
[reconciliation_cycle] discover_live_jobs failed: bjobs not found on PATH: [WinError 2] 系統找不到指定的檔案。
DV Agent Harness L5 - Periodic Regression Snapshot
Snapshot Time: 2026-09-04 14:20:02
SUMMARY: Total: 0

Job        Pattern / Combination                LSF        DV Analysis        UVM_ERR   UVM_FATAL  Agent Action / Note
----------------------------------------------------------------------------------------------------------------------------------

ATTENTION
- none

NEXT ACTIONS
- Analyze DONE jobs whose DV result is still UNKNOWN/pending.
- Continue incremental monitoring of RUN jobs.
- Triage EXIT/FAIL jobs and rerun fixed patterns when ready.
[reconciliation_cycle] discover_live_jobs failed: bjobs not found on PATH: [WinError 2] 系統找不到指定的檔案。
DV Agent Harness L5 - Periodic Regression Snapshot
Snapshot Time: 2026-09-04 14:25:02
SUMMARY: Total: 0

Job        Pattern / Combination                LSF        DV Analysis        UVM_ERR   UVM_FATAL  Agent Action / Note
----------------------------------------------------------------------------------------------------------------------------------

ATTENTION
- none

NEXT ACTIONS
- Analyze DONE jobs whose DV result is still UNKNOWN/pending.
- Continue incremental monitoring of RUN jobs.
- Triage EXIT/FAIL jobs and rerun fixed patterns when ready.
[reconciliation_cycle] discover_live_jobs failed: bjobs not found on PATH: [WinError 2] 系統找不到指定的檔案。
DV Agent Harness L5 - Periodic Regression Snapshot
Snapshot Time: 2026-09-04 14:30:02
SUMMARY: Total: 0

Job        Pattern / Combination                LSF        DV Analysis        UVM_ERR   UVM_FATAL  Agent Action / Note
----------------------------------------------------------------------------------------------------------------------------------

ATTENTION
- none

NEXT ACTIONS
- Analyze DONE jobs whose DV result is still UNKNOWN/pending.
- Continue incremental monitoring of RUN jobs.
- Triage EXIT/FAIL jobs and rerun fixed patterns when ready.
[reconciliation_cycle] discover_live_jobs failed: bjobs not found on PATH: [WinError 2] 系統找不到指定的檔案。
DV Agent Harness L5 - Periodic Regression Snapshot
Snapshot Time: 2026-09-04 14:35:02
SUMMARY: Total: 0

Job        Pattern / Combination                LSF        DV Analysis        UVM_ERR   UVM_FATAL  Agent Action / Note
----------------------------------------------------------------------------------------------------------------------------------

ATTENTION
- none

NEXT ACTIONS
- Analyze DONE jobs whose DV result is still UNKNOWN/pending.
- Continue incremental monitoring of RUN jobs.
- Triage EXIT/FAIL jobs and rerun fixed patterns when ready.
[reconciliation_cycle] discover_live_jobs failed: bjobs not found on PATH: [WinError 2] 系統找不到指定的檔案。
DV Agent Harness L5 - Periodic Regression Snapshot
Snapshot Time: 2026-09-04 14:40:02
SUMMARY: Total: 0

Job        Pattern / Combination                LSF        DV Analysis        UVM_ERR   UVM_FATAL  Agent Action / Note
----------------------------------------------------------------------------------------------------------------------------------

ATTENTION
- none

NEXT ACTIONS
- Analyze DONE jobs whose DV result is still UNKNOWN/pending.
- Continue incremental monitoring of RUN jobs.
- Triage EXIT/FAIL jobs and rerun fixed patterns when ready.
[reconciliation_cycle] discover_live_jobs failed: bjobs not found on PATH: [WinError 2] 系統找不到指定的檔案。
DV Agent Harness L5 - Periodic Regression Snapshot
Snapshot Time: 2026-09-04 14:45:02
SUMMARY: Total: 0

Job        Pattern / Combination                LSF        DV Analysis        UVM_ERR   UVM_FATAL  Agent Action / Note
----------------------------------------------------------------------------------------------------------------------------------

ATTENTION
- none

NEXT ACTIONS
- Analyze DONE jobs whose DV result is still UNKNOWN/pending.
- Continue incremental monitoring of RUN jobs.
- Triage EXIT/FAIL jobs and rerun fixed patterns when ready.
[reconciliation_cycle] discover_live_jobs failed: bjobs not found on PATH: [WinError 2] 系統找不到指定的檔案。
DV Agent Harness L5 - Periodic Regression Snapshot
Snapshot Time: 2026-09-04 14:50:02
SUMMARY: Total: 0

Job        Pattern / Combination                LSF        DV Analysis        UVM_ERR   UVM_FATAL  Agent Action / Note
----------------------------------------------------------------------------------------------------------------------------------

ATTENTION
- none

NEXT ACTIONS
- Analyze DONE jobs whose DV result is still UNKNOWN/pending.
- Continue incremental monitoring of RUN jobs.
- Triage EXIT/FAIL jobs and rerun fixed patterns when ready.
[reconciliation_cycle] discover_live_jobs failed: bjobs not found on PATH: [WinError 2] 系統找不到指定的檔案。
DV Agent Harness L5 - Periodic Regression Snapshot
Snapshot Time: 2026-09-04 14:55:02
SUMMARY: Total: 0

Job        Pattern / Combination                LSF        DV Analysis        UVM_ERR   UVM_FATAL  Agent Action / Note
----------------------------------------------------------------------------------------------------------------------------------

ATTENTION
- none

NEXT ACTIONS
- Analyze DONE jobs whose DV result is still UNKNOWN/pending.
- Continue incremental monitoring of RUN jobs.
- Triage EXIT/FAIL jobs and rerun fixed patterns when ready.
[reconciliation_cycle] discover_live_jobs failed: bjobs not found on PATH: [WinError 2] 系統找不到指定的檔案。
DV Agent Harness L5 - Periodic Regression Snapshot
Snapshot Time: 2026-09-04 15:00:02
SUMMARY: Total: 0

Job        Pattern / Combination                LSF        DV Analysis        UVM_ERR   UVM_FATAL  Agent Action / Note
----------------------------------------------------------------------------------------------------------------------------------

ATTENTION
- none

NEXT ACTIONS
- Analyze DONE jobs whose DV result is still UNKNOWN/pending.
- Continue incremental monitoring of RUN jobs.
- Triage EXIT/FAIL jobs and rerun fixed patterns when ready.
[reconciliation_cycle] discover_live_jobs failed: bjobs not found on PATH: [WinError 2] 系統找不到指定的檔案。
DV Agent Harness L5 - Periodic Regression Snapshot
Snapshot Time: 2026-09-04 15:05:02
SUMMARY: Total: 0

Job        Pattern / Combination                LSF        DV Analysis        UVM_ERR   UVM_FATAL  Agent Action / Note
----------------------------------------------------------------------------------------------------------------------------------

ATTENTION
- none

NEXT ACTIONS
- Analyze DONE jobs whose DV result is still UNKNOWN/pending.
- Continue incremental monitoring of RUN jobs.
- Triage EXIT/FAIL jobs and rerun fixed patterns when ready.
[reconciliation_cycle] discover_live_jobs failed: bjobs not found on PATH: [WinError 2] 系統找不到指定的檔案。
DV Agent Harness L5 - Periodic Regression Snapshot
Snapshot Time: 2026-09-04 15:10:02
SUMMARY: Total: 0

Job        Pattern / Combination                LSF        DV Analysis        UVM_ERR   UVM_FATAL  Agent Action / Note
----------------------------------------------------------------------------------------------------------------------------------

ATTENTION
- none

NEXT ACTIONS
- Analyze DONE jobs whose DV result is still UNKNOWN/pending.
- Continue incremental monitoring of RUN jobs.
- Triage EXIT/FAIL jobs and rerun fixed patterns when ready.
[reconciliation_cycle] discover_live_jobs failed: bjobs not found on PATH: [WinError 2] 系統找不到指定的檔案。
DV Agent Harness L5 - Periodic Regression Snapshot
Snapshot Time: 2026-09-04 15:15:02
SUMMARY: Total: 0

Job        Pattern / Combination                LSF        DV Analysis        UVM_ERR   UVM_FATAL  Agent Action / Note
----------------------------------------------------------------------------------------------------------------------------------

ATTENTION
- none

NEXT ACTIONS
- Analyze DONE jobs whose DV result is still UNKNOWN/pending.
- Continue incremental monitoring of RUN jobs.
- Triage EXIT/FAIL jobs and rerun fixed patterns when ready.
[reconciliation_cycle] discover_live_jobs failed: bjobs not found on PATH: [WinError 2] 系統找不到指定的檔案。
DV Agent Harness L5 - Periodic Regression Snapshot
Snapshot Time: 2026-09-04 15:20:02
SUMMARY: Total: 0

Job        Pattern / Combination                LSF        DV Analysis        UVM_ERR   UVM_FATAL  Agent Action / Note
----------------------------------------------------------------------------------------------------------------------------------

ATTENTION
- none

NEXT ACTIONS
- Analyze DONE jobs whose DV result is still UNKNOWN/pending.
- Continue incremental monitoring of RUN jobs.
- Triage EXIT/FAIL jobs and rerun fixed patterns when ready.
[reconciliation_cycle] discover_live_jobs failed: bjobs not found on PATH: [WinError 2] 系統找不到指定的檔案。
DV Agent Harness L5 - Periodic Regression Snapshot
Snapshot Time: 2026-09-04 15:25:03
SUMMARY: Total: 0

Job        Pattern / Combination                LSF        DV Analysis        UVM_ERR   UVM_FATAL  Agent Action / Note
----------------------------------------------------------------------------------------------------------------------------------

ATTENTION
- none

NEXT ACTIONS
- Analyze DONE jobs whose DV result is still UNKNOWN/pending.
- Continue incremental monitoring of RUN jobs.
- Triage EXIT/FAIL jobs and rerun fixed patterns when ready.
[reconciliation_cycle] discover_live_jobs failed: bjobs not found on PATH: [WinError 2] 系統找不到指定的檔案。
DV Agent Harness L5 - Periodic Regression Snapshot
Snapshot Time: 2026-09-04 15:30:03
SUMMARY: Total: 0

Job        Pattern / Combination                LSF        DV Analysis        UVM_ERR   UVM_FATAL  Agent Action / Note
----------------------------------------------------------------------------------------------------------------------------------

ATTENTION
- none

NEXT ACTIONS
- Analyze DONE jobs whose DV result is still UNKNOWN/pending.
- Continue incremental monitoring of RUN jobs.
- Triage EXIT/FAIL jobs and rerun fixed patterns when ready.
[reconciliation_cycle] discover_live_jobs failed: bjobs not found on PATH: [WinError 2] 系統找不到指定的檔案。
DV Agent Harness L5 - Periodic Regression Snapshot
Snapshot Time: 2026-09-04 15:35:03
SUMMARY: Total: 0

Job        Pattern / Combination                LSF        DV Analysis        UVM_ERR   UVM_FATAL  Agent Action / Note
----------------------------------------------------------------------------------------------------------------------------------

ATTENTION
- none

NEXT ACTIONS
- Analyze DONE jobs whose DV result is still UNKNOWN/pending.
- Continue incremental monitoring of RUN jobs.
- Triage EXIT/FAIL jobs and rerun fixed patterns when ready.
[reconciliation_cycle] discover_live_jobs failed: bjobs not found on PATH: [WinError 2] 系統找不到指定的檔案。
DV Agent Harness L5 - Periodic Regression Snapshot
Snapshot Time: 2026-09-04 15:40:03
SUMMARY: Total: 0

Job        Pattern / Combination                LSF        DV Analysis        UVM_ERR   UVM_FATAL  Agent Action / Note
----------------------------------------------------------------------------------------------------------------------------------

ATTENTION
- none

NEXT ACTIONS
- Analyze DONE jobs whose DV result is still UNKNOWN/pending.
- Continue incremental monitoring of RUN jobs.
- Triage EXIT/FAIL jobs and rerun fixed patterns when ready.
[reconciliation_cycle] discover_live_jobs failed: bjobs not found on PATH: [WinError 2] 系統找不到指定的檔案。
DV Agent Harness L5 - Periodic Regression Snapshot
Snapshot Time: 2026-09-04 15:45:03
SUMMARY: Total: 0

Job        Pattern / Combination                LSF        DV Analysis        UVM_ERR   UVM_FATAL  Agent Action / Note
----------------------------------------------------------------------------------------------------------------------------------

ATTENTION
- none

NEXT ACTIONS
- Analyze DONE jobs whose DV result is still UNKNOWN/pending.
- Continue incremental monitoring of RUN jobs.
- Triage EXIT/FAIL jobs and rerun fixed patterns when ready.
[reconciliation_cycle] discover_live_jobs failed: bjobs not found on PATH: [WinError 2] 系統找不到指定的檔案。
DV Agent Harness L5 - Periodic Regression Snapshot
Snapshot Time: 2026-09-04 15:50:03
SUMMARY: Total: 0

Job        Pattern / Combination                LSF        DV Analysis        UVM_ERR   UVM_FATAL  Agent Action / Note
----------------------------------------------------------------------------------------------------------------------------------

ATTENTION
- none

NEXT ACTIONS
- Analyze DONE jobs whose DV result is still UNKNOWN/pending.
- Continue incremental monitoring of RUN jobs.
- Triage EXIT/FAIL jobs and rerun fixed patterns when ready.
[reconciliation_cycle] discover_live_jobs failed: bjobs not found on PATH: [WinError 2] 系統找不到指定的檔案。
DV Agent Harness L5 - Periodic Regression Snapshot
Snapshot Time: 2026-09-04 15:55:03
SUMMARY: Total: 0

Job        Pattern / Combination                LSF        DV Analysis        UVM_ERR   UVM_FATAL  Agent Action / Note
----------------------------------------------------------------------------------------------------------------------------------

ATTENTION
- none

NEXT ACTIONS
- Analyze DONE jobs whose DV result is still UNKNOWN/pending.
- Continue incremental monitoring of RUN jobs.
- Triage EXIT/FAIL jobs and rerun fixed patterns when ready.
[reconciliation_cycle] discover_live_jobs failed: bjobs not found on PATH: [WinError 2] 系統找不到指定的檔案。
DV Agent Harness L5 - Periodic Regression Snapshot
Snapshot Time: 2026-09-04 16:00:03
SUMMARY: Total: 0

Job        Pattern / Combination                LSF        DV Analysis        UVM_ERR   UVM_FATAL  Agent Action / Note
----------------------------------------------------------------------------------------------------------------------------------

ATTENTION
- none

NEXT ACTIONS
- Analyze DONE jobs whose DV result is still UNKNOWN/pending.
- Continue incremental monitoring of RUN jobs.
- Triage EXIT/FAIL jobs and rerun fixed patterns when ready.
[reconciliation_cycle] discover_live_jobs failed: bjobs not found on PATH: [WinError 2] 系統找不到指定的檔案。
DV Agent Harness L5 - Periodic Regression Snapshot
Snapshot Time: 2026-09-04 16:05:03
SUMMARY: Total: 0

Job        Pattern / Combination                LSF        DV Analysis        UVM_ERR   UVM_FATAL  Agent Action / Note
----------------------------------------------------------------------------------------------------------------------------------

ATTENTION
- none

NEXT ACTIONS
- Analyze DONE jobs whose DV result is still UNKNOWN/pending.
- Continue incremental monitoring of RUN jobs.
- Triage EXIT/FAIL jobs and rerun fixed patterns when ready.
[reconciliation_cycle] discover_live_jobs failed: bjobs not found on PATH: [WinError 2] 系統找不到指定的檔案。
DV Agent Harness L5 - Periodic Regression Snapshot
Snapshot Time: 2026-09-04 16:10:04
SUMMARY: Total: 0

Job        Pattern / Combination                LSF        DV Analysis        UVM_ERR   UVM_FATAL  Agent Action / Note
----------------------------------------------------------------------------------------------------------------------------------

ATTENTION
- none

NEXT ACTIONS
- Analyze DONE jobs whose DV result is still UNKNOWN/pending.
- Continue incremental monitoring of RUN jobs.
- Triage EXIT/FAIL jobs and rerun fixed patterns when ready.
[reconciliation_cycle] discover_live_jobs failed: bjobs not found on PATH: [WinError 2] 系統找不到指定的檔案。
DV Agent Harness L5 - Periodic Regression Snapshot
Snapshot Time: 2026-09-04 16:15:05
SUMMARY: Total: 0

Job        Pattern / Combination                LSF        DV Analysis        UVM_ERR   UVM_FATAL  Agent Action / Note
----------------------------------------------------------------------------------------------------------------------------------

ATTENTION
- none

NEXT ACTIONS
- Analyze DONE jobs whose DV result is still UNKNOWN/pending.
- Continue incremental monitoring of RUN jobs.
- Triage EXIT/FAIL jobs and rerun fixed patterns when ready.
[reconciliation_cycle] discover_live_jobs failed: bjobs not found on PATH: [WinError 2] 系統找不到指定的檔案。
DV Agent Harness L5 - Periodic Regression Snapshot
Snapshot Time: 2026-09-04 16:20:05
SUMMARY: Total: 0

Job        Pattern / Combination                LSF        DV Analysis        UVM_ERR   UVM_FATAL  Agent Action / Note
----------------------------------------------------------------------------------------------------------------------------------

ATTENTION
- none

NEXT ACTIONS
- Analyze DONE jobs whose DV result is still UNKNOWN/pending.
- Continue incremental monitoring of RUN jobs.
- Triage EXIT/FAIL jobs and rerun fixed patterns when ready.
[reconciliation_cycle] discover_live_jobs failed: bjobs not found on PATH: [WinError 2] 系統找不到指定的檔案。
DV Agent Harness L5 - Periodic Regression Snapshot
Snapshot Time: 2026-09-04 16:25:05
SUMMARY: Total: 0

Job        Pattern / Combination                LSF        DV Analysis        UVM_ERR   UVM_FATAL  Agent Action / Note
----------------------------------------------------------------------------------------------------------------------------------

ATTENTION
- none

NEXT ACTIONS
- Analyze DONE jobs whose DV result is still UNKNOWN/pending.
- Continue incremental monitoring of RUN jobs.
- Triage EXIT/FAIL jobs and rerun fixed patterns when ready.
[reconciliation_cycle] discover_live_jobs failed: bjobs not found on PATH: [WinError 2] 系統找不到指定的檔案。
DV Agent Harness L5 - Periodic Regression Snapshot
Snapshot Time: 2026-09-04 16:30:05
SUMMARY: Total: 0

Job        Pattern / Combination                LSF        DV Analysis        UVM_ERR   UVM_FATAL  Agent Action / Note
----------------------------------------------------------------------------------------------------------------------------------

ATTENTION
- none

NEXT ACTIONS
- Analyze DONE jobs whose DV result is still UNKNOWN/pending.
- Continue incremental monitoring of RUN jobs.
- Triage EXIT/FAIL jobs and rerun fixed patterns when ready.
[reconciliation_cycle] discover_live_jobs failed: bjobs not found on PATH: [WinError 2] 系統找不到指定的檔案。
DV Agent Harness L5 - Periodic Regression Snapshot
Snapshot Time: 2026-09-04 16:35:05
SUMMARY: Total: 0

Job        Pattern / Combination                LSF        DV Analysis        UVM_ERR   UVM_FATAL  Agent Action / Note
----------------------------------------------------------------------------------------------------------------------------------

ATTENTION
- none

NEXT ACTIONS
- Analyze DONE jobs whose DV result is still UNKNOWN/pending.
- Continue incremental monitoring of RUN jobs.
- Triage EXIT/FAIL jobs and rerun fixed patterns when ready.
[reconciliation_cycle] discover_live_jobs failed: bjobs not found on PATH: [WinError 2] 系統找不到指定的檔案。
DV Agent Harness L5 - Periodic Regression Snapshot
Snapshot Time: 2026-09-04 16:40:05
SUMMARY: Total: 0

Job        Pattern / Combination                LSF        DV Analysis        UVM_ERR   UVM_FATAL  Agent Action / Note
----------------------------------------------------------------------------------------------------------------------------------

ATTENTION
- none

NEXT ACTIONS
- Analyze DONE jobs whose DV result is still UNKNOWN/pending.
- Continue incremental monitoring of RUN jobs.
- Triage EXIT/FAIL jobs and rerun fixed patterns when ready.
[reconciliation_cycle] discover_live_jobs failed: bjobs not found on PATH: [WinError 2] 系統找不到指定的檔案。
DV Agent Harness L5 - Periodic Regression Snapshot
Snapshot Time: 2026-09-04 16:45:06
SUMMARY: Total: 0

Job        Pattern / Combination                LSF        DV Analysis        UVM_ERR   UVM_FATAL  Agent Action / Note
----------------------------------------------------------------------------------------------------------------------------------

ATTENTION
- none

NEXT ACTIONS
- Analyze DONE jobs whose DV result is still UNKNOWN/pending.
- Continue incremental monitoring of RUN jobs.
- Triage EXIT/FAIL jobs and rerun fixed patterns when ready.
[reconciliation_cycle] discover_live_jobs failed: bjobs not found on PATH: [WinError 2] 系統找不到指定的檔案。
DV Agent Harness L5 - Periodic Regression Snapshot
Snapshot Time: 2026-09-04 16:50:06
SUMMARY: Total: 0

Job        Pattern / Combination                LSF        DV Analysis        UVM_ERR   UVM_FATAL  Agent Action / Note
----------------------------------------------------------------------------------------------------------------------------------

ATTENTION
- none

NEXT ACTIONS
- Analyze DONE jobs whose DV result is still UNKNOWN/pending.
- Continue incremental monitoring of RUN jobs.
- Triage EXIT/FAIL jobs and rerun fixed patterns when ready.
[reconciliation_cycle] discover_live_jobs failed: bjobs not found on PATH: [WinError 2] 系統找不到指定的檔案。
DV Agent Harness L5 - Periodic Regression Snapshot
Snapshot Time: 2026-09-04 16:55:06
SUMMARY: Total: 0

Job        Pattern / Combination                LSF        DV Analysis        UVM_ERR   UVM_FATAL  Agent Action / Note
----------------------------------------------------------------------------------------------------------------------------------

ATTENTION
- none

NEXT ACTIONS
- Analyze DONE jobs whose DV result is still UNKNOWN/pending.
- Continue incremental monitoring of RUN jobs.
- Triage EXIT/FAIL jobs and rerun fixed patterns when ready.
[reconciliation_cycle] discover_live_jobs failed: bjobs not found on PATH: [WinError 2] 系統找不到指定的檔案。
DV Agent Harness L5 - Periodic Regression Snapshot
Snapshot Time: 2026-09-04 17:00:06
SUMMARY: Total: 0

Job        Pattern / Combination                LSF        DV Analysis        UVM_ERR   UVM_FATAL  Agent Action / Note
----------------------------------------------------------------------------------------------------------------------------------

ATTENTION
- none

NEXT ACTIONS
- Analyze DONE jobs whose DV result is still UNKNOWN/pending.
- Continue incremental monitoring of RUN jobs.
- Triage EXIT/FAIL jobs and rerun fixed patterns when ready.
[reconciliation_cycle] discover_live_jobs failed: bjobs not found on PATH: [WinError 2] 系統找不到指定的檔案。
DV Agent Harness L5 - Periodic Regression Snapshot
Snapshot Time: 2026-09-04 17:05:06
SUMMARY: Total: 0

Job        Pattern / Combination                LSF        DV Analysis        UVM_ERR   UVM_FATAL  Agent Action / Note
----------------------------------------------------------------------------------------------------------------------------------

ATTENTION
- none

NEXT ACTIONS
- Analyze DONE jobs whose DV result is still UNKNOWN/pending.
- Continue incremental monitoring of RUN jobs.
- Triage EXIT/FAIL jobs and rerun fixed patterns when ready.
[reconciliation_cycle] discover_live_jobs failed: bjobs not found on PATH: [WinError 2] 系統找不到指定的檔案。
DV Agent Harness L5 - Periodic Regression Snapshot
Snapshot Time: 2026-09-04 17:10:06
SUMMARY: Total: 0

Job        Pattern / Combination                LSF        DV Analysis        UVM_ERR   UVM_FATAL  Agent Action / Note
----------------------------------------------------------------------------------------------------------------------------------

ATTENTION
- none

NEXT ACTIONS
- Analyze DONE jobs whose DV result is still UNKNOWN/pending.
- Continue incremental monitoring of RUN jobs.
- Triage EXIT/FAIL jobs and rerun fixed patterns when ready.
[reconciliation_cycle] discover_live_jobs failed: bjobs not found on PATH: [WinError 2] 系統找不到指定的檔案。
DV Agent Harness L5 - Periodic Regression Snapshot
Snapshot Time: 2026-09-04 17:15:06
SUMMARY: Total: 0

Job        Pattern / Combination                LSF        DV Analysis        UVM_ERR   UVM_FATAL  Agent Action / Note
----------------------------------------------------------------------------------------------------------------------------------

ATTENTION
- none

NEXT ACTIONS
- Analyze DONE jobs whose DV result is still UNKNOWN/pending.
- Continue incremental monitoring of RUN jobs.
- Triage EXIT/FAIL jobs and rerun fixed patterns when ready.
[reconciliation_cycle] discover_live_jobs failed: bjobs not found on PATH: [WinError 2] 系統找不到指定的檔案。
DV Agent Harness L5 - Periodic Regression Snapshot
Snapshot Time: 2026-09-04 17:20:06
SUMMARY: Total: 0

Job        Pattern / Combination                LSF        DV Analysis        UVM_ERR   UVM_FATAL  Agent Action / Note
----------------------------------------------------------------------------------------------------------------------------------

ATTENTION
- none

NEXT ACTIONS
- Analyze DONE jobs whose DV result is still UNKNOWN/pending.
- Continue incremental monitoring of RUN jobs.
- Triage EXIT/FAIL jobs and rerun fixed patterns when ready.
[reconciliation_cycle] discover_live_jobs failed: bjobs not found on PATH: [WinError 2] 系統找不到指定的檔案。
DV Agent Harness L5 - Periodic Regression Snapshot
Snapshot Time: 2026-09-04 17:25:06
SUMMARY: Total: 0

Job        Pattern / Combination                LSF        DV Analysis        UVM_ERR   UVM_FATAL  Agent Action / Note
----------------------------------------------------------------------------------------------------------------------------------

ATTENTION
- none

NEXT ACTIONS
- Analyze DONE jobs whose DV result is still UNKNOWN/pending.
- Continue incremental monitoring of RUN jobs.
- Triage EXIT/FAIL jobs and rerun fixed patterns when ready.
[reconciliation_cycle] discover_live_jobs failed: bjobs not found on PATH: [WinError 2] 系統找不到指定的檔案。
DV Agent Harness L5 - Periodic Regression Snapshot
Snapshot Time: 2026-09-04 17:30:06
SUMMARY: Total: 0

Job        Pattern / Combination                LSF        DV Analysis        UVM_ERR   UVM_FATAL  Agent Action / Note
----------------------------------------------------------------------------------------------------------------------------------

ATTENTION
- none

NEXT ACTIONS
- Analyze DONE jobs whose DV result is still UNKNOWN/pending.
- Continue incremental monitoring of RUN jobs.
- Triage EXIT/FAIL jobs and rerun fixed patterns when ready.
[reconciliation_cycle] discover_live_jobs failed: bjobs not found on PATH: [WinError 2] 系統找不到指定的檔案。
DV Agent Harness L5 - Periodic Regression Snapshot
Snapshot Time: 2026-09-04 17:35:06
SUMMARY: Total: 0

Job        Pattern / Combination                LSF        DV Analysis        UVM_ERR   UVM_FATAL  Agent Action / Note
----------------------------------------------------------------------------------------------------------------------------------

ATTENTION
- none

NEXT ACTIONS
- Analyze DONE jobs whose DV result is still UNKNOWN/pending.
- Continue incremental monitoring of RUN jobs.
- Triage EXIT/FAIL jobs and rerun fixed patterns when ready.
[reconciliation_cycle] discover_live_jobs failed: bjobs not found on PATH: [WinError 2] 系統找不到指定的檔案。
DV Agent Harness L5 - Periodic Regression Snapshot
Snapshot Time: 2026-09-04 17:40:06
SUMMARY: Total: 0

Job        Pattern / Combination                LSF        DV Analysis        UVM_ERR   UVM_FATAL  Agent Action / Note
----------------------------------------------------------------------------------------------------------------------------------

ATTENTION
- none

NEXT ACTIONS
- Analyze DONE jobs whose DV result is still UNKNOWN/pending.
- Continue incremental monitoring of RUN jobs.
- Triage EXIT/FAIL jobs and rerun fixed patterns when ready.
[reconciliation_cycle] discover_live_jobs failed: bjobs not found on PATH: [WinError 2] 系統找不到指定的檔案。
DV Agent Harness L5 - Periodic Regression Snapshot
Snapshot Time: 2026-09-04 17:45:06
SUMMARY: Total: 0

Job        Pattern / Combination                LSF        DV Analysis        UVM_ERR   UVM_FATAL  Agent Action / Note
----------------------------------------------------------------------------------------------------------------------------------

ATTENTION
- none

NEXT ACTIONS
- Analyze DONE jobs whose DV result is still UNKNOWN/pending.
- Continue incremental monitoring of RUN jobs.
- Triage EXIT/FAIL jobs and rerun fixed patterns when ready.
[reconciliation_cycle] discover_live_jobs failed: bjobs not found on PATH: [WinError 2] 系統找不到指定的檔案。
DV Agent Harness L5 - Periodic Regression Snapshot
Snapshot Time: 2026-09-04 17:50:06
SUMMARY: Total: 0

Job        Pattern / Combination                LSF        DV Analysis        UVM_ERR   UVM_FATAL  Agent Action / Note
----------------------------------------------------------------------------------------------------------------------------------

ATTENTION
- none

NEXT ACTIONS
- Analyze DONE jobs whose DV result is still UNKNOWN/pending.
- Continue incremental monitoring of RUN jobs.
- Triage EXIT/FAIL jobs and rerun fixed patterns when ready.
[reconciliation_cycle] discover_live_jobs failed: bjobs not found on PATH: [WinError 2] 系統找不到指定的檔案。
DV Agent Harness L5 - Periodic Regression Snapshot
Snapshot Time: 2026-09-04 17:55:06
SUMMARY: Total: 0

Job        Pattern / Combination                LSF        DV Analysis        UVM_ERR   UVM_FATAL  Agent Action / Note
----------------------------------------------------------------------------------------------------------------------------------

ATTENTION
- none

NEXT ACTIONS
- Analyze DONE jobs whose DV result is still UNKNOWN/pending.
- Continue incremental monitoring of RUN jobs.
- Triage EXIT/FAIL jobs and rerun fixed patterns when ready.
[reconciliation_cycle] discover_live_jobs failed: bjobs not found on PATH: [WinError 2] 系統找不到指定的檔案。
DV Agent Harness L5 - Periodic Regression Snapshot
Snapshot Time: 2026-09-04 18:00:06
SUMMARY: Total: 0

Job        Pattern / Combination                LSF        DV Analysis        UVM_ERR   UVM_FATAL  Agent Action / Note
----------------------------------------------------------------------------------------------------------------------------------

ATTENTION
- none

NEXT ACTIONS
- Analyze DONE jobs whose DV result is still UNKNOWN/pending.
- Continue incremental monitoring of RUN jobs.
- Triage EXIT/FAIL jobs and rerun fixed patterns when ready.
[reconciliation_cycle] discover_live_jobs failed: bjobs not found on PATH: [WinError 2] 系統找不到指定的檔案。
DV Agent Harness L5 - Periodic Regression Snapshot
Snapshot Time: 2026-09-04 18:05:06
SUMMARY: Total: 0

Job        Pattern / Combination                LSF        DV Analysis        UVM_ERR   UVM_FATAL  Agent Action / Note
----------------------------------------------------------------------------------------------------------------------------------

ATTENTION
- none

NEXT ACTIONS
- Analyze DONE jobs whose DV result is still UNKNOWN/pending.
- Continue incremental monitoring of RUN jobs.
- Triage EXIT/FAIL jobs and rerun fixed patterns when ready.
[reconciliation_cycle] discover_live_jobs failed: bjobs not found on PATH: [WinError 2] 系統找不到指定的檔案。
DV Agent Harness L5 - Periodic Regression Snapshot
Snapshot Time: 2026-09-04 18:10:06
SUMMARY: Total: 0

Job        Pattern / Combination                LSF        DV Analysis        UVM_ERR   UVM_FATAL  Agent Action / Note
----------------------------------------------------------------------------------------------------------------------------------

ATTENTION
- none

NEXT ACTIONS
- Analyze DONE jobs whose DV result is still UNKNOWN/pending.
- Continue incremental monitoring of RUN jobs.
- Triage EXIT/FAIL jobs and rerun fixed patterns when ready.
[reconciliation_cycle] discover_live_jobs failed: bjobs not found on PATH: [WinError 2] 系統找不到指定的檔案。
DV Agent Harness L5 - Periodic Regression Snapshot
Snapshot Time: 2026-09-04 18:15:06
SUMMARY: Total: 0

Job        Pattern / Combination                LSF        DV Analysis        UVM_ERR   UVM_FATAL  Agent Action / Note
----------------------------------------------------------------------------------------------------------------------------------

ATTENTION
- none

NEXT ACTIONS
- Analyze DONE jobs whose DV result is still UNKNOWN/pending.
- Continue incremental monitoring of RUN jobs.
- Triage EXIT/FAIL jobs and rerun fixed patterns when ready.
[reconciliation_cycle] discover_live_jobs failed: bjobs not found on PATH: [WinError 2] 系統找不到指定的檔案。
DV Agent Harness L5 - Periodic Regression Snapshot
Snapshot Time: 2026-09-04 18:20:06
SUMMARY: Total: 0

Job        Pattern / Combination                LSF        DV Analysis        UVM_ERR   UVM_FATAL  Agent Action / Note
----------------------------------------------------------------------------------------------------------------------------------

ATTENTION
- none

NEXT ACTIONS
- Analyze DONE jobs whose DV result is still UNKNOWN/pending.
- Continue incremental monitoring of RUN jobs.
- Triage EXIT/FAIL jobs and rerun fixed patterns when ready.
[reconciliation_cycle] discover_live_jobs failed: bjobs not found on PATH: [WinError 2] 系統找不到指定的檔案。
DV Agent Harness L5 - Periodic Regression Snapshot
Snapshot Time: 2026-09-04 18:25:06
SUMMARY: Total: 0

Job        Pattern / Combination                LSF        DV Analysis        UVM_ERR   UVM_FATAL  Agent Action / Note
----------------------------------------------------------------------------------------------------------------------------------

ATTENTION
- none

NEXT ACTIONS
- Analyze DONE jobs whose DV result is still UNKNOWN/pending.
- Continue incremental monitoring of RUN jobs.
- Triage EXIT/FAIL jobs and rerun fixed patterns when ready.
[reconciliation_cycle] discover_live_jobs failed: bjobs not found on PATH: [WinError 2] 系統找不到指定的檔案。
DV Agent Harness L5 - Periodic Regression Snapshot
Snapshot Time: 2026-09-04 18:30:06
SUMMARY: Total: 0

Job        Pattern / Combination                LSF        DV Analysis        UVM_ERR   UVM_FATAL  Agent Action / Note
----------------------------------------------------------------------------------------------------------------------------------

ATTENTION
- none

NEXT ACTIONS
- Analyze DONE jobs whose DV result is still UNKNOWN/pending.
- Continue incremental monitoring of RUN jobs.
- Triage EXIT/FAIL jobs and rerun fixed patterns when ready.
[reconciliation_cycle] discover_live_jobs failed: bjobs not found on PATH: [WinError 2] 系統找不到指定的檔案。
DV Agent Harness L5 - Periodic Regression Snapshot
Snapshot Time: 2026-09-04 18:35:06
SUMMARY: Total: 0

Job        Pattern / Combination                LSF        DV Analysis        UVM_ERR   UVM_FATAL  Agent Action / Note
----------------------------------------------------------------------------------------------------------------------------------

ATTENTION
- none

NEXT ACTIONS
- Analyze DONE jobs whose DV result is still UNKNOWN/pending.
- Continue incremental monitoring of RUN jobs.
- Triage EXIT/FAIL jobs and rerun fixed patterns when ready.
[reconciliation_cycle] discover_live_jobs failed: bjobs not found on PATH: [WinError 2] 系統找不到指定的檔案。
DV Agent Harness L5 - Periodic Regression Snapshot
Snapshot Time: 2026-09-04 18:40:06
SUMMARY: Total: 0

Job        Pattern / Combination                LSF        DV Analysis        UVM_ERR   UVM_FATAL  Agent Action / Note
----------------------------------------------------------------------------------------------------------------------------------

ATTENTION
- none

NEXT ACTIONS
- Analyze DONE jobs whose DV result is still UNKNOWN/pending.
- Continue incremental monitoring of RUN jobs.
- Triage EXIT/FAIL jobs and rerun fixed patterns when ready.
[reconciliation_cycle] discover_live_jobs failed: bjobs not found on PATH: [WinError 2] 系統找不到指定的檔案。
DV Agent Harness L5 - Periodic Regression Snapshot
Snapshot Time: 2026-09-04 18:45:06
SUMMARY: Total: 0

Job        Pattern / Combination                LSF        DV Analysis        UVM_ERR   UVM_FATAL  Agent Action / Note
----------------------------------------------------------------------------------------------------------------------------------

ATTENTION
- none

NEXT ACTIONS
- Analyze DONE jobs whose DV result is still UNKNOWN/pending.
- Continue incremental monitoring of RUN jobs.
- Triage EXIT/FAIL jobs and rerun fixed patterns when ready.
[reconciliation_cycle] discover_live_jobs failed: bjobs not found on PATH: [WinError 2] 系統找不到指定的檔案。
DV Agent Harness L5 - Periodic Regression Snapshot
Snapshot Time: 2026-09-04 18:50:06
SUMMARY: Total: 0

Job        Pattern / Combination                LSF        DV Analysis        UVM_ERR   UVM_FATAL  Agent Action / Note
----------------------------------------------------------------------------------------------------------------------------------

ATTENTION
- none

NEXT ACTIONS
- Analyze DONE jobs whose DV result is still UNKNOWN/pending.
- Continue incremental monitoring of RUN jobs.
- Triage EXIT/FAIL jobs and rerun fixed patterns when ready.
[reconciliation_cycle] discover_live_jobs failed: bjobs not found on PATH: [WinError 2] 系統找不到指定的檔案。
DV Agent Harness L5 - Periodic Regression Snapshot
Snapshot Time: 2026-09-04 18:55:07
SUMMARY: Total: 0

Job        Pattern / Combination                LSF        DV Analysis        UVM_ERR   UVM_FATAL  Agent Action / Note
----------------------------------------------------------------------------------------------------------------------------------

ATTENTION
- none

NEXT ACTIONS
- Analyze DONE jobs whose DV result is still UNKNOWN/pending.
- Continue incremental monitoring of RUN jobs.
- Triage EXIT/FAIL jobs and rerun fixed patterns when ready.
[reconciliation_cycle] discover_live_jobs failed: bjobs not found on PATH: [WinError 2] 系統找不到指定的檔案。
DV Agent Harness L5 - Periodic Regression Snapshot
Snapshot Time: 2026-09-04 19:00:07
SUMMARY: Total: 0

Job        Pattern / Combination                LSF        DV Analysis        UVM_ERR   UVM_FATAL  Agent Action / Note
----------------------------------------------------------------------------------------------------------------------------------

ATTENTION
- none

NEXT ACTIONS
- Analyze DONE jobs whose DV result is still UNKNOWN/pending.
- Continue incremental monitoring of RUN jobs.
- Triage EXIT/FAIL jobs and rerun fixed patterns when ready.
[reconciliation_cycle] discover_live_jobs failed: bjobs not found on PATH: [WinError 2] 系統找不到指定的檔案。
DV Agent Harness L5 - Periodic Regression Snapshot
Snapshot Time: 2026-09-04 19:05:07
SUMMARY: Total: 0

Job        Pattern / Combination                LSF        DV Analysis        UVM_ERR   UVM_FATAL  Agent Action / Note
----------------------------------------------------------------------------------------------------------------------------------

ATTENTION
- none

NEXT ACTIONS
- Analyze DONE jobs whose DV result is still UNKNOWN/pending.
- Continue incremental monitoring of RUN jobs.
- Triage EXIT/FAIL jobs and rerun fixed patterns when ready.
[reconciliation_cycle] discover_live_jobs failed: bjobs not found on PATH: [WinError 2] 系統找不到指定的檔案。
DV Agent Harness L5 - Periodic Regression Snapshot
Snapshot Time: 2026-09-04 19:10:09
SUMMARY: Total: 0

Job        Pattern / Combination                LSF        DV Analysis        UVM_ERR   UVM_FATAL  Agent Action / Note
----------------------------------------------------------------------------------------------------------------------------------

ATTENTION
- none

NEXT ACTIONS
- Analyze DONE jobs whose DV result is still UNKNOWN/pending.
- Continue incremental monitoring of RUN jobs.
- Triage EXIT/FAIL jobs and rerun fixed patterns when ready.
[reconciliation_cycle] discover_live_jobs failed: bjobs not found on PATH: [WinError 2] 系統找不到指定的檔案。
DV Agent Harness L5 - Periodic Regression Snapshot
Snapshot Time: 2026-09-04 19:15:10
SUMMARY: Total: 0

Job        Pattern / Combination                LSF        DV Analysis        UVM_ERR   UVM_FATAL  Agent Action / Note
----------------------------------------------------------------------------------------------------------------------------------

ATTENTION
- none

NEXT ACTIONS
- Analyze DONE jobs whose DV result is still UNKNOWN/pending.
- Continue incremental monitoring of RUN jobs.
- Triage EXIT/FAIL jobs and rerun fixed patterns when ready.
[reconciliation_cycle] discover_live_jobs failed: bjobs not found on PATH: [WinError 2] 系統找不到指定的檔案。
DV Agent Harness L5 - Periodic Regression Snapshot
Snapshot Time: 2026-09-04 19:20:10
SUMMARY: Total: 0

Job        Pattern / Combination                LSF        DV Analysis        UVM_ERR   UVM_FATAL  Agent Action / Note
----------------------------------------------------------------------------------------------------------------------------------

ATTENTION
- none

NEXT ACTIONS
- Analyze DONE jobs whose DV result is still UNKNOWN/pending.
- Continue incremental monitoring of RUN jobs.
- Triage EXIT/FAIL jobs and rerun fixed patterns when ready.
[reconciliation_cycle] discover_live_jobs failed: bjobs not found on PATH: [WinError 2] 系統找不到指定的檔案。
DV Agent Harness L5 - Periodic Regression Snapshot
Snapshot Time: 2026-09-04 19:25:11
SUMMARY: Total: 0

Job        Pattern / Combination                LSF        DV Analysis        UVM_ERR   UVM_FATAL  Agent Action / Note
----------------------------------------------------------------------------------------------------------------------------------

ATTENTION
- none

NEXT ACTIONS
- Analyze DONE jobs whose DV result is still UNKNOWN/pending.
- Continue incremental monitoring of RUN jobs.
- Triage EXIT/FAIL jobs and rerun fixed patterns when ready.
[reconciliation_cycle] discover_live_jobs failed: bjobs not found on PATH: [WinError 2] 系統找不到指定的檔案。
DV Agent Harness L5 - Periodic Regression Snapshot
Snapshot Time: 2026-09-04 19:30:11
SUMMARY: Total: 0

Job        Pattern / Combination                LSF        DV Analysis        UVM_ERR   UVM_FATAL  Agent Action / Note
----------------------------------------------------------------------------------------------------------------------------------

ATTENTION
- none

NEXT ACTIONS
- Analyze DONE jobs whose DV result is still UNKNOWN/pending.
- Continue incremental monitoring of RUN jobs.
- Triage EXIT/FAIL jobs and rerun fixed patterns when ready.
[reconciliation_cycle] discover_live_jobs failed: bjobs not found on PATH: [WinError 2] 系統找不到指定的檔案。
DV Agent Harness L5 - Periodic Regression Snapshot
Snapshot Time: 2026-09-04 19:35:11
SUMMARY: Total: 0

Job        Pattern / Combination                LSF        DV Analysis        UVM_ERR   UVM_FATAL  Agent Action / Note
----------------------------------------------------------------------------------------------------------------------------------

ATTENTION
- none

NEXT ACTIONS
- Analyze DONE jobs whose DV result is still UNKNOWN/pending.
- Continue incremental monitoring of RUN jobs.
- Triage EXIT/FAIL jobs and rerun fixed patterns when ready.
[reconciliation_cycle] discover_live_jobs failed: bjobs not found on PATH: [WinError 2] 系統找不到指定的檔案。
DV Agent Harness L5 - Periodic Regression Snapshot
Snapshot Time: 2026-09-04 19:40:12
SUMMARY: Total: 0

Job        Pattern / Combination                LSF        DV Analysis        UVM_ERR   UVM_FATAL  Agent Action / Note
----------------------------------------------------------------------------------------------------------------------------------

ATTENTION
- none

NEXT ACTIONS
- Analyze DONE jobs whose DV result is still UNKNOWN/pending.
- Continue incremental monitoring of RUN jobs.
- Triage EXIT/FAIL jobs and rerun fixed patterns when ready.
[reconciliation_cycle] discover_live_jobs failed: bjobs not found on PATH: [WinError 2] 系統找不到指定的檔案。
DV Agent Harness L5 - Periodic Regression Snapshot
Snapshot Time: 2026-09-04 19:45:12
SUMMARY: Total: 0

Job        Pattern / Combination                LSF        DV Analysis        UVM_ERR   UVM_FATAL  Agent Action / Note
----------------------------------------------------------------------------------------------------------------------------------

ATTENTION
- none

NEXT ACTIONS
- Analyze DONE jobs whose DV result is still UNKNOWN/pending.
- Continue incremental monitoring of RUN jobs.
- Triage EXIT/FAIL jobs and rerun fixed patterns when ready.
[reconciliation_cycle] discover_live_jobs failed: bjobs not found on PATH: [WinError 2] 系統找不到指定的檔案。
DV Agent Harness L5 - Periodic Regression Snapshot
Snapshot Time: 2026-09-04 19:50:12
SUMMARY: Total: 0

Job        Pattern / Combination                LSF        DV Analysis        UVM_ERR   UVM_FATAL  Agent Action / Note
----------------------------------------------------------------------------------------------------------------------------------

ATTENTION
- none

NEXT ACTIONS
- Analyze DONE jobs whose DV result is still UNKNOWN/pending.
- Continue incremental monitoring of RUN jobs.
- Triage EXIT/FAIL jobs and rerun fixed patterns when ready.
[reconciliation_cycle] discover_live_jobs failed: bjobs not found on PATH: [WinError 2] 系統找不到指定的檔案。
DV Agent Harness L5 - Periodic Regression Snapshot
Snapshot Time: 2026-09-04 19:55:12
SUMMARY: Total: 0

Job        Pattern / Combination                LSF        DV Analysis        UVM_ERR   UVM_FATAL  Agent Action / Note
----------------------------------------------------------------------------------------------------------------------------------

ATTENTION
- none

NEXT ACTIONS
- Analyze DONE jobs whose DV result is still UNKNOWN/pending.
- Continue incremental monitoring of RUN jobs.
- Triage EXIT/FAIL jobs and rerun fixed patterns when ready.
[reconciliation_cycle] discover_live_jobs failed: bjobs not found on PATH: [WinError 2] 系統找不到指定的檔案。
DV Agent Harness L5 - Periodic Regression Snapshot
Snapshot Time: 2026-09-04 20:00:12
SUMMARY: Total: 0

Job        Pattern / Combination                LSF        DV Analysis        UVM_ERR   UVM_FATAL  Agent Action / Note
----------------------------------------------------------------------------------------------------------------------------------

ATTENTION
- none

NEXT ACTIONS
- Analyze DONE jobs whose DV result is still UNKNOWN/pending.
- Continue incremental monitoring of RUN jobs.
- Triage EXIT/FAIL jobs and rerun fixed patterns when ready.
[reconciliation_cycle] discover_live_jobs failed: bjobs not found on PATH: [WinError 2] 系統找不到指定的檔案。
DV Agent Harness L5 - Periodic Regression Snapshot
Snapshot Time: 2026-09-04 20:05:12
SUMMARY: Total: 0

Job        Pattern / Combination                LSF        DV Analysis        UVM_ERR   UVM_FATAL  Agent Action / Note
----------------------------------------------------------------------------------------------------------------------------------

ATTENTION
- none

NEXT ACTIONS
- Analyze DONE jobs whose DV result is still UNKNOWN/pending.
- Continue incremental monitoring of RUN jobs.
- Triage EXIT/FAIL jobs and rerun fixed patterns when ready.
[reconciliation_cycle] discover_live_jobs failed: bjobs not found on PATH: [WinError 2] 系統找不到指定的檔案。
DV Agent Harness L5 - Periodic Regression Snapshot
Snapshot Time: 2026-09-04 20:10:12
SUMMARY: Total: 0

Job        Pattern / Combination                LSF        DV Analysis        UVM_ERR   UVM_FATAL  Agent Action / Note
----------------------------------------------------------------------------------------------------------------------------------

ATTENTION
- none

NEXT ACTIONS
- Analyze DONE jobs whose DV result is still UNKNOWN/pending.
- Continue incremental monitoring of RUN jobs.
- Triage EXIT/FAIL jobs and rerun fixed patterns when ready.
[reconciliation_cycle] discover_live_jobs failed: bjobs not found on PATH: [WinError 2] 系統找不到指定的檔案。
DV Agent Harness L5 - Periodic Regression Snapshot
Snapshot Time: 2026-09-04 20:15:12
SUMMARY: Total: 0

Job        Pattern / Combination                LSF        DV Analysis        UVM_ERR   UVM_FATAL  Agent Action / Note
----------------------------------------------------------------------------------------------------------------------------------

ATTENTION
- none

NEXT ACTIONS
- Analyze DONE jobs whose DV result is still UNKNOWN/pending.
- Continue incremental monitoring of RUN jobs.
- Triage EXIT/FAIL jobs and rerun fixed patterns when ready.
[reconciliation_cycle] discover_live_jobs failed: bjobs not found on PATH: [WinError 2] 系統找不到指定的檔案。
DV Agent Harness L5 - Periodic Regression Snapshot
Snapshot Time: 2026-09-04 20:20:12
SUMMARY: Total: 0

Job        Pattern / Combination                LSF        DV Analysis        UVM_ERR   UVM_FATAL  Agent Action / Note
----------------------------------------------------------------------------------------------------------------------------------

ATTENTION
- none

NEXT ACTIONS
- Analyze DONE jobs whose DV result is still UNKNOWN/pending.
- Continue incremental monitoring of RUN jobs.
- Triage EXIT/FAIL jobs and rerun fixed patterns when ready.
[reconciliation_cycle] discover_live_jobs failed: bjobs not found on PATH: [WinError 2] 系統找不到指定的檔案。
DV Agent Harness L5 - Periodic Regression Snapshot
Snapshot Time: 2026-09-04 20:25:12
SUMMARY: Total: 0

Job        Pattern / Combination                LSF        DV Analysis        UVM_ERR   UVM_FATAL  Agent Action / Note
----------------------------------------------------------------------------------------------------------------------------------

ATTENTION
- none

NEXT ACTIONS
- Analyze DONE jobs whose DV result is still UNKNOWN/pending.
- Continue incremental monitoring of RUN jobs.
- Triage EXIT/FAIL jobs and rerun fixed patterns when ready.
[reconciliation_cycle] discover_live_jobs failed: bjobs not found on PATH: [WinError 2] 系統找不到指定的檔案。
DV Agent Harness L5 - Periodic Regression Snapshot
Snapshot Time: 2026-09-04 20:30:12
SUMMARY: Total: 0

Job        Pattern / Combination                LSF        DV Analysis        UVM_ERR   UVM_FATAL  Agent Action / Note
----------------------------------------------------------------------------------------------------------------------------------

ATTENTION
- none

NEXT ACTIONS
- Analyze DONE jobs whose DV result is still UNKNOWN/pending.
- Continue incremental monitoring of RUN jobs.
- Triage EXIT/FAIL jobs and rerun fixed patterns when ready.
[reconciliation_cycle] discover_live_jobs failed: bjobs not found on PATH: [WinError 2] 系統找不到指定的檔案。
DV Agent Harness L5 - Periodic Regression Snapshot
Snapshot Time: 2026-09-04 20:35:12
SUMMARY: Total: 0

Job        Pattern / Combination                LSF        DV Analysis        UVM_ERR   UVM_FATAL  Agent Action / Note
----------------------------------------------------------------------------------------------------------------------------------

ATTENTION
- none

NEXT ACTIONS
- Analyze DONE jobs whose DV result is still UNKNOWN/pending.
- Continue incremental monitoring of RUN jobs.
- Triage EXIT/FAIL jobs and rerun fixed patterns when ready.
[reconciliation_cycle] discover_live_jobs failed: bjobs not found on PATH: [WinError 2] 系統找不到指定的檔案。
DV Agent Harness L5 - Periodic Regression Snapshot
Snapshot Time: 2026-09-04 20:40:12
SUMMARY: Total: 0

Job        Pattern / Combination                LSF        DV Analysis        UVM_ERR   UVM_FATAL  Agent Action / Note
----------------------------------------------------------------------------------------------------------------------------------

ATTENTION
- none

NEXT ACTIONS
- Analyze DONE jobs whose DV result is still UNKNOWN/pending.
- Continue incremental monitoring of RUN jobs.
- Triage EXIT/FAIL jobs and rerun fixed patterns when ready.
[reconciliation_cycle] discover_live_jobs failed: bjobs not found on PATH: [WinError 2] 系統找不到指定的檔案。
DV Agent Harness L5 - Periodic Regression Snapshot
Snapshot Time: 2026-09-04 20:45:13
SUMMARY: Total: 0

Job        Pattern / Combination                LSF        DV Analysis        UVM_ERR   UVM_FATAL  Agent Action / Note
----------------------------------------------------------------------------------------------------------------------------------

ATTENTION
- none

NEXT ACTIONS
- Analyze DONE jobs whose DV result is still UNKNOWN/pending.
- Continue incremental monitoring of RUN jobs.
- Triage EXIT/FAIL jobs and rerun fixed patterns when ready.
[reconciliation_cycle] discover_live_jobs failed: bjobs not found on PATH: [WinError 2] 系統找不到指定的檔案。
DV Agent Harness L5 - Periodic Regression Snapshot
Snapshot Time: 2026-09-04 20:50:13
SUMMARY: Total: 0

Job        Pattern / Combination                LSF        DV Analysis        UVM_ERR   UVM_FATAL  Agent Action / Note
----------------------------------------------------------------------------------------------------------------------------------

ATTENTION
- none

NEXT ACTIONS
- Analyze DONE jobs whose DV result is still UNKNOWN/pending.
- Continue incremental monitoring of RUN jobs.
- Triage EXIT/FAIL jobs and rerun fixed patterns when ready.
[reconciliation_cycle] discover_live_jobs failed: bjobs not found on PATH: [WinError 2] 系統找不到指定的檔案。
DV Agent Harness L5 - Periodic Regression Snapshot
Snapshot Time: 2026-09-04 20:55:15
SUMMARY: Total: 0

Job        Pattern / Combination                LSF        DV Analysis        UVM_ERR   UVM_FATAL  Agent Action / Note
----------------------------------------------------------------------------------------------------------------------------------

ATTENTION
- none

NEXT ACTIONS
- Analyze DONE jobs whose DV result is still UNKNOWN/pending.
- Continue incremental monitoring of RUN jobs.
- Triage EXIT/FAIL jobs and rerun fixed patterns when ready.
[reconciliation_cycle] discover_live_jobs failed: bjobs not found on PATH: [WinError 2] 系統找不到指定的檔案。
DV Agent Harness L5 - Periodic Regression Snapshot
Snapshot Time: 2026-09-04 21:00:15
SUMMARY: Total: 0

Job        Pattern / Combination                LSF        DV Analysis        UVM_ERR   UVM_FATAL  Agent Action / Note
----------------------------------------------------------------------------------------------------------------------------------

ATTENTION
- none

NEXT ACTIONS
- Analyze DONE jobs whose DV result is still UNKNOWN/pending.
- Continue incremental monitoring of RUN jobs.
- Triage EXIT/FAIL jobs and rerun fixed patterns when ready.
[reconciliation_cycle] discover_live_jobs failed: bjobs not found on PATH: [WinError 2] 系統找不到指定的檔案。
DV Agent Harness L5 - Periodic Regression Snapshot
Snapshot Time: 2026-09-04 21:05:15
SUMMARY: Total: 0

Job        Pattern / Combination                LSF        DV Analysis        UVM_ERR   UVM_FATAL  Agent Action / Note
----------------------------------------------------------------------------------------------------------------------------------

ATTENTION
- none

NEXT ACTIONS
- Analyze DONE jobs whose DV result is still UNKNOWN/pending.
- Continue incremental monitoring of RUN jobs.
- Triage EXIT/FAIL jobs and rerun fixed patterns when ready.
[reconciliation_cycle] discover_live_jobs failed: bjobs not found on PATH: [WinError 2] 系統找不到指定的檔案。
DV Agent Harness L5 - Periodic Regression Snapshot
Snapshot Time: 2026-09-04 21:10:16
SUMMARY: Total: 0

Job        Pattern / Combination                LSF        DV Analysis        UVM_ERR   UVM_FATAL  Agent Action / Note
----------------------------------------------------------------------------------------------------------------------------------

ATTENTION
- none

NEXT ACTIONS
- Analyze DONE jobs whose DV result is still UNKNOWN/pending.
- Continue incremental monitoring of RUN jobs.
- Triage EXIT/FAIL jobs and rerun fixed patterns when ready.
[reconciliation_cycle] discover_live_jobs failed: bjobs not found on PATH: [WinError 2] 系統找不到指定的檔案。
DV Agent Harness L5 - Periodic Regression Snapshot
Snapshot Time: 2026-09-04 21:15:16
SUMMARY: Total: 0

Job        Pattern / Combination                LSF        DV Analysis        UVM_ERR   UVM_FATAL  Agent Action / Note
----------------------------------------------------------------------------------------------------------------------------------

ATTENTION
- none

NEXT ACTIONS
- Analyze DONE jobs whose DV result is still UNKNOWN/pending.
- Continue incremental monitoring of RUN jobs.
- Triage EXIT/FAIL jobs and rerun fixed patterns when ready.
[reconciliation_cycle] discover_live_jobs failed: bjobs not found on PATH: [WinError 2] 系統找不到指定的檔案。
DV Agent Harness L5 - Periodic Regression Snapshot
Snapshot Time: 2026-09-04 21:20:16
SUMMARY: Total: 0

Job        Pattern / Combination                LSF        DV Analysis        UVM_ERR   UVM_FATAL  Agent Action / Note
----------------------------------------------------------------------------------------------------------------------------------

ATTENTION
- none

NEXT ACTIONS
- Analyze DONE jobs whose DV result is still UNKNOWN/pending.
- Continue incremental monitoring of RUN jobs.
- Triage EXIT/FAIL jobs and rerun fixed patterns when ready.
[reconciliation_cycle] discover_live_jobs failed: bjobs not found on PATH: [WinError 2] 系統找不到指定的檔案。
DV Agent Harness L5 - Periodic Regression Snapshot
Snapshot Time: 2026-09-04 21:25:16
SUMMARY: Total: 0

Job        Pattern / Combination                LSF        DV Analysis        UVM_ERR   UVM_FATAL  Agent Action / Note
----------------------------------------------------------------------------------------------------------------------------------

ATTENTION
- none

NEXT ACTIONS
- Analyze DONE jobs whose DV result is still UNKNOWN/pending.
- Continue incremental monitoring of RUN jobs.
- Triage EXIT/FAIL jobs and rerun fixed patterns when ready.
[reconciliation_cycle] discover_live_jobs failed: bjobs not found on PATH: [WinError 2] 系統找不到指定的檔案。
DV Agent Harness L5 - Periodic Regression Snapshot
Snapshot Time: 2026-09-04 21:30:16
SUMMARY: Total: 0

Job        Pattern / Combination                LSF        DV Analysis        UVM_ERR   UVM_FATAL  Agent Action / Note
----------------------------------------------------------------------------------------------------------------------------------

ATTENTION
- none

NEXT ACTIONS
- Analyze DONE jobs whose DV result is still UNKNOWN/pending.
- Continue incremental monitoring of RUN jobs.
- Triage EXIT/FAIL jobs and rerun fixed patterns when ready.
[reconciliation_cycle] discover_live_jobs failed: bjobs not found on PATH: [WinError 2] 系統找不到指定的檔案。
DV Agent Harness L5 - Periodic Regression Snapshot
Snapshot Time: 2026-09-04 21:35:16
SUMMARY: Total: 0

Job        Pattern / Combination                LSF        DV Analysis        UVM_ERR   UVM_FATAL  Agent Action / Note
----------------------------------------------------------------------------------------------------------------------------------

ATTENTION
- none

NEXT ACTIONS
- Analyze DONE jobs whose DV result is still UNKNOWN/pending.
- Continue incremental monitoring of RUN jobs.
- Triage EXIT/FAIL jobs and rerun fixed patterns when ready.
[reconciliation_cycle] discover_live_jobs failed: bjobs not found on PATH: [WinError 2] 系統找不到指定的檔案。
DV Agent Harness L5 - Periodic Regression Snapshot
Snapshot Time: 2026-09-04 21:40:17
SUMMARY: Total: 0

Job        Pattern / Combination                LSF        DV Analysis        UVM_ERR   UVM_FATAL  Agent Action / Note
----------------------------------------------------------------------------------------------------------------------------------

ATTENTION
- none

NEXT ACTIONS
- Analyze DONE jobs whose DV result is still UNKNOWN/pending.
- Continue incremental monitoring of RUN jobs.
- Triage EXIT/FAIL jobs and rerun fixed patterns when ready.
[reconciliation_cycle] discover_live_jobs failed: bjobs not found on PATH: [WinError 2] 系統找不到指定的檔案。
DV Agent Harness L5 - Periodic Regression Snapshot
Snapshot Time: 2026-09-04 21:45:17
SUMMARY: Total: 0

Job        Pattern / Combination                LSF        DV Analysis        UVM_ERR   UVM_FATAL  Agent Action / Note
----------------------------------------------------------------------------------------------------------------------------------

ATTENTION
- none

NEXT ACTIONS
- Analyze DONE jobs whose DV result is still UNKNOWN/pending.
- Continue incremental monitoring of RUN jobs.
- Triage EXIT/FAIL jobs and rerun fixed patterns when ready.
[reconciliation_cycle] discover_live_jobs failed: bjobs not found on PATH: [WinError 2] 系統找不到指定的檔案。
DV Agent Harness L5 - Periodic Regression Snapshot
Snapshot Time: 2026-09-04 21:50:17
SUMMARY: Total: 0

Job        Pattern / Combination                LSF        DV Analysis        UVM_ERR   UVM_FATAL  Agent Action / Note
----------------------------------------------------------------------------------------------------------------------------------

ATTENTION
- none

NEXT ACTIONS
- Analyze DONE jobs whose DV result is still UNKNOWN/pending.
- Continue incremental monitoring of RUN jobs.
- Triage EXIT/FAIL jobs and rerun fixed patterns when ready.
[reconciliation_cycle] discover_live_jobs failed: bjobs not found on PATH: [WinError 2] 系統找不到指定的檔案。
DV Agent Harness L5 - Periodic Regression Snapshot
Snapshot Time: 2026-09-04 21:55:17
SUMMARY: Total: 0

Job        Pattern / Combination                LSF        DV Analysis        UVM_ERR   UVM_FATAL  Agent Action / Note
----------------------------------------------------------------------------------------------------------------------------------

ATTENTION
- none

NEXT ACTIONS
- Analyze DONE jobs whose DV result is still UNKNOWN/pending.
- Continue incremental monitoring of RUN jobs.
- Triage EXIT/FAIL jobs and rerun fixed patterns when ready.
[reconciliation_cycle] discover_live_jobs failed: bjobs not found on PATH: [WinError 2] 系統找不到指定的檔案。
DV Agent Harness L5 - Periodic Regression Snapshot
Snapshot Time: 2026-09-04 22:00:18
SUMMARY: Total: 0

Job        Pattern / Combination                LSF        DV Analysis        UVM_ERR   UVM_FATAL  Agent Action / Note
----------------------------------------------------------------------------------------------------------------------------------

ATTENTION
- none

NEXT ACTIONS
- Analyze DONE jobs whose DV result is still UNKNOWN/pending.
- Continue incremental monitoring of RUN jobs.
- Triage EXIT/FAIL jobs and rerun fixed patterns when ready.
[reconciliation_cycle] discover_live_jobs failed: bjobs not found on PATH: [WinError 2] 系統找不到指定的檔案。
DV Agent Harness L5 - Periodic Regression Snapshot
Snapshot Time: 2026-09-04 22:05:18
SUMMARY: Total: 0

Job        Pattern / Combination                LSF        DV Analysis        UVM_ERR   UVM_FATAL  Agent Action / Note
----------------------------------------------------------------------------------------------------------------------------------

ATTENTION
- none

NEXT ACTIONS
- Analyze DONE jobs whose DV result is still UNKNOWN/pending.
- Continue incremental monitoring of RUN jobs.
- Triage EXIT/FAIL jobs and rerun fixed patterns when ready.
[reconciliation_cycle] discover_live_jobs failed: bjobs not found on PATH: [WinError 2] 系統找不到指定的檔案。
DV Agent Harness L5 - Periodic Regression Snapshot
Snapshot Time: 2026-09-04 22:10:18
SUMMARY: Total: 0

Job        Pattern / Combination                LSF        DV Analysis        UVM_ERR   UVM_FATAL  Agent Action / Note
----------------------------------------------------------------------------------------------------------------------------------

ATTENTION
- none

NEXT ACTIONS
- Analyze DONE jobs whose DV result is still UNKNOWN/pending.
- Continue incremental monitoring of RUN jobs.
- Triage EXIT/FAIL jobs and rerun fixed patterns when ready.
[reconciliation_cycle] discover_live_jobs failed: bjobs not found on PATH: [WinError 2] 系統找不到指定的檔案。
DV Agent Harness L5 - Periodic Regression Snapshot
Snapshot Time: 2026-09-04 22:15:18
SUMMARY: Total: 0

Job        Pattern / Combination                LSF        DV Analysis        UVM_ERR   UVM_FATAL  Agent Action / Note
----------------------------------------------------------------------------------------------------------------------------------

ATTENTION
- none

NEXT ACTIONS
- Analyze DONE jobs whose DV result is still UNKNOWN/pending.
- Continue incremental monitoring of RUN jobs.
- Triage EXIT/FAIL jobs and rerun fixed patterns when ready.
[reconciliation_cycle] discover_live_jobs failed: bjobs not found on PATH: [WinError 2] 系統找不到指定的檔案。
DV Agent Harness L5 - Periodic Regression Snapshot
Snapshot Time: 2026-09-04 22:20:18
SUMMARY: Total: 0

Job        Pattern / Combination                LSF        DV Analysis        UVM_ERR   UVM_FATAL  Agent Action / Note
----------------------------------------------------------------------------------------------------------------------------------

ATTENTION
- none

NEXT ACTIONS
- Analyze DONE jobs whose DV result is still UNKNOWN/pending.
- Continue incremental monitoring of RUN jobs.
- Triage EXIT/FAIL jobs and rerun fixed patterns when ready.
[reconciliation_cycle] discover_live_jobs failed: bjobs not found on PATH: [WinError 2] 系統找不到指定的檔案。
DV Agent Harness L5 - Periodic Regression Snapshot
Snapshot Time: 2026-09-04 22:25:18
SUMMARY: Total: 0

Job        Pattern / Combination                LSF        DV Analysis        UVM_ERR   UVM_FATAL  Agent Action / Note
----------------------------------------------------------------------------------------------------------------------------------

ATTENTION
- none

NEXT ACTIONS
- Analyze DONE jobs whose DV result is still UNKNOWN/pending.
- Continue incremental monitoring of RUN jobs.
- Triage EXIT/FAIL jobs and rerun fixed patterns when ready.
[reconciliation_cycle] discover_live_jobs failed: bjobs not found on PATH: [WinError 2] 系統找不到指定的檔案。
DV Agent Harness L5 - Periodic Regression Snapshot
Snapshot Time: 2026-09-04 22:30:18
SUMMARY: Total: 0

Job        Pattern / Combination                LSF        DV Analysis        UVM_ERR   UVM_FATAL  Agent Action / Note
----------------------------------------------------------------------------------------------------------------------------------

ATTENTION
- none

NEXT ACTIONS
- Analyze DONE jobs whose DV result is still UNKNOWN/pending.
- Continue incremental monitoring of RUN jobs.
- Triage EXIT/FAIL jobs and rerun fixed patterns when ready.
[reconciliation_cycle] discover_live_jobs failed: bjobs not found on PATH: [WinError 2] 系統找不到指定的檔案。
DV Agent Harness L5 - Periodic Regression Snapshot
Snapshot Time: 2026-09-04 22:35:19
SUMMARY: Total: 0

Job        Pattern / Combination                LSF        DV Analysis        UVM_ERR   UVM_FATAL  Agent Action / Note
----------------------------------------------------------------------------------------------------------------------------------

ATTENTION
- none

NEXT ACTIONS
- Analyze DONE jobs whose DV result is still UNKNOWN/pending.
- Continue incremental monitoring of RUN jobs.
- Triage EXIT/FAIL jobs and rerun fixed patterns when ready.
[reconciliation_cycle] discover_live_jobs failed: bjobs not found on PATH: [WinError 2] 系統找不到指定的檔案。
DV Agent Harness L5 - Periodic Regression Snapshot
Snapshot Time: 2026-09-04 22:40:19
SUMMARY: Total: 0

Job        Pattern / Combination                LSF        DV Analysis        UVM_ERR   UVM_FATAL  Agent Action / Note
----------------------------------------------------------------------------------------------------------------------------------

ATTENTION
- none

NEXT ACTIONS
- Analyze DONE jobs whose DV result is still UNKNOWN/pending.
- Continue incremental monitoring of RUN jobs.
- Triage EXIT/FAIL jobs and rerun fixed patterns when ready.
[reconciliation_cycle] discover_live_jobs failed: bjobs not found on PATH: [WinError 2] 系統找不到指定的檔案。
DV Agent Harness L5 - Periodic Regression Snapshot
Snapshot Time: 2026-09-04 22:45:19
SUMMARY: Total: 0

Job        Pattern / Combination                LSF        DV Analysis        UVM_ERR   UVM_FATAL  Agent Action / Note
----------------------------------------------------------------------------------------------------------------------------------

ATTENTION
- none

NEXT ACTIONS
- Analyze DONE jobs whose DV result is still UNKNOWN/pending.
- Continue incremental monitoring of RUN jobs.
- Triage EXIT/FAIL jobs and rerun fixed patterns when ready.
[reconciliation_cycle] discover_live_jobs failed: bjobs not found on PATH: [WinError 2] 系統找不到指定的檔案。
DV Agent Harness L5 - Periodic Regression Snapshot
Snapshot Time: 2026-09-04 22:50:19
SUMMARY: Total: 0

Job        Pattern / Combination                LSF        DV Analysis        UVM_ERR   UVM_FATAL  Agent Action / Note
----------------------------------------------------------------------------------------------------------------------------------

ATTENTION
- none

NEXT ACTIONS
- Analyze DONE jobs whose DV result is still UNKNOWN/pending.
- Continue incremental monitoring of RUN jobs.
- Triage EXIT/FAIL jobs and rerun fixed patterns when ready.
[reconciliation_cycle] discover_live_jobs failed: bjobs not found on PATH: [WinError 2] 系統找不到指定的檔案。
DV Agent Harness L5 - Periodic Regression Snapshot
Snapshot Time: 2026-09-04 22:55:20
SUMMARY: Total: 0

Job        Pattern / Combination                LSF        DV Analysis        UVM_ERR   UVM_FATAL  Agent Action / Note
----------------------------------------------------------------------------------------------------------------------------------

ATTENTION
- none

NEXT ACTIONS
- Analyze DONE jobs whose DV result is still UNKNOWN/pending.
- Continue incremental monitoring of RUN jobs.
- Triage EXIT/FAIL jobs and rerun fixed patterns when ready.
[reconciliation_cycle] discover_live_jobs failed: bjobs not found on PATH: [WinError 2] 系統找不到指定的檔案。
DV Agent Harness L5 - Periodic Regression Snapshot
Snapshot Time: 2026-09-04 23:00:20
SUMMARY: Total: 0

Job        Pattern / Combination                LSF        DV Analysis        UVM_ERR   UVM_FATAL  Agent Action / Note
----------------------------------------------------------------------------------------------------------------------------------

ATTENTION
- none

NEXT ACTIONS
- Analyze DONE jobs whose DV result is still UNKNOWN/pending.
- Continue incremental monitoring of RUN jobs.
- Triage EXIT/FAIL jobs and rerun fixed patterns when ready.
[reconciliation_cycle] discover_live_jobs failed: bjobs not found on PATH: [WinError 2] 系統找不到指定的檔案。
DV Agent Harness L5 - Periodic Regression Snapshot
Snapshot Time: 2026-09-04 23:05:20
SUMMARY: Total: 0

Job        Pattern / Combination                LSF        DV Analysis        UVM_ERR   UVM_FATAL  Agent Action / Note
----------------------------------------------------------------------------------------------------------------------------------

ATTENTION
- none

NEXT ACTIONS
- Analyze DONE jobs whose DV result is still UNKNOWN/pending.
- Continue incremental monitoring of RUN jobs.
- Triage EXIT/FAIL jobs and rerun fixed patterns when ready.
[reconciliation_cycle] discover_live_jobs failed: bjobs not found on PATH: [WinError 2] 系統找不到指定的檔案。
DV Agent Harness L5 - Periodic Regression Snapshot
Snapshot Time: 2026-09-04 23:10:20
SUMMARY: Total: 0

Job        Pattern / Combination                LSF        DV Analysis        UVM_ERR   UVM_FATAL  Agent Action / Note
----------------------------------------------------------------------------------------------------------------------------------

ATTENTION
- none

NEXT ACTIONS
- Analyze DONE jobs whose DV result is still UNKNOWN/pending.
- Continue incremental monitoring of RUN jobs.
- Triage EXIT/FAIL jobs and rerun fixed patterns when ready.
[reconciliation_cycle] discover_live_jobs failed: bjobs not found on PATH: [WinError 2] 系統找不到指定的檔案。
DV Agent Harness L5 - Periodic Regression Snapshot
Snapshot Time: 2026-09-04 23:15:20
SUMMARY: Total: 0

Job        Pattern / Combination                LSF        DV Analysis        UVM_ERR   UVM_FATAL  Agent Action / Note
----------------------------------------------------------------------------------------------------------------------------------

ATTENTION
- none

NEXT ACTIONS
- Analyze DONE jobs whose DV result is still UNKNOWN/pending.
- Continue incremental monitoring of RUN jobs.
- Triage EXIT/FAIL jobs and rerun fixed patterns when ready.
[reconciliation_cycle] discover_live_jobs failed: bjobs not found on PATH: [WinError 2] 系統找不到指定的檔案。
DV Agent Harness L5 - Periodic Regression Snapshot
Snapshot Time: 2026-09-04 23:20:20
SUMMARY: Total: 0

Job        Pattern / Combination                LSF        DV Analysis        UVM_ERR   UVM_FATAL  Agent Action / Note
----------------------------------------------------------------------------------------------------------------------------------

ATTENTION
- none

NEXT ACTIONS
- Analyze DONE jobs whose DV result is still UNKNOWN/pending.
- Continue incremental monitoring of RUN jobs.
- Triage EXIT/FAIL jobs and rerun fixed patterns when ready.
[reconciliation_cycle] discover_live_jobs failed: bjobs not found on PATH: [WinError 2] 系統找不到指定的檔案。
DV Agent Harness L5 - Periodic Regression Snapshot
Snapshot Time: 2026-09-04 23:25:20
SUMMARY: Total: 0

Job        Pattern / Combination                LSF        DV Analysis        UVM_ERR   UVM_FATAL  Agent Action / Note
----------------------------------------------------------------------------------------------------------------------------------

ATTENTION
- none

NEXT ACTIONS
- Analyze DONE jobs whose DV result is still UNKNOWN/pending.
- Continue incremental monitoring of RUN jobs.
- Triage EXIT/FAIL jobs and rerun fixed patterns when ready.
[reconciliation_cycle] discover_live_jobs failed: bjobs not found on PATH: [WinError 2] 系統找不到指定的檔案。
DV Agent Harness L5 - Periodic Regression Snapshot
Snapshot Time: 2026-09-04 23:30:20
SUMMARY: Total: 0

Job        Pattern / Combination                LSF        DV Analysis        UVM_ERR   UVM_FATAL  Agent Action / Note
----------------------------------------------------------------------------------------------------------------------------------

ATTENTION
- none

NEXT ACTIONS
- Analyze DONE jobs whose DV result is still UNKNOWN/pending.
- Continue incremental monitoring of RUN jobs.
- Triage EXIT/FAIL jobs and rerun fixed patterns when ready.
[reconciliation_cycle] discover_live_jobs failed: bjobs not found on PATH: [WinError 2] 系統找不到指定的檔案。
DV Agent Harness L5 - Periodic Regression Snapshot
Snapshot Time: 2026-09-04 23:35:20
SUMMARY: Total: 0

Job        Pattern / Combination                LSF        DV Analysis        UVM_ERR   UVM_FATAL  Agent Action / Note
----------------------------------------------------------------------------------------------------------------------------------

ATTENTION
- none

NEXT ACTIONS
- Analyze DONE jobs whose DV result is still UNKNOWN/pending.
- Continue incremental monitoring of RUN jobs.
- Triage EXIT/FAIL jobs and rerun fixed patterns when ready.
[reconciliation_cycle] discover_live_jobs failed: bjobs not found on PATH: [WinError 2] 系統找不到指定的檔案。
DV Agent Harness L5 - Periodic Regression Snapshot
Snapshot Time: 2026-09-04 23:40:20
SUMMARY: Total: 0

Job        Pattern / Combination                LSF        DV Analysis        UVM_ERR   UVM_FATAL  Agent Action / Note
----------------------------------------------------------------------------------------------------------------------------------

ATTENTION
- none

NEXT ACTIONS
- Analyze DONE jobs whose DV result is still UNKNOWN/pending.
- Continue incremental monitoring of RUN jobs.
- Triage EXIT/FAIL jobs and rerun fixed patterns when ready.
[reconciliation_cycle] discover_live_jobs failed: bjobs not found on PATH: [WinError 2] 系統找不到指定的檔案。
DV Agent Harness L5 - Periodic Regression Snapshot
Snapshot Time: 2026-09-04 23:45:20
SUMMARY: Total: 0

Job        Pattern / Combination                LSF        DV Analysis        UVM_ERR   UVM_FATAL  Agent Action / Note
----------------------------------------------------------------------------------------------------------------------------------

ATTENTION
- none

NEXT ACTIONS
- Analyze DONE jobs whose DV result is still UNKNOWN/pending.
- Continue incremental monitoring of RUN jobs.
- Triage EXIT/FAIL jobs and rerun fixed patterns when ready.
[reconciliation_cycle] discover_live_jobs failed: bjobs not found on PATH: [WinError 2] 系統找不到指定的檔案。
DV Agent Harness L5 - Periodic Regression Snapshot
Snapshot Time: 2026-09-04 23:50:20
SUMMARY: Total: 0

Job        Pattern / Combination                LSF        DV Analysis        UVM_ERR   UVM_FATAL  Agent Action / Note
----------------------------------------------------------------------------------------------------------------------------------

ATTENTION
- none

NEXT ACTIONS
- Analyze DONE jobs whose DV result is still UNKNOWN/pending.
- Continue incremental monitoring of RUN jobs.
- Triage EXIT/FAIL jobs and rerun fixed patterns when ready.
[reconciliation_cycle] discover_live_jobs failed: bjobs not found on PATH: [WinError 2] 系統找不到指定的檔案。
DV Agent Harness L5 - Periodic Regression Snapshot
Snapshot Time: 2026-09-04 23:55:20
SUMMARY: Total: 0

Job        Pattern / Combination                LSF        DV Analysis        UVM_ERR   UVM_FATAL  Agent Action / Note
----------------------------------------------------------------------------------------------------------------------------------

ATTENTION
- none

NEXT ACTIONS
- Analyze DONE jobs whose DV result is still UNKNOWN/pending.
- Continue incremental monitoring of RUN jobs.
- Triage EXIT/FAIL jobs and rerun fixed patterns when ready.
[reconciliation_cycle] discover_live_jobs failed: bjobs not found on PATH: [WinError 2] 系統找不到指定的檔案。
DV Agent Harness L5 - Periodic Regression Snapshot
Snapshot Time: 2026-09-05 00:00:20
SUMMARY: Total: 0

Job        Pattern / Combination                LSF        DV Analysis        UVM_ERR   UVM_FATAL  Agent Action / Note
----------------------------------------------------------------------------------------------------------------------------------

ATTENTION
- none

NEXT ACTIONS
- Analyze DONE jobs whose DV result is still UNKNOWN/pending.
- Continue incremental monitoring of RUN jobs.
- Triage EXIT/FAIL jobs and rerun fixed patterns when ready.
[reconciliation_cycle] discover_live_jobs failed: bjobs not found on PATH: [WinError 2] 系統找不到指定的檔案。
DV Agent Harness L5 - Periodic Regression Snapshot
Snapshot Time: 2026-09-05 00:05:20
SUMMARY: Total: 0

Job        Pattern / Combination                LSF        DV Analysis        UVM_ERR   UVM_FATAL  Agent Action / Note
----------------------------------------------------------------------------------------------------------------------------------

ATTENTION
- none

NEXT ACTIONS
- Analyze DONE jobs whose DV result is still UNKNOWN/pending.
- Continue incremental monitoring of RUN jobs.
- Triage EXIT/FAIL jobs and rerun fixed patterns when ready.
[reconciliation_cycle] discover_live_jobs failed: bjobs not found on PATH: [WinError 2] 系統找不到指定的檔案。
DV Agent Harness L5 - Periodic Regression Snapshot
Snapshot Time: 2026-09-05 00:10:21
SUMMARY: Total: 0

Job        Pattern / Combination                LSF        DV Analysis        UVM_ERR   UVM_FATAL  Agent Action / Note
----------------------------------------------------------------------------------------------------------------------------------

ATTENTION
- none

NEXT ACTIONS
- Analyze DONE jobs whose DV result is still UNKNOWN/pending.
- Continue incremental monitoring of RUN jobs.
- Triage EXIT/FAIL jobs and rerun fixed patterns when ready.
[reconciliation_cycle] discover_live_jobs failed: bjobs not found on PATH: [WinError 2] 系統找不到指定的檔案。
DV Agent Harness L5 - Periodic Regression Snapshot
Snapshot Time: 2026-09-05 00:15:22
SUMMARY: Total: 0

Job        Pattern / Combination                LSF        DV Analysis        UVM_ERR   UVM_FATAL  Agent Action / Note
----------------------------------------------------------------------------------------------------------------------------------

ATTENTION
- none

NEXT ACTIONS
- Analyze DONE jobs whose DV result is still UNKNOWN/pending.
- Continue incremental monitoring of RUN jobs.
- Triage EXIT/FAIL jobs and rerun fixed patterns when ready.
[reconciliation_cycle] discover_live_jobs failed: bjobs not found on PATH: [WinError 2] 系統找不到指定的檔案。
DV Agent Harness L5 - Periodic Regression Snapshot
Snapshot Time: 2026-09-05 00:20:22
SUMMARY: Total: 0

Job        Pattern / Combination                LSF        DV Analysis        UVM_ERR   UVM_FATAL  Agent Action / Note
----------------------------------------------------------------------------------------------------------------------------------

ATTENTION
- none

NEXT ACTIONS
- Analyze DONE jobs whose DV result is still UNKNOWN/pending.
- Continue incremental monitoring of RUN jobs.
- Triage EXIT/FAIL jobs and rerun fixed patterns when ready.
[reconciliation_cycle] discover_live_jobs failed: bjobs not found on PATH: [WinError 2] 系統找不到指定的檔案。
DV Agent Harness L5 - Periodic Regression Snapshot
Snapshot Time: 2026-09-05 00:25:22
SUMMARY: Total: 0

Job        Pattern / Combination                LSF        DV Analysis        UVM_ERR   UVM_FATAL  Agent Action / Note
----------------------------------------------------------------------------------------------------------------------------------

ATTENTION
- none

NEXT ACTIONS
- Analyze DONE jobs whose DV result is still UNKNOWN/pending.
- Continue incremental monitoring of RUN jobs.
- Triage EXIT/FAIL jobs and rerun fixed patterns when ready.
[reconciliation_cycle] discover_live_jobs failed: bjobs not found on PATH: [WinError 2] 系統找不到指定的檔案。
DV Agent Harness L5 - Periodic Regression Snapshot
Snapshot Time: 2026-09-05 00:30:22
SUMMARY: Total: 0

Job        Pattern / Combination                LSF        DV Analysis        UVM_ERR   UVM_FATAL  Agent Action / Note
----------------------------------------------------------------------------------------------------------------------------------

ATTENTION
- none

NEXT ACTIONS
- Analyze DONE jobs whose DV result is still UNKNOWN/pending.
- Continue incremental monitoring of RUN jobs.
- Triage EXIT/FAIL jobs and rerun fixed patterns when ready.
[reconciliation_cycle] discover_live_jobs failed: bjobs not found on PATH: [WinError 2] 系統找不到指定的檔案。
DV Agent Harness L5 - Periodic Regression Snapshot
Snapshot Time: 2026-09-05 00:35:22
SUMMARY: Total: 0

Job        Pattern / Combination                LSF        DV Analysis        UVM_ERR   UVM_FATAL  Agent Action / Note
----------------------------------------------------------------------------------------------------------------------------------

ATTENTION
- none

NEXT ACTIONS
- Analyze DONE jobs whose DV result is still UNKNOWN/pending.
- Continue incremental monitoring of RUN jobs.
- Triage EXIT/FAIL jobs and rerun fixed patterns when ready.
[reconciliation_cycle] discover_live_jobs failed: bjobs not found on PATH: [WinError 2] 系統找不到指定的檔案。
DV Agent Harness L5 - Periodic Regression Snapshot
Snapshot Time: 2026-09-05 00:40:22
SUMMARY: Total: 0

Job        Pattern / Combination                LSF        DV Analysis        UVM_ERR   UVM_FATAL  Agent Action / Note
----------------------------------------------------------------------------------------------------------------------------------

ATTENTION
- none

NEXT ACTIONS
- Analyze DONE jobs whose DV result is still UNKNOWN/pending.
- Continue incremental monitoring of RUN jobs.
- Triage EXIT/FAIL jobs and rerun fixed patterns when ready.
[reconciliation_cycle] discover_live_jobs failed: bjobs not found on PATH: [WinError 2] 系統找不到指定的檔案。
DV Agent Harness L5 - Periodic Regression Snapshot
Snapshot Time: 2026-09-05 00:45:22
SUMMARY: Total: 0

Job        Pattern / Combination                LSF        DV Analysis        UVM_ERR   UVM_FATAL  Agent Action / Note
----------------------------------------------------------------------------------------------------------------------------------

ATTENTION
- none

NEXT ACTIONS
- Analyze DONE jobs whose DV result is still UNKNOWN/pending.
- Continue incremental monitoring of RUN jobs.
- Triage EXIT/FAIL jobs and rerun fixed patterns when ready.
[reconciliation_cycle] discover_live_jobs failed: bjobs not found on PATH: [WinError 2] 系統找不到指定的檔案。
DV Agent Harness L5 - Periodic Regression Snapshot
Snapshot Time: 2026-09-05 00:50:22
SUMMARY: Total: 0

Job        Pattern / Combination                LSF        DV Analysis        UVM_ERR   UVM_FATAL  Agent Action / Note
----------------------------------------------------------------------------------------------------------------------------------

ATTENTION
- none

NEXT ACTIONS
- Analyze DONE jobs whose DV result is still UNKNOWN/pending.
- Continue incremental monitoring of RUN jobs.
- Triage EXIT/FAIL jobs and rerun fixed patterns when ready.
[reconciliation_cycle] discover_live_jobs failed: bjobs not found on PATH: [WinError 2] 系統找不到指定的檔案。
DV Agent Harness L5 - Periodic Regression Snapshot
Snapshot Time: 2026-09-05 00:55:22
SUMMARY: Total: 0

Job        Pattern / Combination                LSF        DV Analysis        UVM_ERR   UVM_FATAL  Agent Action / Note
----------------------------------------------------------------------------------------------------------------------------------

ATTENTION
- none

NEXT ACTIONS
- Analyze DONE jobs whose DV result is still UNKNOWN/pending.
- Continue incremental monitoring of RUN jobs.
- Triage EXIT/FAIL jobs and rerun fixed patterns when ready.
[reconciliation_cycle] discover_live_jobs failed: bjobs not found on PATH: [WinError 2] 系統找不到指定的檔案。
DV Agent Harness L5 - Periodic Regression Snapshot
Snapshot Time: 2026-09-05 01:00:22
SUMMARY: Total: 0

Job        Pattern / Combination                LSF        DV Analysis        UVM_ERR   UVM_FATAL  Agent Action / Note
----------------------------------------------------------------------------------------------------------------------------------

ATTENTION
- none

NEXT ACTIONS
- Analyze DONE jobs whose DV result is still UNKNOWN/pending.
- Continue incremental monitoring of RUN jobs.
- Triage EXIT/FAIL jobs and rerun fixed patterns when ready.
[reconciliation_cycle] discover_live_jobs failed: bjobs not found on PATH: [WinError 2] 系統找不到指定的檔案。
DV Agent Harness L5 - Periodic Regression Snapshot
Snapshot Time: 2026-09-05 01:05:22
SUMMARY: Total: 0

Job        Pattern / Combination                LSF        DV Analysis        UVM_ERR   UVM_FATAL  Agent Action / Note
----------------------------------------------------------------------------------------------------------------------------------

ATTENTION
- none

NEXT ACTIONS
- Analyze DONE jobs whose DV result is still UNKNOWN/pending.
- Continue incremental monitoring of RUN jobs.
- Triage EXIT/FAIL jobs and rerun fixed patterns when ready.
[reconciliation_cycle] discover_live_jobs failed: bjobs not found on PATH: [WinError 2] 系統找不到指定的檔案。
DV Agent Harness L5 - Periodic Regression Snapshot
Snapshot Time: 2026-09-05 01:10:22
SUMMARY: Total: 0

Job        Pattern / Combination                LSF        DV Analysis        UVM_ERR   UVM_FATAL  Agent Action / Note
----------------------------------------------------------------------------------------------------------------------------------

ATTENTION
- none

NEXT ACTIONS
- Analyze DONE jobs whose DV result is still UNKNOWN/pending.
- Continue incremental monitoring of RUN jobs.
- Triage EXIT/FAIL jobs and rerun fixed patterns when ready.
[reconciliation_cycle] discover_live_jobs failed: bjobs not found on PATH: [WinError 2] 系統找不到指定的檔案。
DV Agent Harness L5 - Periodic Regression Snapshot
Snapshot Time: 2026-09-05 01:15:22
SUMMARY: Total: 0

Job        Pattern / Combination                LSF        DV Analysis        UVM_ERR   UVM_FATAL  Agent Action / Note
----------------------------------------------------------------------------------------------------------------------------------

ATTENTION
- none

NEXT ACTIONS
- Analyze DONE jobs whose DV result is still UNKNOWN/pending.
- Continue incremental monitoring of RUN jobs.
- Triage EXIT/FAIL jobs and rerun fixed patterns when ready.
[reconciliation_cycle] discover_live_jobs failed: bjobs not found on PATH: [WinError 2] 系統找不到指定的檔案。
DV Agent Harness L5 - Periodic Regression Snapshot
Snapshot Time: 2026-09-05 01:20:22
SUMMARY: Total: 0

Job        Pattern / Combination                LSF        DV Analysis        UVM_ERR   UVM_FATAL  Agent Action / Note
----------------------------------------------------------------------------------------------------------------------------------

ATTENTION
- none

NEXT ACTIONS
- Analyze DONE jobs whose DV result is still UNKNOWN/pending.
- Continue incremental monitoring of RUN jobs.
- Triage EXIT/FAIL jobs and rerun fixed patterns when ready.
[reconciliation_cycle] discover_live_jobs failed: bjobs not found on PATH: [WinError 2] 系統找不到指定的檔案。
DV Agent Harness L5 - Periodic Regression Snapshot
Snapshot Time: 2026-09-05 01:25:22
SUMMARY: Total: 0

Job        Pattern / Combination                LSF        DV Analysis        UVM_ERR   UVM_FATAL  Agent Action / Note
----------------------------------------------------------------------------------------------------------------------------------

ATTENTION
- none

NEXT ACTIONS
- Analyze DONE jobs whose DV result is still UNKNOWN/pending.
- Continue incremental monitoring of RUN jobs.
- Triage EXIT/FAIL jobs and rerun fixed patterns when ready.
[reconciliation_cycle] discover_live_jobs failed: bjobs not found on PATH: [WinError 2] 系統找不到指定的檔案。
DV Agent Harness L5 - Periodic Regression Snapshot
Snapshot Time: 2026-09-05 01:30:23
SUMMARY: Total: 0

Job        Pattern / Combination                LSF        DV Analysis        UVM_ERR   UVM_FATAL  Agent Action / Note
----------------------------------------------------------------------------------------------------------------------------------

ATTENTION
- none

NEXT ACTIONS
- Analyze DONE jobs whose DV result is still UNKNOWN/pending.
- Continue incremental monitoring of RUN jobs.
- Triage EXIT/FAIL jobs and rerun fixed patterns when ready.
[reconciliation_cycle] discover_live_jobs failed: bjobs not found on PATH: [WinError 2] 系統找不到指定的檔案。
DV Agent Harness L5 - Periodic Regression Snapshot
Snapshot Time: 2026-09-05 01:35:23
SUMMARY: Total: 0

Job        Pattern / Combination                LSF        DV Analysis        UVM_ERR   UVM_FATAL  Agent Action / Note
----------------------------------------------------------------------------------------------------------------------------------

ATTENTION
- none

NEXT ACTIONS
- Analyze DONE jobs whose DV result is still UNKNOWN/pending.
- Continue incremental monitoring of RUN jobs.
- Triage EXIT/FAIL jobs and rerun fixed patterns when ready.
[reconciliation_cycle] discover_live_jobs failed: bjobs not found on PATH: [WinError 2] 系統找不到指定的檔案。
DV Agent Harness L5 - Periodic Regression Snapshot
Snapshot Time: 2026-09-05 01:40:23
SUMMARY: Total: 0

Job        Pattern / Combination                LSF        DV Analysis        UVM_ERR   UVM_FATAL  Agent Action / Note
----------------------------------------------------------------------------------------------------------------------------------

ATTENTION
- none

NEXT ACTIONS
- Analyze DONE jobs whose DV result is still UNKNOWN/pending.
- Continue incremental monitoring of RUN jobs.
- Triage EXIT/FAIL jobs and rerun fixed patterns when ready.
[reconciliation_cycle] discover_live_jobs failed: bjobs not found on PATH: [WinError 2] 系統找不到指定的檔案。
DV Agent Harness L5 - Periodic Regression Snapshot
Snapshot Time: 2026-09-05 01:45:23
SUMMARY: Total: 0

Job        Pattern / Combination                LSF        DV Analysis        UVM_ERR   UVM_FATAL  Agent Action / Note
----------------------------------------------------------------------------------------------------------------------------------

ATTENTION
- none

NEXT ACTIONS
- Analyze DONE jobs whose DV result is still UNKNOWN/pending.
- Continue incremental monitoring of RUN jobs.
- Triage EXIT/FAIL jobs and rerun fixed patterns when ready.
[reconciliation_cycle] discover_live_jobs failed: bjobs not found on PATH: [WinError 2] 系統找不到指定的檔案。
DV Agent Harness L5 - Periodic Regression Snapshot
Snapshot Time: 2026-09-05 01:50:23
SUMMARY: Total: 0

Job        Pattern / Combination                LSF        DV Analysis        UVM_ERR   UVM_FATAL  Agent Action / Note
----------------------------------------------------------------------------------------------------------------------------------

ATTENTION
- none

NEXT ACTIONS
- Analyze DONE jobs whose DV result is still UNKNOWN/pending.
- Continue incremental monitoring of RUN jobs.
- Triage EXIT/FAIL jobs and rerun fixed patterns when ready.
[reconciliation_cycle] discover_live_jobs failed: bjobs not found on PATH: [WinError 2] 系統找不到指定的檔案。
DV Agent Harness L5 - Periodic Regression Snapshot
Snapshot Time: 2026-09-05 01:55:23
SUMMARY: Total: 0

Job        Pattern / Combination                LSF        DV Analysis        UVM_ERR   UVM_FATAL  Agent Action / Note
----------------------------------------------------------------------------------------------------------------------------------

ATTENTION
- none

NEXT ACTIONS
- Analyze DONE jobs whose DV result is still UNKNOWN/pending.
- Continue incremental monitoring of RUN jobs.
- Triage EXIT/FAIL jobs and rerun fixed patterns when ready.
[reconciliation_cycle] discover_live_jobs failed: bjobs not found on PATH: [WinError 2] 系統找不到指定的檔案。
DV Agent Harness L5 - Periodic Regression Snapshot
Snapshot Time: 2026-09-05 02:00:23
SUMMARY: Total: 0

Job        Pattern / Combination                LSF        DV Analysis        UVM_ERR   UVM_FATAL  Agent Action / Note
----------------------------------------------------------------------------------------------------------------------------------

ATTENTION
- none

NEXT ACTIONS
- Analyze DONE jobs whose DV result is still UNKNOWN/pending.
- Continue incremental monitoring of RUN jobs.
- Triage EXIT/FAIL jobs and rerun fixed patterns when ready.
[reconciliation_cycle] discover_live_jobs failed: bjobs not found on PATH: [WinError 2] 系統找不到指定的檔案。
DV Agent Harness L5 - Periodic Regression Snapshot
Snapshot Time: 2026-09-05 02:05:23
SUMMARY: Total: 0

Job        Pattern / Combination                LSF        DV Analysis        UVM_ERR   UVM_FATAL  Agent Action / Note
----------------------------------------------------------------------------------------------------------------------------------

ATTENTION
- none

NEXT ACTIONS
- Analyze DONE jobs whose DV result is still UNKNOWN/pending.
- Continue incremental monitoring of RUN jobs.
- Triage EXIT/FAIL jobs and rerun fixed patterns when ready.
[reconciliation_cycle] discover_live_jobs failed: bjobs not found on PATH: [WinError 2] 系統找不到指定的檔案。
DV Agent Harness L5 - Periodic Regression Snapshot
Snapshot Time: 2026-09-05 02:10:23
SUMMARY: Total: 0

Job        Pattern / Combination                LSF        DV Analysis        UVM_ERR   UVM_FATAL  Agent Action / Note
----------------------------------------------------------------------------------------------------------------------------------

ATTENTION
- none

NEXT ACTIONS
- Analyze DONE jobs whose DV result is still UNKNOWN/pending.
- Continue incremental monitoring of RUN jobs.
- Triage EXIT/FAIL jobs and rerun fixed patterns when ready.
[reconciliation_cycle] discover_live_jobs failed: bjobs not found on PATH: [WinError 2] 系統找不到指定的檔案。
DV Agent Harness L5 - Periodic Regression Snapshot
Snapshot Time: 2026-09-05 02:15:23
SUMMARY: Total: 0

Job        Pattern / Combination                LSF        DV Analysis        UVM_ERR   UVM_FATAL  Agent Action / Note
----------------------------------------------------------------------------------------------------------------------------------

ATTENTION
- none

NEXT ACTIONS
- Analyze DONE jobs whose DV result is still UNKNOWN/pending.
- Continue incremental monitoring of RUN jobs.
- Triage EXIT/FAIL jobs and rerun fixed patterns when ready.
[reconciliation_cycle] discover_live_jobs failed: bjobs not found on PATH: [WinError 2] 系統找不到指定的檔案。
DV Agent Harness L5 - Periodic Regression Snapshot
Snapshot Time: 2026-09-05 02:20:23
SUMMARY: Total: 0

Job        Pattern / Combination                LSF        DV Analysis        UVM_ERR   UVM_FATAL  Agent Action / Note
----------------------------------------------------------------------------------------------------------------------------------

ATTENTION
- none

NEXT ACTIONS
- Analyze DONE jobs whose DV result is still UNKNOWN/pending.
- Continue incremental monitoring of RUN jobs.
- Triage EXIT/FAIL jobs and rerun fixed patterns when ready.
[reconciliation_cycle] discover_live_jobs failed: bjobs not found on PATH: [WinError 2] 系統找不到指定的檔案。
DV Agent Harness L5 - Periodic Regression Snapshot
Snapshot Time: 2026-09-05 02:25:23
SUMMARY: Total: 0

Job        Pattern / Combination                LSF        DV Analysis        UVM_ERR   UVM_FATAL  Agent Action / Note
----------------------------------------------------------------------------------------------------------------------------------

ATTENTION
- none

NEXT ACTIONS
- Analyze DONE jobs whose DV result is still UNKNOWN/pending.
- Continue incremental monitoring of RUN jobs.
- Triage EXIT/FAIL jobs and rerun fixed patterns when ready.
[reconciliation_cycle] discover_live_jobs failed: bjobs not found on PATH: [WinError 2] 系統找不到指定的檔案。
DV Agent Harness L5 - Periodic Regression Snapshot
Snapshot Time: 2026-09-05 02:30:23
SUMMARY: Total: 0

Job        Pattern / Combination                LSF        DV Analysis        UVM_ERR   UVM_FATAL  Agent Action / Note
----------------------------------------------------------------------------------------------------------------------------------

ATTENTION
- none

NEXT ACTIONS
- Analyze DONE jobs whose DV result is still UNKNOWN/pending.
- Continue incremental monitoring of RUN jobs.
- Triage EXIT/FAIL jobs and rerun fixed patterns when ready.
[reconciliation_cycle] discover_live_jobs failed: bjobs not found on PATH: [WinError 2] 系統找不到指定的檔案。
DV Agent Harness L5 - Periodic Regression Snapshot
Snapshot Time: 2026-09-05 02:35:23
SUMMARY: Total: 0

Job        Pattern / Combination                LSF        DV Analysis        UVM_ERR   UVM_FATAL  Agent Action / Note
----------------------------------------------------------------------------------------------------------------------------------

ATTENTION
- none

NEXT ACTIONS
- Analyze DONE jobs whose DV result is still UNKNOWN/pending.
- Continue incremental monitoring of RUN jobs.
- Triage EXIT/FAIL jobs and rerun fixed patterns when ready.
[reconciliation_cycle] discover_live_jobs failed: bjobs not found on PATH: [WinError 2] 系統找不到指定的檔案。
DV Agent Harness L5 - Periodic Regression Snapshot
Snapshot Time: 2026-09-05 02:40:23
SUMMARY: Total: 0

Job        Pattern / Combination                LSF        DV Analysis        UVM_ERR   UVM_FATAL  Agent Action / Note
----------------------------------------------------------------------------------------------------------------------------------

ATTENTION
- none

NEXT ACTIONS
- Analyze DONE jobs whose DV result is still UNKNOWN/pending.
- Continue incremental monitoring of RUN jobs.
- Triage EXIT/FAIL jobs and rerun fixed patterns when ready.
[reconciliation_cycle] discover_live_jobs failed: bjobs not found on PATH: [WinError 2] 系統找不到指定的檔案。
DV Agent Harness L5 - Periodic Regression Snapshot
Snapshot Time: 2026-09-05 02:45:23
SUMMARY: Total: 0

Job        Pattern / Combination                LSF        DV Analysis        UVM_ERR   UVM_FATAL  Agent Action / Note
----------------------------------------------------------------------------------------------------------------------------------

ATTENTION
- none

NEXT ACTIONS
- Analyze DONE jobs whose DV result is still UNKNOWN/pending.
- Continue incremental monitoring of RUN jobs.
- Triage EXIT/FAIL jobs and rerun fixed patterns when ready.
[reconciliation_cycle] discover_live_jobs failed: bjobs not found on PATH: [WinError 2] 系統找不到指定的檔案。
DV Agent Harness L5 - Periodic Regression Snapshot
Snapshot Time: 2026-09-05 02:50:24
SUMMARY: Total: 0

Job        Pattern / Combination                LSF        DV Analysis        UVM_ERR   UVM_FATAL  Agent Action / Note
----------------------------------------------------------------------------------------------------------------------------------

ATTENTION
- none

NEXT ACTIONS
- Analyze DONE jobs whose DV result is still UNKNOWN/pending.
- Continue incremental monitoring of RUN jobs.
- Triage EXIT/FAIL jobs and rerun fixed patterns when ready.
[reconciliation_cycle] discover_live_jobs failed: bjobs not found on PATH: [WinError 2] 系統找不到指定的檔案。
DV Agent Harness L5 - Periodic Regression Snapshot
Snapshot Time: 2026-09-05 02:55:25
SUMMARY: Total: 0

Job        Pattern / Combination                LSF        DV Analysis        UVM_ERR   UVM_FATAL  Agent Action / Note
----------------------------------------------------------------------------------------------------------------------------------

ATTENTION
- none

NEXT ACTIONS
- Analyze DONE jobs whose DV result is still UNKNOWN/pending.
- Continue incremental monitoring of RUN jobs.
- Triage EXIT/FAIL jobs and rerun fixed patterns when ready.
[reconciliation_cycle] discover_live_jobs failed: bjobs not found on PATH: [WinError 2] 系統找不到指定的檔案。
DV Agent Harness L5 - Periodic Regression Snapshot
Snapshot Time: 2026-09-05 03:00:25
SUMMARY: Total: 0

Job        Pattern / Combination                LSF        DV Analysis        UVM_ERR   UVM_FATAL  Agent Action / Note
----------------------------------------------------------------------------------------------------------------------------------

ATTENTION
- none

NEXT ACTIONS
- Analyze DONE jobs whose DV result is still UNKNOWN/pending.
- Continue incremental monitoring of RUN jobs.
- Triage EXIT/FAIL jobs and rerun fixed patterns when ready.
[reconciliation_cycle] discover_live_jobs failed: bjobs not found on PATH: [WinError 2] 系統找不到指定的檔案。
DV Agent Harness L5 - Periodic Regression Snapshot
Snapshot Time: 2026-09-05 03:05:25
SUMMARY: Total: 0

Job        Pattern / Combination                LSF        DV Analysis        UVM_ERR   UVM_FATAL  Agent Action / Note
----------------------------------------------------------------------------------------------------------------------------------

ATTENTION
- none

NEXT ACTIONS
- Analyze DONE jobs whose DV result is still UNKNOWN/pending.
- Continue incremental monitoring of RUN jobs.
- Triage EXIT/FAIL jobs and rerun fixed patterns when ready.
[reconciliation_cycle] discover_live_jobs failed: bjobs not found on PATH: [WinError 2] 系統找不到指定的檔案。
DV Agent Harness L5 - Periodic Regression Snapshot
Snapshot Time: 2026-09-05 03:10:25
SUMMARY: Total: 0

Job        Pattern / Combination                LSF        DV Analysis        UVM_ERR   UVM_FATAL  Agent Action / Note
----------------------------------------------------------------------------------------------------------------------------------

ATTENTION
- none

NEXT ACTIONS
- Analyze DONE jobs whose DV result is still UNKNOWN/pending.
- Continue incremental monitoring of RUN jobs.
- Triage EXIT/FAIL jobs and rerun fixed patterns when ready.
[reconciliation_cycle] discover_live_jobs failed: bjobs not found on PATH: [WinError 2] 系統找不到指定的檔案。
DV Agent Harness L5 - Periodic Regression Snapshot
Snapshot Time: 2026-09-05 03:15:25
SUMMARY: Total: 0

Job        Pattern / Combination                LSF        DV Analysis        UVM_ERR   UVM_FATAL  Agent Action / Note
----------------------------------------------------------------------------------------------------------------------------------

ATTENTION
- none

NEXT ACTIONS
- Analyze DONE jobs whose DV result is still UNKNOWN/pending.
- Continue incremental monitoring of RUN jobs.
- Triage EXIT/FAIL jobs and rerun fixed patterns when ready.
[reconciliation_cycle] discover_live_jobs failed: bjobs not found on PATH: [WinError 2] 系統找不到指定的檔案。
DV Agent Harness L5 - Periodic Regression Snapshot
Snapshot Time: 2026-09-05 03:20:25
SUMMARY: Total: 0

Job        Pattern / Combination                LSF        DV Analysis        UVM_ERR   UVM_FATAL  Agent Action / Note
----------------------------------------------------------------------------------------------------------------------------------

ATTENTION
- none

NEXT ACTIONS
- Analyze DONE jobs whose DV result is still UNKNOWN/pending.
- Continue incremental monitoring of RUN jobs.
- Triage EXIT/FAIL jobs and rerun fixed patterns when ready.
[reconciliation_cycle] discover_live_jobs failed: bjobs not found on PATH: [WinError 2] 系統找不到指定的檔案。
DV Agent Harness L5 - Periodic Regression Snapshot
Snapshot Time: 2026-09-05 03:25:25
SUMMARY: Total: 0

Job        Pattern / Combination                LSF        DV Analysis        UVM_ERR   UVM_FATAL  Agent Action / Note
----------------------------------------------------------------------------------------------------------------------------------

ATTENTION
- none

NEXT ACTIONS
- Analyze DONE jobs whose DV result is still UNKNOWN/pending.
- Continue incremental monitoring of RUN jobs.
- Triage EXIT/FAIL jobs and rerun fixed patterns when ready.
[reconciliation_cycle] discover_live_jobs failed: bjobs not found on PATH: [WinError 2] 系統找不到指定的檔案。
DV Agent Harness L5 - Periodic Regression Snapshot
Snapshot Time: 2026-09-05 03:30:25
SUMMARY: Total: 0

Job        Pattern / Combination                LSF        DV Analysis        UVM_ERR   UVM_FATAL  Agent Action / Note
----------------------------------------------------------------------------------------------------------------------------------

ATTENTION
- none

NEXT ACTIONS
- Analyze DONE jobs whose DV result is still UNKNOWN/pending.
- Continue incremental monitoring of RUN jobs.
- Triage EXIT/FAIL jobs and rerun fixed patterns when ready.
[reconciliation_cycle] discover_live_jobs failed: bjobs not found on PATH: [WinError 2] 系統找不到指定的檔案。
DV Agent Harness L5 - Periodic Regression Snapshot
Snapshot Time: 2026-09-05 03:35:25
SUMMARY: Total: 0

Job        Pattern / Combination                LSF        DV Analysis        UVM_ERR   UVM_FATAL  Agent Action / Note
----------------------------------------------------------------------------------------------------------------------------------

ATTENTION
- none

NEXT ACTIONS
- Analyze DONE jobs whose DV result is still UNKNOWN/pending.
- Continue incremental monitoring of RUN jobs.
- Triage EXIT/FAIL jobs and rerun fixed patterns when ready.
[reconciliation_cycle] discover_live_jobs failed: bjobs not found on PATH: [WinError 2] 系統找不到指定的檔案。
DV Agent Harness L5 - Periodic Regression Snapshot
Snapshot Time: 2026-09-05 03:40:25
SUMMARY: Total: 0

Job        Pattern / Combination                LSF        DV Analysis        UVM_ERR   UVM_FATAL  Agent Action / Note
----------------------------------------------------------------------------------------------------------------------------------

ATTENTION
- none

NEXT ACTIONS
- Analyze DONE jobs whose DV result is still UNKNOWN/pending.
- Continue incremental monitoring of RUN jobs.
- Triage EXIT/FAIL jobs and rerun fixed patterns when ready.
[reconciliation_cycle] discover_live_jobs failed: bjobs not found on PATH: [WinError 2] 系統找不到指定的檔案。
DV Agent Harness L5 - Periodic Regression Snapshot
Snapshot Time: 2026-09-05 03:45:25
SUMMARY: Total: 0

Job        Pattern / Combination                LSF        DV Analysis        UVM_ERR   UVM_FATAL  Agent Action / Note
----------------------------------------------------------------------------------------------------------------------------------

ATTENTION
- none

NEXT ACTIONS
- Analyze DONE jobs whose DV result is still UNKNOWN/pending.
- Continue incremental monitoring of RUN jobs.
- Triage EXIT/FAIL jobs and rerun fixed patterns when ready.
[reconciliation_cycle] discover_live_jobs failed: bjobs not found on PATH: [WinError 2] 系統找不到指定的檔案。
DV Agent Harness L5 - Periodic Regression Snapshot
Snapshot Time: 2026-09-05 03:50:25
SUMMARY: Total: 0

Job        Pattern / Combination                LSF        DV Analysis        UVM_ERR   UVM_FATAL  Agent Action / Note
----------------------------------------------------------------------------------------------------------------------------------

ATTENTION
- none

NEXT ACTIONS
- Analyze DONE jobs whose DV result is still UNKNOWN/pending.
- Continue incremental monitoring of RUN jobs.
- Triage EXIT/FAIL jobs and rerun fixed patterns when ready.
[reconciliation_cycle] discover_live_jobs failed: bjobs not found on PATH: [WinError 2] 系統找不到指定的檔案。
DV Agent Harness L5 - Periodic Regression Snapshot
Snapshot Time: 2026-09-05 03:55:25
SUMMARY: Total: 0

Job        Pattern / Combination                LSF        DV Analysis        UVM_ERR   UVM_FATAL  Agent Action / Note
----------------------------------------------------------------------------------------------------------------------------------

ATTENTION
- none

NEXT ACTIONS
- Analyze DONE jobs whose DV result is still UNKNOWN/pending.
- Continue incremental monitoring of RUN jobs.
- Triage EXIT/FAIL jobs and rerun fixed patterns when ready.
[reconciliation_cycle] discover_live_jobs failed: bjobs not found on PATH: [WinError 2] 系統找不到指定的檔案。
DV Agent Harness L5 - Periodic Regression Snapshot
Snapshot Time: 2026-09-05 04:00:25
SUMMARY: Total: 0

Job        Pattern / Combination                LSF        DV Analysis        UVM_ERR   UVM_FATAL  Agent Action / Note
----------------------------------------------------------------------------------------------------------------------------------

ATTENTION
- none

NEXT ACTIONS
- Analyze DONE jobs whose DV result is still UNKNOWN/pending.
- Continue incremental monitoring of RUN jobs.
- Triage EXIT/FAIL jobs and rerun fixed patterns when ready.
[reconciliation_cycle] discover_live_jobs failed: bjobs not found on PATH: [WinError 2] 系統找不到指定的檔案。
DV Agent Harness L5 - Periodic Regression Snapshot
Snapshot Time: 2026-09-05 04:05:25
SUMMARY: Total: 0

Job        Pattern / Combination                LSF        DV Analysis        UVM_ERR   UVM_FATAL  Agent Action / Note
----------------------------------------------------------------------------------------------------------------------------------

ATTENTION
- none

NEXT ACTIONS
- Analyze DONE jobs whose DV result is still UNKNOWN/pending.
- Continue incremental monitoring of RUN jobs.
- Triage EXIT/FAIL jobs and rerun fixed patterns when ready.
[reconciliation_cycle] discover_live_jobs failed: bjobs not found on PATH: [WinError 2] 系統找不到指定的檔案。
DV Agent Harness L5 - Periodic Regression Snapshot
Snapshot Time: 2026-09-05 04:10:27
SUMMARY: Total: 0

Job        Pattern / Combination                LSF        DV Analysis        UVM_ERR   UVM_FATAL  Agent Action / Note
----------------------------------------------------------------------------------------------------------------------------------

ATTENTION
- none

NEXT ACTIONS
- Analyze DONE jobs whose DV result is still UNKNOWN/pending.
- Continue incremental monitoring of RUN jobs.
- Triage EXIT/FAIL jobs and rerun fixed patterns when ready.
[reconciliation_cycle] discover_live_jobs failed: bjobs not found on PATH: [WinError 2] 系統找不到指定的檔案。
DV Agent Harness L5 - Periodic Regression Snapshot
Snapshot Time: 2026-09-05 04:15:27
SUMMARY: Total: 0

Job        Pattern / Combination                LSF        DV Analysis        UVM_ERR   UVM_FATAL  Agent Action / Note
----------------------------------------------------------------------------------------------------------------------------------

ATTENTION
- none

NEXT ACTIONS
- Analyze DONE jobs whose DV result is still UNKNOWN/pending.
- Continue incremental monitoring of RUN jobs.
- Triage EXIT/FAIL jobs and rerun fixed patterns when ready.
[reconciliation_cycle] discover_live_jobs failed: bjobs not found on PATH: [WinError 2] 系統找不到指定的檔案。
DV Agent Harness L5 - Periodic Regression Snapshot
Snapshot Time: 2026-09-05 04:20:27
SUMMARY: Total: 0

Job        Pattern / Combination                LSF        DV Analysis        UVM_ERR   UVM_FATAL  Agent Action / Note
----------------------------------------------------------------------------------------------------------------------------------

ATTENTION
- none

NEXT ACTIONS
- Analyze DONE jobs whose DV result is still UNKNOWN/pending.
- Continue incremental monitoring of RUN jobs.
- Triage EXIT/FAIL jobs and rerun fixed patterns when ready.
[reconciliation_cycle] discover_live_jobs failed: bjobs not found on PATH: [WinError 2] 系統找不到指定的檔案。
DV Agent Harness L5 - Periodic Regression Snapshot
Snapshot Time: 2026-09-05 04:25:27
SUMMARY: Total: 0

Job        Pattern / Combination                LSF        DV Analysis        UVM_ERR   UVM_FATAL  Agent Action / Note
----------------------------------------------------------------------------------------------------------------------------------

ATTENTION
- none

NEXT ACTIONS
- Analyze DONE jobs whose DV result is still UNKNOWN/pending.
- Continue incremental monitoring of RUN jobs.
- Triage EXIT/FAIL jobs and rerun fixed patterns when ready.
[reconciliation_cycle] discover_live_jobs failed: bjobs not found on PATH: [WinError 2] 系統找不到指定的檔案。
DV Agent Harness L5 - Periodic Regression Snapshot
Snapshot Time: 2026-09-05 04:30:27
SUMMARY: Total: 0

Job        Pattern / Combination                LSF        DV Analysis        UVM_ERR   UVM_FATAL  Agent Action / Note
----------------------------------------------------------------------------------------------------------------------------------

ATTENTION
- none

NEXT ACTIONS
- Analyze DONE jobs whose DV result is still UNKNOWN/pending.
- Continue incremental monitoring of RUN jobs.
- Triage EXIT/FAIL jobs and rerun fixed patterns when ready.
[reconciliation_cycle] discover_live_jobs failed: bjobs not found on PATH: [WinError 2] 系統找不到指定的檔案。
DV Agent Harness L5 - Periodic Regression Snapshot
Snapshot Time: 2026-09-05 04:35:27
SUMMARY: Total: 0

Job        Pattern / Combination                LSF        DV Analysis        UVM_ERR   UVM_FATAL  Agent Action / Note
----------------------------------------------------------------------------------------------------------------------------------

ATTENTION
- none

NEXT ACTIONS
- Analyze DONE jobs whose DV result is still UNKNOWN/pending.
- Continue incremental monitoring of RUN jobs.
- Triage EXIT/FAIL jobs and rerun fixed patterns when ready.
[reconciliation_cycle] discover_live_jobs failed: bjobs not found on PATH: [WinError 2] 系統找不到指定的檔案。
DV Agent Harness L5 - Periodic Regression Snapshot
Snapshot Time: 2026-09-05 04:40:27
SUMMARY: Total: 0

Job        Pattern / Combination                LSF        DV Analysis        UVM_ERR   UVM_FATAL  Agent Action / Note
----------------------------------------------------------------------------------------------------------------------------------

ATTENTION
- none

NEXT ACTIONS
- Analyze DONE jobs whose DV result is still UNKNOWN/pending.
- Continue incremental monitoring of RUN jobs.
- Triage EXIT/FAIL jobs and rerun fixed patterns when ready.
[reconciliation_cycle] discover_live_jobs failed: bjobs not found on PATH: [WinError 2] 系統找不到指定的檔案。
DV Agent Harness L5 - Periodic Regression Snapshot
Snapshot Time: 2026-09-05 04:45:27
SUMMARY: Total: 0

Job        Pattern / Combination                LSF        DV Analysis        UVM_ERR   UVM_FATAL  Agent Action / Note
----------------------------------------------------------------------------------------------------------------------------------

ATTENTION
- none

NEXT ACTIONS
- Analyze DONE jobs whose DV result is still UNKNOWN/pending.
- Continue incremental monitoring of RUN jobs.
- Triage EXIT/FAIL jobs and rerun fixed patterns when ready.
[reconciliation_cycle] discover_live_jobs failed: bjobs not found on PATH: [WinError 2] 系統找不到指定的檔案。
DV Agent Harness L5 - Periodic Regression Snapshot
Snapshot Time: 2026-09-05 04:50:27
SUMMARY: Total: 0

Job        Pattern / Combination                LSF        DV Analysis        UVM_ERR   UVM_FATAL  Agent Action / Note
----------------------------------------------------------------------------------------------------------------------------------

ATTENTION
- none

NEXT ACTIONS
- Analyze DONE jobs whose DV result is still UNKNOWN/pending.
- Continue incremental monitoring of RUN jobs.
- Triage EXIT/FAIL jobs and rerun fixed patterns when ready.
[reconciliation_cycle] discover_live_jobs failed: bjobs not found on PATH: [WinError 2] 系統找不到指定的檔案。
DV Agent Harness L5 - Periodic Regression Snapshot
Snapshot Time: 2026-09-05 04:55:28
SUMMARY: Total: 0

Job        Pattern / Combination                LSF        DV Analysis        UVM_ERR   UVM_FATAL  Agent Action / Note
----------------------------------------------------------------------------------------------------------------------------------

ATTENTION
- none

NEXT ACTIONS
- Analyze DONE jobs whose DV result is still UNKNOWN/pending.
- Continue incremental monitoring of RUN jobs.
- Triage EXIT/FAIL jobs and rerun fixed patterns when ready.
[reconciliation_cycle] discover_live_jobs failed: bjobs not found on PATH: [WinError 2] 系統找不到指定的檔案。
DV Agent Harness L5 - Periodic Regression Snapshot
Snapshot Time: 2026-09-05 05:00:28
SUMMARY: Total: 0

Job        Pattern / Combination                LSF        DV Analysis        UVM_ERR   UVM_FATAL  Agent Action / Note
----------------------------------------------------------------------------------------------------------------------------------

ATTENTION
- none

NEXT ACTIONS
- Analyze DONE jobs whose DV result is still UNKNOWN/pending.
- Continue incremental monitoring of RUN jobs.
- Triage EXIT/FAIL jobs and rerun fixed patterns when ready.
[reconciliation_cycle] discover_live_jobs failed: bjobs not found on PATH: [WinError 2] 系統找不到指定的檔案。
DV Agent Harness L5 - Periodic Regression Snapshot
Snapshot Time: 2026-09-05 05:05:28
SUMMARY: Total: 0

Job        Pattern / Combination                LSF        DV Analysis        UVM_ERR   UVM_FATAL  Agent Action / Note
----------------------------------------------------------------------------------------------------------------------------------

ATTENTION
- none

NEXT ACTIONS
- Analyze DONE jobs whose DV result is still UNKNOWN/pending.
- Continue incremental monitoring of RUN jobs.
- Triage EXIT/FAIL jobs and rerun fixed patterns when ready.
[reconciliation_cycle] discover_live_jobs failed: bjobs not found on PATH: [WinError 2] 系統找不到指定的檔案。
DV Agent Harness L5 - Periodic Regression Snapshot
Snapshot Time: 2026-09-05 05:10:28
SUMMARY: Total: 0

Job        Pattern / Combination                LSF        DV Analysis        UVM_ERR   UVM_FATAL  Agent Action / Note
----------------------------------------------------------------------------------------------------------------------------------

ATTENTION
- none

NEXT ACTIONS
- Analyze DONE jobs whose DV result is still UNKNOWN/pending.
- Continue incremental monitoring of RUN jobs.
- Triage EXIT/FAIL jobs and rerun fixed patterns when ready.
[reconciliation_cycle] discover_live_jobs failed: bjobs not found on PATH: [WinError 2] 系統找不到指定的檔案。
DV Agent Harness L5 - Periodic Regression Snapshot
Snapshot Time: 2026-09-05 05:15:28
SUMMARY: Total: 0

Job        Pattern / Combination                LSF        DV Analysis        UVM_ERR   UVM_FATAL  Agent Action / Note
----------------------------------------------------------------------------------------------------------------------------------

ATTENTION
- none

NEXT ACTIONS
- Analyze DONE jobs whose DV result is still UNKNOWN/pending.
- Continue incremental monitoring of RUN jobs.
- Triage EXIT/FAIL jobs and rerun fixed patterns when ready.
[reconciliation_cycle] discover_live_jobs failed: bjobs not found on PATH: [WinError 2] 系統找不到指定的檔案。
DV Agent Harness L5 - Periodic Regression Snapshot
Snapshot Time: 2026-09-05 05:20:28
SUMMARY: Total: 0

Job        Pattern / Combination                LSF        DV Analysis        UVM_ERR   UVM_FATAL  Agent Action / Note
----------------------------------------------------------------------------------------------------------------------------------

ATTENTION
- none

NEXT ACTIONS
- Analyze DONE jobs whose DV result is still UNKNOWN/pending.
- Continue incremental monitoring of RUN jobs.
- Triage EXIT/FAIL jobs and rerun fixed patterns when ready.
[reconciliation_cycle] discover_live_jobs failed: bjobs not found on PATH: [WinError 2] 系統找不到指定的檔案。
DV Agent Harness L5 - Periodic Regression Snapshot
Snapshot Time: 2026-09-05 05:25:28
SUMMARY: Total: 0

Job        Pattern / Combination                LSF        DV Analysis        UVM_ERR   UVM_FATAL  Agent Action / Note
----------------------------------------------------------------------------------------------------------------------------------

ATTENTION
- none

NEXT ACTIONS
- Analyze DONE jobs whose DV result is still UNKNOWN/pending.
- Continue incremental monitoring of RUN jobs.
- Triage EXIT/FAIL jobs and rerun fixed patterns when ready.
[reconciliation_cycle] discover_live_jobs failed: bjobs not found on PATH: [WinError 2] 系統找不到指定的檔案。
DV Agent Harness L5 - Periodic Regression Snapshot
Snapshot Time: 2026-09-05 05:30:28
SUMMARY: Total: 0

Job        Pattern / Combination                LSF        DV Analysis        UVM_ERR   UVM_FATAL  Agent Action / Note
----------------------------------------------------------------------------------------------------------------------------------

ATTENTION
- none

NEXT ACTIONS
- Analyze DONE jobs whose DV result is still UNKNOWN/pending.
- Continue incremental monitoring of RUN jobs.
- Triage EXIT/FAIL jobs and rerun fixed patterns when ready.
[reconciliation_cycle] discover_live_jobs failed: bjobs not found on PATH: [WinError 2] 系統找不到指定的檔案。
DV Agent Harness L5 - Periodic Regression Snapshot
Snapshot Time: 2026-09-05 05:35:28
SUMMARY: Total: 0

Job        Pattern / Combination                LSF        DV Analysis        UVM_ERR   UVM_FATAL  Agent Action / Note
----------------------------------------------------------------------------------------------------------------------------------

ATTENTION
- none

NEXT ACTIONS
- Analyze DONE jobs whose DV result is still UNKNOWN/pending.
- Continue incremental monitoring of RUN jobs.
- Triage EXIT/FAIL jobs and rerun fixed patterns when ready.
[reconciliation_cycle] discover_live_jobs failed: bjobs not found on PATH: [WinError 2] 系統找不到指定的檔案。
DV Agent Harness L5 - Periodic Regression Snapshot
Snapshot Time: 2026-09-05 05:40:29
SUMMARY: Total: 0

Job        Pattern / Combination                LSF        DV Analysis        UVM_ERR   UVM_FATAL  Agent Action / Note
----------------------------------------------------------------------------------------------------------------------------------

ATTENTION
- none

NEXT ACTIONS
- Analyze DONE jobs whose DV result is still UNKNOWN/pending.
- Continue incremental monitoring of RUN jobs.
- Triage EXIT/FAIL jobs and rerun fixed patterns when ready.
[reconciliation_cycle] discover_live_jobs failed: bjobs not found on PATH: [WinError 2] 系統找不到指定的檔案。
DV Agent Harness L5 - Periodic Regression Snapshot
Snapshot Time: 2026-09-05 05:45:29
SUMMARY: Total: 0

Job        Pattern / Combination                LSF        DV Analysis        UVM_ERR   UVM_FATAL  Agent Action / Note
----------------------------------------------------------------------------------------------------------------------------------

ATTENTION
- none

NEXT ACTIONS
- Analyze DONE jobs whose DV result is still UNKNOWN/pending.
- Continue incremental monitoring of RUN jobs.
- Triage EXIT/FAIL jobs and rerun fixed patterns when ready.
[reconciliation_cycle] discover_live_jobs failed: bjobs not found on PATH: [WinError 2] 系統找不到指定的檔案。
DV Agent Harness L5 - Periodic Regression Snapshot
Snapshot Time: 2026-09-05 05:50:29
SUMMARY: Total: 0

Job        Pattern / Combination                LSF        DV Analysis        UVM_ERR   UVM_FATAL  Agent Action / Note
----------------------------------------------------------------------------------------------------------------------------------

ATTENTION
- none

NEXT ACTIONS
- Analyze DONE jobs whose DV result is still UNKNOWN/pending.
- Continue incremental monitoring of RUN jobs.
- Triage EXIT/FAIL jobs and rerun fixed patterns when ready.
[reconciliation_cycle] discover_live_jobs failed: bjobs not found on PATH: [WinError 2] 系統找不到指定的檔案。
DV Agent Harness L5 - Periodic Regression Snapshot
Snapshot Time: 2026-09-05 05:55:29
SUMMARY: Total: 0

Job        Pattern / Combination                LSF        DV Analysis        UVM_ERR   UVM_FATAL  Agent Action / Note
----------------------------------------------------------------------------------------------------------------------------------

ATTENTION
- none

NEXT ACTIONS
- Analyze DONE jobs whose DV result is still UNKNOWN/pending.
- Continue incremental monitoring of RUN jobs.
- Triage EXIT/FAIL jobs and rerun fixed patterns when ready.
[reconciliation_cycle] discover_live_jobs failed: bjobs not found on PATH: [WinError 2] 系統找不到指定的檔案。
DV Agent Harness L5 - Periodic Regression Snapshot
Snapshot Time: 2026-09-05 06:00:29
SUMMARY: Total: 0

Job        Pattern / Combination                LSF        DV Analysis        UVM_ERR   UVM_FATAL  Agent Action / Note
----------------------------------------------------------------------------------------------------------------------------------

ATTENTION
- none

NEXT ACTIONS
- Analyze DONE jobs whose DV result is still UNKNOWN/pending.
- Continue incremental monitoring of RUN jobs.
- Triage EXIT/FAIL jobs and rerun fixed patterns when ready.
[reconciliation_cycle] discover_live_jobs failed: bjobs not found on PATH: [WinError 2] 系統找不到指定的檔案。
DV Agent Harness L5 - Periodic Regression Snapshot
Snapshot Time: 2026-09-05 06:05:29
SUMMARY: Total: 0

Job        Pattern / Combination                LSF        DV Analysis        UVM_ERR   UVM_FATAL  Agent Action / Note
----------------------------------------------------------------------------------------------------------------------------------

ATTENTION
- none

NEXT ACTIONS
- Analyze DONE jobs whose DV result is still UNKNOWN/pending.
- Continue incremental monitoring of RUN jobs.
- Triage EXIT/FAIL jobs and rerun fixed patterns when ready.
[reconciliation_cycle] discover_live_jobs failed: bjobs not found on PATH: [WinError 2] 系統找不到指定的檔案。
DV Agent Harness L5 - Periodic Regression Snapshot
Snapshot Time: 2026-09-05 06:10:29
SUMMARY: Total: 0

Job        Pattern / Combination                LSF        DV Analysis        UVM_ERR   UVM_FATAL  Agent Action / Note
----------------------------------------------------------------------------------------------------------------------------------

ATTENTION
- none

NEXT ACTIONS
- Analyze DONE jobs whose DV result is still UNKNOWN/pending.
- Continue incremental monitoring of RUN jobs.
- Triage EXIT/FAIL jobs and rerun fixed patterns when ready.
[reconciliation_cycle] discover_live_jobs failed: bjobs not found on PATH: [WinError 2] 系統找不到指定的檔案。
DV Agent Harness L5 - Periodic Regression Snapshot
Snapshot Time: 2026-09-05 06:15:29
SUMMARY: Total: 0

Job        Pattern / Combination                LSF        DV Analysis        UVM_ERR   UVM_FATAL  Agent Action / Note
----------------------------------------------------------------------------------------------------------------------------------

ATTENTION
- none

NEXT ACTIONS
- Analyze DONE jobs whose DV result is still UNKNOWN/pending.
- Continue incremental monitoring of RUN jobs.
- Triage EXIT/FAIL jobs and rerun fixed patterns when ready.
[reconciliation_cycle] discover_live_jobs failed: bjobs not found on PATH: [WinError 2] 系統找不到指定的檔案。
DV Agent Harness L5 - Periodic Regression Snapshot
Snapshot Time: 2026-09-05 06:20:29
SUMMARY: Total: 0

Job        Pattern / Combination                LSF        DV Analysis        UVM_ERR   UVM_FATAL  Agent Action / Note
----------------------------------------------------------------------------------------------------------------------------------

ATTENTION
- none

NEXT ACTIONS
- Analyze DONE jobs whose DV result is still UNKNOWN/pending.
- Continue incremental monitoring of RUN jobs.
- Triage EXIT/FAIL jobs and rerun fixed patterns when ready.
[reconciliation_cycle] discover_live_jobs failed: bjobs not found on PATH: [WinError 2] 系統找不到指定的檔案。
DV Agent Harness L5 - Periodic Regression Snapshot
Snapshot Time: 2026-09-05 06:25:29
SUMMARY: Total: 0

Job        Pattern / Combination                LSF        DV Analysis        UVM_ERR   UVM_FATAL  Agent Action / Note
----------------------------------------------------------------------------------------------------------------------------------

ATTENTION
- none

NEXT ACTIONS
- Analyze DONE jobs whose DV result is still UNKNOWN/pending.
- Continue incremental monitoring of RUN jobs.
- Triage EXIT/FAIL jobs and rerun fixed patterns when ready.
[reconciliation_cycle] discover_live_jobs failed: bjobs not found on PATH: [WinError 2] 系統找不到指定的檔案。
DV Agent Harness L5 - Periodic Regression Snapshot
Snapshot Time: 2026-09-05 06:30:29
SUMMARY: Total: 0

Job        Pattern / Combination                LSF        DV Analysis        UVM_ERR   UVM_FATAL  Agent Action / Note
----------------------------------------------------------------------------------------------------------------------------------

ATTENTION
- none

NEXT ACTIONS
- Analyze DONE jobs whose DV result is still UNKNOWN/pending.
- Continue incremental monitoring of RUN jobs.
- Triage EXIT/FAIL jobs and rerun fixed patterns when ready.
[reconciliation_cycle] discover_live_jobs failed: bjobs not found on PATH: [WinError 2] 系統找不到指定的檔案。
DV Agent Harness L5 - Periodic Regression Snapshot
Snapshot Time: 2026-09-05 06:35:29
SUMMARY: Total: 0

Job        Pattern / Combination                LSF        DV Analysis        UVM_ERR   UVM_FATAL  Agent Action / Note
----------------------------------------------------------------------------------------------------------------------------------

ATTENTION
- none

NEXT ACTIONS
- Analyze DONE jobs whose DV result is still UNKNOWN/pending.
- Continue incremental monitoring of RUN jobs.
- Triage EXIT/FAIL jobs and rerun fixed patterns when ready.
[reconciliation_cycle] discover_live_jobs failed: bjobs not found on PATH: [WinError 2] 系統找不到指定的檔案。
DV Agent Harness L5 - Periodic Regression Snapshot
Snapshot Time: 2026-09-05 06:40:29
SUMMARY: Total: 0

Job        Pattern / Combination                LSF        DV Analysis        UVM_ERR   UVM_FATAL  Agent Action / Note
----------------------------------------------------------------------------------------------------------------------------------

ATTENTION
- none

NEXT ACTIONS
- Analyze DONE jobs whose DV result is still UNKNOWN/pending.
- Continue incremental monitoring of RUN jobs.
- Triage EXIT/FAIL jobs and rerun fixed patterns when ready.
[reconciliation_cycle] discover_live_jobs failed: bjobs not found on PATH: [WinError 2] 系統找不到指定的檔案。
DV Agent Harness L5 - Periodic Regression Snapshot
Snapshot Time: 2026-09-05 06:45:29
SUMMARY: Total: 0

Job        Pattern / Combination                LSF        DV Analysis        UVM_ERR   UVM_FATAL  Agent Action / Note
----------------------------------------------------------------------------------------------------------------------------------

ATTENTION
- none

NEXT ACTIONS
- Analyze DONE jobs whose DV result is still UNKNOWN/pending.
- Continue incremental monitoring of RUN jobs.
- Triage EXIT/FAIL jobs and rerun fixed patterns when ready.
[reconciliation_cycle] discover_live_jobs failed: bjobs not found on PATH: [WinError 2] 系統找不到指定的檔案。
DV Agent Harness L5 - Periodic Regression Snapshot
Snapshot Time: 2026-09-05 06:50:30
SUMMARY: Total: 0

Job        Pattern / Combination                LSF        DV Analysis        UVM_ERR   UVM_FATAL  Agent Action / Note
----------------------------------------------------------------------------------------------------------------------------------

ATTENTION
- none

NEXT ACTIONS
- Analyze DONE jobs whose DV result is still UNKNOWN/pending.
- Continue incremental monitoring of RUN jobs.
- Triage EXIT/FAIL jobs and rerun fixed patterns when ready.
[reconciliation_cycle] discover_live_jobs failed: bjobs not found on PATH: [WinError 2] 系統找不到指定的檔案。
DV Agent Harness L5 - Periodic Regression Snapshot
Snapshot Time: 2026-09-05 06:55:30
SUMMARY: Total: 0

Job        Pattern / Combination                LSF        DV Analysis        UVM_ERR   UVM_FATAL  Agent Action / Note
----------------------------------------------------------------------------------------------------------------------------------

ATTENTION
- none

NEXT ACTIONS
- Analyze DONE jobs whose DV result is still UNKNOWN/pending.
- Continue incremental monitoring of RUN jobs.
- Triage EXIT/FAIL jobs and rerun fixed patterns when ready.
[reconciliation_cycle] discover_live_jobs failed: bjobs not found on PATH: [WinError 2] 系統找不到指定的檔案。
DV Agent Harness L5 - Periodic Regression Snapshot
Snapshot Time: 2026-09-05 07:00:30
SUMMARY: Total: 0

Job        Pattern / Combination                LSF        DV Analysis        UVM_ERR   UVM_FATAL  Agent Action / Note
----------------------------------------------------------------------------------------------------------------------------------

ATTENTION
- none

NEXT ACTIONS
- Analyze DONE jobs whose DV result is still UNKNOWN/pending.
- Continue incremental monitoring of RUN jobs.
- Triage EXIT/FAIL jobs and rerun fixed patterns when ready.
[reconciliation_cycle] discover_live_jobs failed: bjobs not found on PATH: [WinError 2] 系統找不到指定的檔案。
DV Agent Harness L5 - Periodic Regression Snapshot
Snapshot Time: 2026-09-05 07:05:30
SUMMARY: Total: 0

Job        Pattern / Combination                LSF        DV Analysis        UVM_ERR   UVM_FATAL  Agent Action / Note
----------------------------------------------------------------------------------------------------------------------------------

ATTENTION
- none

NEXT ACTIONS
- Analyze DONE jobs whose DV result is still UNKNOWN/pending.
- Continue incremental monitoring of RUN jobs.
- Triage EXIT/FAIL jobs and rerun fixed patterns when ready.
[reconciliation_cycle] discover_live_jobs failed: bjobs not found on PATH: [WinError 2] 系統找不到指定的檔案。
DV Agent Harness L5 - Periodic Regression Snapshot
Snapshot Time: 2026-09-05 07:10:30
SUMMARY: Total: 0

Job        Pattern / Combination                LSF        DV Analysis        UVM_ERR   UVM_FATAL  Agent Action / Note
----------------------------------------------------------------------------------------------------------------------------------

ATTENTION
- none

NEXT ACTIONS
- Analyze DONE jobs whose DV result is still UNKNOWN/pending.
- Continue incremental monitoring of RUN jobs.
- Triage EXIT/FAIL jobs and rerun fixed patterns when ready.
[reconciliation_cycle] discover_live_jobs failed: bjobs not found on PATH: [WinError 2] 系統找不到指定的檔案。
DV Agent Harness L5 - Periodic Regression Snapshot
Snapshot Time: 2026-09-05 07:15:30
SUMMARY: Total: 0

Job        Pattern / Combination                LSF        DV Analysis        UVM_ERR   UVM_FATAL  Agent Action / Note
----------------------------------------------------------------------------------------------------------------------------------

ATTENTION
- none

NEXT ACTIONS
- Analyze DONE jobs whose DV result is still UNKNOWN/pending.
- Continue incremental monitoring of RUN jobs.
- Triage EXIT/FAIL jobs and rerun fixed patterns when ready.
[reconciliation_cycle] discover_live_jobs failed: bjobs not found on PATH: [WinError 2] 系統找不到指定的檔案。
DV Agent Harness L5 - Periodic Regression Snapshot
Snapshot Time: 2026-09-05 07:20:30
SUMMARY: Total: 0

Job        Pattern / Combination                LSF        DV Analysis        UVM_ERR   UVM_FATAL  Agent Action / Note
----------------------------------------------------------------------------------------------------------------------------------

ATTENTION
- none

NEXT ACTIONS
- Analyze DONE jobs whose DV result is still UNKNOWN/pending.
- Continue incremental monitoring of RUN jobs.
- Triage EXIT/FAIL jobs and rerun fixed patterns when ready.
[reconciliation_cycle] discover_live_jobs failed: bjobs not found on PATH: [WinError 2] 系統找不到指定的檔案。
DV Agent Harness L5 - Periodic Regression Snapshot
Snapshot Time: 2026-09-05 07:25:30
SUMMARY: Total: 0

Job        Pattern / Combination                LSF        DV Analysis        UVM_ERR   UVM_FATAL  Agent Action / Note
----------------------------------------------------------------------------------------------------------------------------------

ATTENTION
- none

NEXT ACTIONS
- Analyze DONE jobs whose DV result is still UNKNOWN/pending.
- Continue incremental monitoring of RUN jobs.
- Triage EXIT/FAIL jobs and rerun fixed patterns when ready.
[reconciliation_cycle] discover_live_jobs failed: bjobs not found on PATH: [WinError 2] 系統找不到指定的檔案。
DV Agent Harness L5 - Periodic Regression Snapshot
Snapshot Time: 2026-09-05 07:30:30
SUMMARY: Total: 0

Job        Pattern / Combination                LSF        DV Analysis        UVM_ERR   UVM_FATAL  Agent Action / Note
----------------------------------------------------------------------------------------------------------------------------------

ATTENTION
- none

NEXT ACTIONS
- Analyze DONE jobs whose DV result is still UNKNOWN/pending.
- Continue incremental monitoring of RUN jobs.
- Triage EXIT/FAIL jobs and rerun fixed patterns when ready.
[reconciliation_cycle] discover_live_jobs failed: bjobs not found on PATH: [WinError 2] 系統找不到指定的檔案。
DV Agent Harness L5 - Periodic Regression Snapshot
Snapshot Time: 2026-09-05 07:35:30
SUMMARY: Total: 0

Job        Pattern / Combination                LSF        DV Analysis        UVM_ERR   UVM_FATAL  Agent Action / Note
----------------------------------------------------------------------------------------------------------------------------------

ATTENTION
- none

NEXT ACTIONS
- Analyze DONE jobs whose DV result is still UNKNOWN/pending.
- Continue incremental monitoring of RUN jobs.
- Triage EXIT/FAIL jobs and rerun fixed patterns when ready.
[reconciliation_cycle] discover_live_jobs failed: bjobs not found on PATH: [WinError 2] 系統找不到指定的檔案。
DV Agent Harness L5 - Periodic Regression Snapshot
Snapshot Time: 2026-09-05 07:40:30
SUMMARY: Total: 0

Job        Pattern / Combination                LSF        DV Analysis        UVM_ERR   UVM_FATAL  Agent Action / Note
----------------------------------------------------------------------------------------------------------------------------------

ATTENTION
- none

NEXT ACTIONS
- Analyze DONE jobs whose DV result is still UNKNOWN/pending.
- Continue incremental monitoring of RUN jobs.
- Triage EXIT/FAIL jobs and rerun fixed patterns when ready.
[reconciliation_cycle] discover_live_jobs failed: bjobs not found on PATH: [WinError 2] 系統找不到指定的檔案。
DV Agent Harness L5 - Periodic Regression Snapshot
Snapshot Time: 2026-09-05 07:45:30
SUMMARY: Total: 0

Job        Pattern / Combination                LSF        DV Analysis        UVM_ERR   UVM_FATAL  Agent Action / Note
----------------------------------------------------------------------------------------------------------------------------------

ATTENTION
- none

NEXT ACTIONS
- Analyze DONE jobs whose DV result is still UNKNOWN/pending.
- Continue incremental monitoring of RUN jobs.
- Triage EXIT/FAIL jobs and rerun fixed patterns when ready.
[reconciliation_cycle] discover_live_jobs failed: bjobs not found on PATH: [WinError 2] 系統找不到指定的檔案。
DV Agent Harness L5 - Periodic Regression Snapshot
Snapshot Time: 2026-09-05 07:50:30
SUMMARY: Total: 0

Job        Pattern / Combination                LSF        DV Analysis        UVM_ERR   UVM_FATAL  Agent Action / Note
----------------------------------------------------------------------------------------------------------------------------------

ATTENTION
- none

NEXT ACTIONS
- Analyze DONE jobs whose DV result is still UNKNOWN/pending.
- Continue incremental monitoring of RUN jobs.
- Triage EXIT/FAIL jobs and rerun fixed patterns when ready.
[reconciliation_cycle] discover_live_jobs failed: bjobs not found on PATH: [WinError 2] 系統找不到指定的檔案。
DV Agent Harness L5 - Periodic Regression Snapshot
Snapshot Time: 2026-09-05 07:55:30
SUMMARY: Total: 0

Job        Pattern / Combination                LSF        DV Analysis        UVM_ERR   UVM_FATAL  Agent Action / Note
----------------------------------------------------------------------------------------------------------------------------------

ATTENTION
- none

NEXT ACTIONS
- Analyze DONE jobs whose DV result is still UNKNOWN/pending.
- Continue incremental monitoring of RUN jobs.
- Triage EXIT/FAIL jobs and rerun fixed patterns when ready.
[reconciliation_cycle] discover_live_jobs failed: bjobs not found on PATH: [WinError 2] 系統找不到指定的檔案。
DV Agent Harness L5 - Periodic Regression Snapshot
Snapshot Time: 2026-09-05 08:00:30
SUMMARY: Total: 0

Job        Pattern / Combination                LSF        DV Analysis        UVM_ERR   UVM_FATAL  Agent Action / Note
----------------------------------------------------------------------------------------------------------------------------------

ATTENTION
- none

NEXT ACTIONS
- Analyze DONE jobs whose DV result is still UNKNOWN/pending.
- Continue incremental monitoring of RUN jobs.
- Triage EXIT/FAIL jobs and rerun fixed patterns when ready.
[reconciliation_cycle] discover_live_jobs failed: bjobs not found on PATH: [WinError 2] 系統找不到指定的檔案。
DV Agent Harness L5 - Periodic Regression Snapshot
Snapshot Time: 2026-09-05 08:05:30
SUMMARY: Total: 0

Job        Pattern / Combination                LSF        DV Analysis        UVM_ERR   UVM_FATAL  Agent Action / Note
----------------------------------------------------------------------------------------------------------------------------------

ATTENTION
- none

NEXT ACTIONS
- Analyze DONE jobs whose DV result is still UNKNOWN/pending.
- Continue incremental monitoring of RUN jobs.
- Triage EXIT/FAIL jobs and rerun fixed patterns when ready.
[reconciliation_cycle] discover_live_jobs failed: bjobs not found on PATH: [WinError 2] 系統找不到指定的檔案。
DV Agent Harness L5 - Periodic Regression Snapshot
Snapshot Time: 2026-09-05 08:10:31
SUMMARY: Total: 0

Job        Pattern / Combination                LSF        DV Analysis        UVM_ERR   UVM_FATAL  Agent Action / Note
----------------------------------------------------------------------------------------------------------------------------------

ATTENTION
- none

NEXT ACTIONS
- Analyze DONE jobs whose DV result is still UNKNOWN/pending.
- Continue incremental monitoring of RUN jobs.
- Triage EXIT/FAIL jobs and rerun fixed patterns when ready.
[reconciliation_cycle] discover_live_jobs failed: bjobs not found on PATH: [WinError 2] 系統找不到指定的檔案。
DV Agent Harness L5 - Periodic Regression Snapshot
Snapshot Time: 2026-09-05 08:15:31
SUMMARY: Total: 0

Job        Pattern / Combination                LSF        DV Analysis        UVM_ERR   UVM_FATAL  Agent Action / Note
----------------------------------------------------------------------------------------------------------------------------------

ATTENTION
- none

NEXT ACTIONS
- Analyze DONE jobs whose DV result is still UNKNOWN/pending.
- Continue incremental monitoring of RUN jobs.
- Triage EXIT/FAIL jobs and rerun fixed patterns when ready.
[reconciliation_cycle] discover_live_jobs failed: bjobs not found on PATH: [WinError 2] 系統找不到指定的檔案。
DV Agent Harness L5 - Periodic Regression Snapshot
Snapshot Time: 2026-09-05 08:20:31
SUMMARY: Total: 0

Job        Pattern / Combination                LSF        DV Analysis        UVM_ERR   UVM_FATAL  Agent Action / Note
----------------------------------------------------------------------------------------------------------------------------------

ATTENTION
- none

NEXT ACTIONS
- Analyze DONE jobs whose DV result is still UNKNOWN/pending.
- Continue incremental monitoring of RUN jobs.
- Triage EXIT/FAIL jobs and rerun fixed patterns when ready.
[reconciliation_cycle] discover_live_jobs failed: bjobs not found on PATH: [WinError 2] 系統找不到指定的檔案。
DV Agent Harness L5 - Periodic Regression Snapshot
Snapshot Time: 2026-09-05 08:25:31
SUMMARY: Total: 0

Job        Pattern / Combination                LSF        DV Analysis        UVM_ERR   UVM_FATAL  Agent Action / Note
----------------------------------------------------------------------------------------------------------------------------------

ATTENTION
- none

NEXT ACTIONS
- Analyze DONE jobs whose DV result is still UNKNOWN/pending.
- Continue incremental monitoring of RUN jobs.
- Triage EXIT/FAIL jobs and rerun fixed patterns when ready.
[reconciliation_cycle] discover_live_jobs failed: bjobs not found on PATH: [WinError 2] 系統找不到指定的檔案。
DV Agent Harness L5 - Periodic Regression Snapshot
Snapshot Time: 2026-09-05 08:30:31
SUMMARY: Total: 0

Job        Pattern / Combination                LSF        DV Analysis        UVM_ERR   UVM_FATAL  Agent Action / Note
----------------------------------------------------------------------------------------------------------------------------------

ATTENTION
- none

NEXT ACTIONS
- Analyze DONE jobs whose DV result is still UNKNOWN/pending.
- Continue incremental monitoring of RUN jobs.
- Triage EXIT/FAIL jobs and rerun fixed patterns when ready.
[reconciliation_cycle] discover_live_jobs failed: bjobs not found on PATH: [WinError 2] 系統找不到指定的檔案。
DV Agent Harness L5 - Periodic Regression Snapshot
Snapshot Time: 2026-09-05 08:35:31
SUMMARY: Total: 0

Job        Pattern / Combination                LSF        DV Analysis        UVM_ERR   UVM_FATAL  Agent Action / Note
----------------------------------------------------------------------------------------------------------------------------------

ATTENTION
- none

NEXT ACTIONS
- Analyze DONE jobs whose DV result is still UNKNOWN/pending.
- Continue incremental monitoring of RUN jobs.
- Triage EXIT/FAIL jobs and rerun fixed patterns when ready.
[reconciliation_cycle] discover_live_jobs failed: bjobs not found on PATH: [WinError 2] 系統找不到指定的檔案。
DV Agent Harness L5 - Periodic Regression Snapshot
Snapshot Time: 2026-09-05 08:40:31
SUMMARY: Total: 0

Job        Pattern / Combination                LSF        DV Analysis        UVM_ERR   UVM_FATAL  Agent Action / Note
----------------------------------------------------------------------------------------------------------------------------------

ATTENTION
- none

NEXT ACTIONS
- Analyze DONE jobs whose DV result is still UNKNOWN/pending.
- Continue incremental monitoring of RUN jobs.
- Triage EXIT/FAIL jobs and rerun fixed patterns when ready.
[reconciliation_cycle] discover_live_jobs failed: bjobs not found on PATH: [WinError 2] 系統找不到指定的檔案。
DV Agent Harness L5 - Periodic Regression Snapshot
Snapshot Time: 2026-09-05 08:45:31
SUMMARY: Total: 0

Job        Pattern / Combination                LSF        DV Analysis        UVM_ERR   UVM_FATAL  Agent Action / Note
----------------------------------------------------------------------------------------------------------------------------------

ATTENTION
- none

NEXT ACTIONS
- Analyze DONE jobs whose DV result is still UNKNOWN/pending.
- Continue incremental monitoring of RUN jobs.
- Triage EXIT/FAIL jobs and rerun fixed patterns when ready.
[reconciliation_cycle] discover_live_jobs failed: bjobs not found on PATH: [WinError 2] 系統找不到指定的檔案。
DV Agent Harness L5 - Periodic Regression Snapshot
Snapshot Time: 2026-09-05 08:50:31
SUMMARY: Total: 0

Job        Pattern / Combination                LSF        DV Analysis        UVM_ERR   UVM_FATAL  Agent Action / Note
----------------------------------------------------------------------------------------------------------------------------------

ATTENTION
- none

NEXT ACTIONS
- Analyze DONE jobs whose DV result is still UNKNOWN/pending.
- Continue incremental monitoring of RUN jobs.
- Triage EXIT/FAIL jobs and rerun fixed patterns when ready.
[reconciliation_cycle] discover_live_jobs failed: bjobs not found on PATH: [WinError 2] 系統找不到指定的檔案。
DV Agent Harness L5 - Periodic Regression Snapshot
Snapshot Time: 2026-09-05 08:55:31
SUMMARY: Total: 0

Job        Pattern / Combination                LSF        DV Analysis        UVM_ERR   UVM_FATAL  Agent Action / Note
----------------------------------------------------------------------------------------------------------------------------------

ATTENTION
- none

NEXT ACTIONS
- Analyze DONE jobs whose DV result is still UNKNOWN/pending.
- Continue incremental monitoring of RUN jobs.
- Triage EXIT/FAIL jobs and rerun fixed patterns when ready.
[reconciliation_cycle] discover_live_jobs failed: bjobs not found on PATH: [WinError 2] 系統找不到指定的檔案。
DV Agent Harness L5 - Periodic Regression Snapshot
Snapshot Time: 2026-09-05 09:00:31
SUMMARY: Total: 0

Job        Pattern / Combination                LSF        DV Analysis        UVM_ERR   UVM_FATAL  Agent Action / Note
----------------------------------------------------------------------------------------------------------------------------------

ATTENTION
- none

NEXT ACTIONS
- Analyze DONE jobs whose DV result is still UNKNOWN/pending.
- Continue incremental monitoring of RUN jobs.
- Triage EXIT/FAIL jobs and rerun fixed patterns when ready.
[reconciliation_cycle] discover_live_jobs failed: bjobs not found on PATH: [WinError 2] 系統找不到指定的檔案。
DV Agent Harness L5 - Periodic Regression Snapshot
Snapshot Time: 2026-09-05 09:05:31
SUMMARY: Total: 0

Job        Pattern / Combination                LSF        DV Analysis        UVM_ERR   UVM_FATAL  Agent Action / Note
----------------------------------------------------------------------------------------------------------------------------------

ATTENTION
- none

NEXT ACTIONS
- Analyze DONE jobs whose DV result is still UNKNOWN/pending.
- Continue incremental monitoring of RUN jobs.
- Triage EXIT/FAIL jobs and rerun fixed patterns when ready.
[reconciliation_cycle] discover_live_jobs failed: bjobs not found on PATH: [WinError 2] 系統找不到指定的檔案。
DV Agent Harness L5 - Periodic Regression Snapshot
Snapshot Time: 2026-09-05 09:10:31
SUMMARY: Total: 0

Job        Pattern / Combination                LSF        DV Analysis        UVM_ERR   UVM_FATAL  Agent Action / Note
----------------------------------------------------------------------------------------------------------------------------------

ATTENTION
- none

NEXT ACTIONS
- Analyze DONE jobs whose DV result is still UNKNOWN/pending.
- Continue incremental monitoring of RUN jobs.
- Triage EXIT/FAIL jobs and rerun fixed patterns when ready.
[reconciliation_cycle] discover_live_jobs failed: bjobs not found on PATH: [WinError 2] 系統找不到指定的檔案。
DV Agent Harness L5 - Periodic Regression Snapshot
Snapshot Time: 2026-09-05 09:15:31
SUMMARY: Total: 0

Job        Pattern / Combination                LSF        DV Analysis        UVM_ERR   UVM_FATAL  Agent Action / Note
----------------------------------------------------------------------------------------------------------------------------------

ATTENTION
- none

NEXT ACTIONS
- Analyze DONE jobs whose DV result is still UNKNOWN/pending.
- Continue incremental monitoring of RUN jobs.
- Triage EXIT/FAIL jobs and rerun fixed patterns when ready.
[reconciliation_cycle] discover_live_jobs failed: bjobs not found on PATH: [WinError 2] 系統找不到指定的檔案。
DV Agent Harness L5 - Periodic Regression Snapshot
Snapshot Time: 2026-09-05 09:20:31
SUMMARY: Total: 0

Job        Pattern / Combination                LSF        DV Analysis        UVM_ERR   UVM_FATAL  Agent Action / Note
----------------------------------------------------------------------------------------------------------------------------------

ATTENTION
- none

NEXT ACTIONS
- Analyze DONE jobs whose DV result is still UNKNOWN/pending.
- Continue incremental monitoring of RUN jobs.
- Triage EXIT/FAIL jobs and rerun fixed patterns when ready.
[reconciliation_cycle] discover_live_jobs failed: bjobs not found on PATH: [WinError 2] 系統找不到指定的檔案。
DV Agent Harness L5 - Periodic Regression Snapshot
Snapshot Time: 2026-09-05 09:25:31
SUMMARY: Total: 0

Job        Pattern / Combination                LSF        DV Analysis        UVM_ERR   UVM_FATAL  Agent Action / Note
----------------------------------------------------------------------------------------------------------------------------------

ATTENTION
- none

NEXT ACTIONS
- Analyze DONE jobs whose DV result is still UNKNOWN/pending.
- Continue incremental monitoring of RUN jobs.
- Triage EXIT/FAIL jobs and rerun fixed patterns when ready.
[reconciliation_cycle] discover_live_jobs failed: bjobs not found on PATH: [WinError 2] 系統找不到指定的檔案。
DV Agent Harness L5 - Periodic Regression Snapshot
Snapshot Time: 2026-09-05 09:30:31
SUMMARY: Total: 0

Job        Pattern / Combination                LSF        DV Analysis        UVM_ERR   UVM_FATAL  Agent Action / Note
----------------------------------------------------------------------------------------------------------------------------------

ATTENTION
- none

NEXT ACTIONS
- Analyze DONE jobs whose DV result is still UNKNOWN/pending.
- Continue incremental monitoring of RUN jobs.
- Triage EXIT/FAIL jobs and rerun fixed patterns when ready.
[reconciliation_cycle] discover_live_jobs failed: bjobs not found on PATH: [WinError 2] 系統找不到指定的檔案。
DV Agent Harness L5 - Periodic Regression Snapshot
Snapshot Time: 2026-09-05 09:35:31
SUMMARY: Total: 0

Job        Pattern / Combination                LSF        DV Analysis        UVM_ERR   UVM_FATAL  Agent Action / Note
----------------------------------------------------------------------------------------------------------------------------------

ATTENTION
- none

NEXT ACTIONS
- Analyze DONE jobs whose DV result is still UNKNOWN/pending.
- Continue incremental monitoring of RUN jobs.
- Triage EXIT/FAIL jobs and rerun fixed patterns when ready.
[reconciliation_cycle] discover_live_jobs failed: bjobs not found on PATH: [WinError 2] 系統找不到指定的檔案。
DV Agent Harness L5 - Periodic Regression Snapshot
Snapshot Time: 2026-09-05 09:40:31
SUMMARY: Total: 0

Job        Pattern / Combination                LSF        DV Analysis        UVM_ERR   UVM_FATAL  Agent Action / Note
----------------------------------------------------------------------------------------------------------------------------------

ATTENTION
- none

NEXT ACTIONS
- Analyze DONE jobs whose DV result is still UNKNOWN/pending.
- Continue incremental monitoring of RUN jobs.
- Triage EXIT/FAIL jobs and rerun fixed patterns when ready.
[reconciliation_cycle] discover_live_jobs failed: bjobs not found on PATH: [WinError 2] 系統找不到指定的檔案。
DV Agent Harness L5 - Periodic Regression Snapshot
Snapshot Time: 2026-09-05 09:45:32
SUMMARY: Total: 0

Job        Pattern / Combination                LSF        DV Analysis        UVM_ERR   UVM_FATAL  Agent Action / Note
----------------------------------------------------------------------------------------------------------------------------------

ATTENTION
- none

NEXT ACTIONS
- Analyze DONE jobs whose DV result is still UNKNOWN/pending.
- Continue incremental monitoring of RUN jobs.
- Triage EXIT/FAIL jobs and rerun fixed patterns when ready.
[reconciliation_cycle] discover_live_jobs failed: bjobs not found on PATH: [WinError 2] 系統找不到指定的檔案。
DV Agent Harness L5 - Periodic Regression Snapshot
Snapshot Time: 2026-09-05 09:50:32
SUMMARY: Total: 0

Job        Pattern / Combination                LSF        DV Analysis        UVM_ERR   UVM_FATAL  Agent Action / Note
----------------------------------------------------------------------------------------------------------------------------------

ATTENTION
- none

NEXT ACTIONS
- Analyze DONE jobs whose DV result is still UNKNOWN/pending.
- Continue incremental monitoring of RUN jobs.
- Triage EXIT/FAIL jobs and rerun fixed patterns when ready.
[reconciliation_cycle] discover_live_jobs failed: bjobs not found on PATH: [WinError 2] 系統找不到指定的檔案。
DV Agent Harness L5 - Periodic Regression Snapshot
Snapshot Time: 2026-09-05 09:55:32
SUMMARY: Total: 0

Job        Pattern / Combination                LSF        DV Analysis        UVM_ERR   UVM_FATAL  Agent Action / Note
----------------------------------------------------------------------------------------------------------------------------------

ATTENTION
- none

NEXT ACTIONS
- Analyze DONE jobs whose DV result is still UNKNOWN/pending.
- Continue incremental monitoring of RUN jobs.
- Triage EXIT/FAIL jobs and rerun fixed patterns when ready.
[reconciliation_cycle] discover_live_jobs failed: bjobs not found on PATH: [WinError 2] 系統找不到指定的檔案。
DV Agent Harness L5 - Periodic Regression Snapshot
Snapshot Time: 2026-09-05 10:00:32
SUMMARY: Total: 0

Job        Pattern / Combination                LSF        DV Analysis        UVM_ERR   UVM_FATAL  Agent Action / Note
----------------------------------------------------------------------------------------------------------------------------------

ATTENTION
- none

NEXT ACTIONS
- Analyze DONE jobs whose DV result is still UNKNOWN/pending.
- Continue incremental monitoring of RUN jobs.
- Triage EXIT/FAIL jobs and rerun fixed patterns when ready.
[reconciliation_cycle] discover_live_jobs failed: bjobs not found on PATH: [WinError 2] 系統找不到指定的檔案。
DV Agent Harness L5 - Periodic Regression Snapshot
Snapshot Time: 2026-09-05 10:05:32
SUMMARY: Total: 0

Job        Pattern / Combination                LSF        DV Analysis        UVM_ERR   UVM_FATAL  Agent Action / Note
----------------------------------------------------------------------------------------------------------------------------------

ATTENTION
- none

NEXT ACTIONS
- Analyze DONE jobs whose DV result is still UNKNOWN/pending.
- Continue incremental monitoring of RUN jobs.
- Triage EXIT/FAIL jobs and rerun fixed patterns when ready.
[reconciliation_cycle] discover_live_jobs failed: bjobs not found on PATH: [WinError 2] 系統找不到指定的檔案。
DV Agent Harness L5 - Periodic Regression Snapshot
Snapshot Time: 2026-09-05 10:10:32
SUMMARY: Total: 0

Job        Pattern / Combination                LSF        DV Analysis        UVM_ERR   UVM_FATAL  Agent Action / Note
----------------------------------------------------------------------------------------------------------------------------------

ATTENTION
- none

NEXT ACTIONS
- Analyze DONE jobs whose DV result is still UNKNOWN/pending.
- Continue incremental monitoring of RUN jobs.
- Triage EXIT/FAIL jobs and rerun fixed patterns when ready.
[reconciliation_cycle] discover_live_jobs failed: bjobs not found on PATH: [WinError 2] 系統找不到指定的檔案。
DV Agent Harness L5 - Periodic Regression Snapshot
Snapshot Time: 2026-09-05 10:15:32
SUMMARY: Total: 0

Job        Pattern / Combination                LSF        DV Analysis        UVM_ERR   UVM_FATAL  Agent Action / Note
----------------------------------------------------------------------------------------------------------------------------------

ATTENTION
- none

NEXT ACTIONS
- Analyze DONE jobs whose DV result is still UNKNOWN/pending.
- Continue incremental monitoring of RUN jobs.
- Triage EXIT/FAIL jobs and rerun fixed patterns when ready.
[reconciliation_cycle] discover_live_jobs failed: bjobs not found on PATH: [WinError 2] 系統找不到指定的檔案。
DV Agent Harness L5 - Periodic Regression Snapshot
Snapshot Time: 2026-09-05 10:20:32
SUMMARY: Total: 0

Job        Pattern / Combination                LSF        DV Analysis        UVM_ERR   UVM_FATAL  Agent Action / Note
----------------------------------------------------------------------------------------------------------------------------------

ATTENTION
- none

NEXT ACTIONS
- Analyze DONE jobs whose DV result is still UNKNOWN/pending.
- Continue incremental monitoring of RUN jobs.
- Triage EXIT/FAIL jobs and rerun fixed patterns when ready.
[reconciliation_cycle] discover_live_jobs failed: bjobs not found on PATH: [WinError 2] 系統找不到指定的檔案。
DV Agent Harness L5 - Periodic Regression Snapshot
Snapshot Time: 2026-09-05 10:25:32
SUMMARY: Total: 0

Job        Pattern / Combination                LSF        DV Analysis        UVM_ERR   UVM_FATAL  Agent Action / Note
----------------------------------------------------------------------------------------------------------------------------------

ATTENTION
- none

NEXT ACTIONS
- Analyze DONE jobs whose DV result is still UNKNOWN/pending.
- Continue incremental monitoring of RUN jobs.
- Triage EXIT/FAIL jobs and rerun fixed patterns when ready.
[reconciliation_cycle] discover_live_jobs failed: bjobs not found on PATH: [WinError 2] 系統找不到指定的檔案。
DV Agent Harness L5 - Periodic Regression Snapshot
Snapshot Time: 2026-09-05 10:30:32
SUMMARY: Total: 0

Job        Pattern / Combination                LSF        DV Analysis        UVM_ERR   UVM_FATAL  Agent Action / Note
----------------------------------------------------------------------------------------------------------------------------------

ATTENTION
- none

NEXT ACTIONS
- Analyze DONE jobs whose DV result is still UNKNOWN/pending.
- Continue incremental monitoring of RUN jobs.
- Triage EXIT/FAIL jobs and rerun fixed patterns when ready.
[reconciliation_cycle] discover_live_jobs failed: bjobs not found on PATH: [WinError 2] 系統找不到指定的檔案。
DV Agent Harness L5 - Periodic Regression Snapshot
Snapshot Time: 2026-09-05 10:35:32
SUMMARY: Total: 0

Job        Pattern / Combination                LSF        DV Analysis        UVM_ERR   UVM_FATAL  Agent Action / Note
----------------------------------------------------------------------------------------------------------------------------------

ATTENTION
- none

NEXT ACTIONS
- Analyze DONE jobs whose DV result is still UNKNOWN/pending.
- Continue incremental monitoring of RUN jobs.
- Triage EXIT/FAIL jobs and rerun fixed patterns when ready.
[reconciliation_cycle] discover_live_jobs failed: bjobs not found on PATH: [WinError 2] 系統找不到指定的檔案。
DV Agent Harness L5 - Periodic Regression Snapshot
Snapshot Time: 2026-09-05 10:40:33
SUMMARY: Total: 0

Job        Pattern / Combination                LSF        DV Analysis        UVM_ERR   UVM_FATAL  Agent Action / Note
----------------------------------------------------------------------------------------------------------------------------------

ATTENTION
- none

NEXT ACTIONS
- Analyze DONE jobs whose DV result is still UNKNOWN/pending.
- Continue incremental monitoring of RUN jobs.
- Triage EXIT/FAIL jobs and rerun fixed patterns when ready.
[reconciliation_cycle] discover_live_jobs failed: bjobs not found on PATH: [WinError 2] 系統找不到指定的檔案。
DV Agent Harness L5 - Periodic Regression Snapshot
Snapshot Time: 2026-09-05 10:45:33
SUMMARY: Total: 0

Job        Pattern / Combination                LSF        DV Analysis        UVM_ERR   UVM_FATAL  Agent Action / Note
----------------------------------------------------------------------------------------------------------------------------------

ATTENTION
- none

NEXT ACTIONS
- Analyze DONE jobs whose DV result is still UNKNOWN/pending.
- Continue incremental monitoring of RUN jobs.
- Triage EXIT/FAIL jobs and rerun fixed patterns when ready.
[reconciliation_cycle] discover_live_jobs failed: bjobs not found on PATH: [WinError 2] 系統找不到指定的檔案。
DV Agent Harness L5 - Periodic Regression Snapshot
Snapshot Time: 2026-09-05 10:50:33
SUMMARY: Total: 0

Job        Pattern / Combination                LSF        DV Analysis        UVM_ERR   UVM_FATAL  Agent Action / Note
----------------------------------------------------------------------------------------------------------------------------------

ATTENTION
- none

NEXT ACTIONS
- Analyze DONE jobs whose DV result is still UNKNOWN/pending.
- Continue incremental monitoring of RUN jobs.
- Triage EXIT/FAIL jobs and rerun fixed patterns when ready.
[reconciliation_cycle] discover_live_jobs failed: bjobs not found on PATH: [WinError 2] 系統找不到指定的檔案。
DV Agent Harness L5 - Periodic Regression Snapshot
Snapshot Time: 2026-09-05 10:55:33
SUMMARY: Total: 0

Job        Pattern / Combination                LSF        DV Analysis        UVM_ERR   UVM_FATAL  Agent Action / Note
----------------------------------------------------------------------------------------------------------------------------------

ATTENTION
- none

NEXT ACTIONS
- Analyze DONE jobs whose DV result is still UNKNOWN/pending.
- Continue incremental monitoring of RUN jobs.
- Triage EXIT/FAIL jobs and rerun fixed patterns when ready.
[reconciliation_cycle] discover_live_jobs failed: bjobs not found on PATH: [WinError 2] 系統找不到指定的檔案。
DV Agent Harness L5 - Periodic Regression Snapshot
Snapshot Time: 2026-09-05 11:00:33
SUMMARY: Total: 0

Job        Pattern / Combination                LSF        DV Analysis        UVM_ERR   UVM_FATAL  Agent Action / Note
----------------------------------------------------------------------------------------------------------------------------------

ATTENTION
- none

NEXT ACTIONS
- Analyze DONE jobs whose DV result is still UNKNOWN/pending.
- Continue incremental monitoring of RUN jobs.
- Triage EXIT/FAIL jobs and rerun fixed patterns when ready.
[reconciliation_cycle] discover_live_jobs failed: bjobs not found on PATH: [WinError 2] 系統找不到指定的檔案。
DV Agent Harness L5 - Periodic Regression Snapshot
Snapshot Time: 2026-09-05 11:05:33
SUMMARY: Total: 0

Job        Pattern / Combination                LSF        DV Analysis        UVM_ERR   UVM_FATAL  Agent Action / Note
----------------------------------------------------------------------------------------------------------------------------------

ATTENTION
- none

NEXT ACTIONS
- Analyze DONE jobs whose DV result is still UNKNOWN/pending.
- Continue incremental monitoring of RUN jobs.
- Triage EXIT/FAIL jobs and rerun fixed patterns when ready.
[reconciliation_cycle] discover_live_jobs failed: bjobs not found on PATH: [WinError 2] 系統找不到指定的檔案。
DV Agent Harness L5 - Periodic Regression Snapshot
Snapshot Time: 2026-09-05 11:10:33
SUMMARY: Total: 0

Job        Pattern / Combination                LSF        DV Analysis        UVM_ERR   UVM_FATAL  Agent Action / Note
----------------------------------------------------------------------------------------------------------------------------------

ATTENTION
- none

NEXT ACTIONS
- Analyze DONE jobs whose DV result is still UNKNOWN/pending.
- Continue incremental monitoring of RUN jobs.
- Triage EXIT/FAIL jobs and rerun fixed patterns when ready.
[reconciliation_cycle] discover_live_jobs failed: bjobs not found on PATH: [WinError 2] 系統找不到指定的檔案。
DV Agent Harness L5 - Periodic Regression Snapshot
Snapshot Time: 2026-09-05 11:15:33
SUMMARY: Total: 0

Job        Pattern / Combination                LSF        DV Analysis        UVM_ERR   UVM_FATAL  Agent Action / Note
----------------------------------------------------------------------------------------------------------------------------------

ATTENTION
- none

NEXT ACTIONS
- Analyze DONE jobs whose DV result is still UNKNOWN/pending.
- Continue incremental monitoring of RUN jobs.
- Triage EXIT/FAIL jobs and rerun fixed patterns when ready.
[reconciliation_cycle] discover_live_jobs failed: bjobs not found on PATH: [WinError 2] 系統找不到指定的檔案。
DV Agent Harness L5 - Periodic Regression Snapshot
Snapshot Time: 2026-09-05 11:20:33
SUMMARY: Total: 0

Job        Pattern / Combination                LSF        DV Analysis        UVM_ERR   UVM_FATAL  Agent Action / Note
----------------------------------------------------------------------------------------------------------------------------------

ATTENTION
- none

NEXT ACTIONS
- Analyze DONE jobs whose DV result is still UNKNOWN/pending.
- Continue incremental monitoring of RUN jobs.
- Triage EXIT/FAIL jobs and rerun fixed patterns when ready.
[reconciliation_cycle] discover_live_jobs failed: bjobs not found on PATH: [WinError 2] 系統找不到指定的檔案。
DV Agent Harness L5 - Periodic Regression Snapshot
Snapshot Time: 2026-09-05 11:25:34
SUMMARY: Total: 0

Job        Pattern / Combination                LSF        DV Analysis        UVM_ERR   UVM_FATAL  Agent Action / Note
----------------------------------------------------------------------------------------------------------------------------------

ATTENTION
- none

NEXT ACTIONS
- Analyze DONE jobs whose DV result is still UNKNOWN/pending.
- Continue incremental monitoring of RUN jobs.
- Triage EXIT/FAIL jobs and rerun fixed patterns when ready.
[reconciliation_cycle] discover_live_jobs failed: bjobs not found on PATH: [WinError 2] 系統找不到指定的檔案。
DV Agent Harness L5 - Periodic Regression Snapshot
Snapshot Time: 2026-09-05 11:30:35
SUMMARY: Total: 0

Job        Pattern / Combination                LSF        DV Analysis        UVM_ERR   UVM_FATAL  Agent Action / Note
----------------------------------------------------------------------------------------------------------------------------------

ATTENTION
- none

NEXT ACTIONS
- Analyze DONE jobs whose DV result is still UNKNOWN/pending.
- Continue incremental monitoring of RUN jobs.
- Triage EXIT/FAIL jobs and rerun fixed patterns when ready.
[reconciliation_cycle] discover_live_jobs failed: bjobs not found on PATH: [WinError 2] 系統找不到指定的檔案。
DV Agent Harness L5 - Periodic Regression Snapshot
Snapshot Time: 2026-09-05 11:35:35
SUMMARY: Total: 0

Job        Pattern / Combination                LSF        DV Analysis        UVM_ERR   UVM_FATAL  Agent Action / Note
----------------------------------------------------------------------------------------------------------------------------------

ATTENTION
- none

NEXT ACTIONS
- Analyze DONE jobs whose DV result is still UNKNOWN/pending.
- Continue incremental monitoring of RUN jobs.
- Triage EXIT/FAIL jobs and rerun fixed patterns when ready.
[reconciliation_cycle] discover_live_jobs failed: bjobs not found on PATH: [WinError 2] 系統找不到指定的檔案。
DV Agent Harness L5 - Periodic Regression Snapshot
Snapshot Time: 2026-09-05 11:40:35
SUMMARY: Total: 0

Job        Pattern / Combination                LSF        DV Analysis        UVM_ERR   UVM_FATAL  Agent Action / Note
----------------------------------------------------------------------------------------------------------------------------------

ATTENTION
- none

NEXT ACTIONS
- Analyze DONE jobs whose DV result is still UNKNOWN/pending.
- Continue incremental monitoring of RUN jobs.
- Triage EXIT/FAIL jobs and rerun fixed patterns when ready.
[reconciliation_cycle] discover_live_jobs failed: bjobs not found on PATH: [WinError 2] 系統找不到指定的檔案。
DV Agent Harness L5 - Periodic Regression Snapshot
Snapshot Time: 2026-09-05 11:45:35
SUMMARY: Total: 0

Job        Pattern / Combination                LSF        DV Analysis        UVM_ERR   UVM_FATAL  Agent Action / Note
----------------------------------------------------------------------------------------------------------------------------------

ATTENTION
- none

NEXT ACTIONS
- Analyze DONE jobs whose DV result is still UNKNOWN/pending.
- Continue incremental monitoring of RUN jobs.
- Triage EXIT/FAIL jobs and rerun fixed patterns when ready.
[reconciliation_cycle] discover_live_jobs failed: bjobs not found on PATH: [WinError 2] 系統找不到指定的檔案。
DV Agent Harness L5 - Periodic Regression Snapshot
Snapshot Time: 2026-09-05 11:50:35
SUMMARY: Total: 0

Job        Pattern / Combination                LSF        DV Analysis        UVM_ERR   UVM_FATAL  Agent Action / Note
----------------------------------------------------------------------------------------------------------------------------------

ATTENTION
- none

NEXT ACTIONS
- Analyze DONE jobs whose DV result is still UNKNOWN/pending.
- Continue incremental monitoring of RUN jobs.
- Triage EXIT/FAIL jobs and rerun fixed patterns when ready.
[reconciliation_cycle] discover_live_jobs failed: bjobs not found on PATH: [WinError 2] 系統找不到指定的檔案。
DV Agent Harness L5 - Periodic Regression Snapshot
Snapshot Time: 2026-09-05 11:55:35
SUMMARY: Total: 0

Job        Pattern / Combination                LSF        DV Analysis        UVM_ERR   UVM_FATAL  Agent Action / Note
----------------------------------------------------------------------------------------------------------------------------------

ATTENTION
- none

NEXT ACTIONS
- Analyze DONE jobs whose DV result is still UNKNOWN/pending.
- Continue incremental monitoring of RUN jobs.
- Triage EXIT/FAIL jobs and rerun fixed patterns when ready.
[reconciliation_cycle] discover_live_jobs failed: bjobs not found on PATH: [WinError 2] 系統找不到指定的檔案。
DV Agent Harness L5 - Periodic Regression Snapshot
Snapshot Time: 2026-09-05 12:00:35
SUMMARY: Total: 0

Job        Pattern / Combination                LSF        DV Analysis        UVM_ERR   UVM_FATAL  Agent Action / Note
----------------------------------------------------------------------------------------------------------------------------------

ATTENTION
- none

NEXT ACTIONS
- Analyze DONE jobs whose DV result is still UNKNOWN/pending.
- Continue incremental monitoring of RUN jobs.
- Triage EXIT/FAIL jobs and rerun fixed patterns when ready.
[reconciliation_cycle] discover_live_jobs failed: bjobs not found on PATH: [WinError 2] 系統找不到指定的檔案。
DV Agent Harness L5 - Periodic Regression Snapshot
Snapshot Time: 2026-09-05 12:05:35
SUMMARY: Total: 0

Job        Pattern / Combination                LSF        DV Analysis        UVM_ERR   UVM_FATAL  Agent Action / Note
----------------------------------------------------------------------------------------------------------------------------------

ATTENTION
- none

NEXT ACTIONS
- Analyze DONE jobs whose DV result is still UNKNOWN/pending.
- Continue incremental monitoring of RUN jobs.
- Triage EXIT/FAIL jobs and rerun fixed patterns when ready.
[reconciliation_cycle] discover_live_jobs failed: bjobs not found on PATH: [WinError 2] 系統找不到指定的檔案。
DV Agent Harness L5 - Periodic Regression Snapshot
Snapshot Time: 2026-09-05 12:10:35
SUMMARY: Total: 0

Job        Pattern / Combination                LSF        DV Analysis        UVM_ERR   UVM_FATAL  Agent Action / Note
----------------------------------------------------------------------------------------------------------------------------------

ATTENTION
- none

NEXT ACTIONS
- Analyze DONE jobs whose DV result is still UNKNOWN/pending.
- Continue incremental monitoring of RUN jobs.
- Triage EXIT/FAIL jobs and rerun fixed patterns when ready.
[reconciliation_cycle] discover_live_jobs failed: bjobs not found on PATH: [WinError 2] 系統找不到指定的檔案。
DV Agent Harness L5 - Periodic Regression Snapshot
Snapshot Time: 2026-09-05 12:15:35
SUMMARY: Total: 0

Job        Pattern / Combination                LSF        DV Analysis        UVM_ERR   UVM_FATAL  Agent Action / Note
----------------------------------------------------------------------------------------------------------------------------------

ATTENTION
- none

NEXT ACTIONS
- Analyze DONE jobs whose DV result is still UNKNOWN/pending.
- Continue incremental monitoring of RUN jobs.
- Triage EXIT/FAIL jobs and rerun fixed patterns when ready.
[reconciliation_cycle] discover_live_jobs failed: bjobs not found on PATH: [WinError 2] 系統找不到指定的檔案。
DV Agent Harness L5 - Periodic Regression Snapshot
Snapshot Time: 2026-09-05 12:20:36
SUMMARY: Total: 0

Job        Pattern / Combination                LSF        DV Analysis        UVM_ERR   UVM_FATAL  Agent Action / Note
----------------------------------------------------------------------------------------------------------------------------------

ATTENTION
- none

NEXT ACTIONS
- Analyze DONE jobs whose DV result is still UNKNOWN/pending.
- Continue incremental monitoring of RUN jobs.
- Triage EXIT/FAIL jobs and rerun fixed patterns when ready.
[reconciliation_cycle] discover_live_jobs failed: bjobs not found on PATH: [WinError 2] 系統找不到指定的檔案。
DV Agent Harness L5 - Periodic Regression Snapshot
Snapshot Time: 2026-09-05 12:25:36
SUMMARY: Total: 0

Job        Pattern / Combination                LSF        DV Analysis        UVM_ERR   UVM_FATAL  Agent Action / Note
----------------------------------------------------------------------------------------------------------------------------------

ATTENTION
- none

NEXT ACTIONS
- Analyze DONE jobs whose DV result is still UNKNOWN/pending.
- Continue incremental monitoring of RUN jobs.
- Triage EXIT/FAIL jobs and rerun fixed patterns when ready.
[reconciliation_cycle] discover_live_jobs failed: bjobs not found on PATH: [WinError 2] 系統找不到指定的檔案。
DV Agent Harness L5 - Periodic Regression Snapshot
Snapshot Time: 2026-09-05 12:30:36
SUMMARY: Total: 0

Job        Pattern / Combination                LSF        DV Analysis        UVM_ERR   UVM_FATAL  Agent Action / Note
----------------------------------------------------------------------------------------------------------------------------------

ATTENTION
- none

NEXT ACTIONS
- Analyze DONE jobs whose DV result is still UNKNOWN/pending.
- Continue incremental monitoring of RUN jobs.
- Triage EXIT/FAIL jobs and rerun fixed patterns when ready.
[reconciliation_cycle] discover_live_jobs failed: bjobs not found on PATH: [WinError 2] 系統找不到指定的檔案。
DV Agent Harness L5 - Periodic Regression Snapshot
Snapshot Time: 2026-09-05 12:35:36
SUMMARY: Total: 0

Job        Pattern / Combination                LSF        DV Analysis        UVM_ERR   UVM_FATAL  Agent Action / Note
----------------------------------------------------------------------------------------------------------------------------------

ATTENTION
- none

NEXT ACTIONS
- Analyze DONE jobs whose DV result is still UNKNOWN/pending.
- Continue incremental monitoring of RUN jobs.
- Triage EXIT/FAIL jobs and rerun fixed patterns when ready.
[reconciliation_cycle] discover_live_jobs failed: bjobs not found on PATH: [WinError 2] 系統找不到指定的檔案。
DV Agent Harness L5 - Periodic Regression Snapshot
Snapshot Time: 2026-09-05 12:40:36
SUMMARY: Total: 0

Job        Pattern / Combination                LSF        DV Analysis        UVM_ERR   UVM_FATAL  Agent Action / Note
----------------------------------------------------------------------------------------------------------------------------------

ATTENTION
- none

NEXT ACTIONS
- Analyze DONE jobs whose DV result is still UNKNOWN/pending.
- Continue incremental monitoring of RUN jobs.
- Triage EXIT/FAIL jobs and rerun fixed patterns when ready.
[reconciliation_cycle] discover_live_jobs failed: bjobs not found on PATH: [WinError 2] 系統找不到指定的檔案。
DV Agent Harness L5 - Periodic Regression Snapshot
Snapshot Time: 2026-09-05 12:45:36
SUMMARY: Total: 0

Job        Pattern / Combination                LSF        DV Analysis        UVM_ERR   UVM_FATAL  Agent Action / Note
----------------------------------------------------------------------------------------------------------------------------------

ATTENTION
- none

NEXT ACTIONS
- Analyze DONE jobs whose DV result is still UNKNOWN/pending.
- Continue incremental monitoring of RUN jobs.
- Triage EXIT/FAIL jobs and rerun fixed patterns when ready.
[reconciliation_cycle] discover_live_jobs failed: bjobs not found on PATH: [WinError 2] 系統找不到指定的檔案。
DV Agent Harness L5 - Periodic Regression Snapshot
Snapshot Time: 2026-09-05 12:50:37
SUMMARY: Total: 0

Job        Pattern / Combination                LSF        DV Analysis        UVM_ERR   UVM_FATAL  Agent Action / Note
----------------------------------------------------------------------------------------------------------------------------------

ATTENTION
- none

NEXT ACTIONS
- Analyze DONE jobs whose DV result is still UNKNOWN/pending.
- Continue incremental monitoring of RUN jobs.
- Triage EXIT/FAIL jobs and rerun fixed patterns when ready.
[reconciliation_cycle] discover_live_jobs failed: bjobs not found on PATH: [WinError 2] 系統找不到指定的檔案。
DV Agent Harness L5 - Periodic Regression Snapshot
Snapshot Time: 2026-09-05 12:55:38
SUMMARY: Total: 0

Job        Pattern / Combination                LSF        DV Analysis        UVM_ERR   UVM_FATAL  Agent Action / Note
----------------------------------------------------------------------------------------------------------------------------------

ATTENTION
- none

NEXT ACTIONS
- Analyze DONE jobs whose DV result is still UNKNOWN/pending.
- Continue incremental monitoring of RUN jobs.
- Triage EXIT/FAIL jobs and rerun fixed patterns when ready.
[reconciliation_cycle] discover_live_jobs failed: bjobs not found on PATH: [WinError 2] 系統找不到指定的檔案。
DV Agent Harness L5 - Periodic Regression Snapshot
Snapshot Time: 2026-09-05 13:00:38
SUMMARY: Total: 0

Job        Pattern / Combination                LSF        DV Analysis        UVM_ERR   UVM_FATAL  Agent Action / Note
----------------------------------------------------------------------------------------------------------------------------------

ATTENTION
- none

NEXT ACTIONS
- Analyze DONE jobs whose DV result is still UNKNOWN/pending.
- Continue incremental monitoring of RUN jobs.
- Triage EXIT/FAIL jobs and rerun fixed patterns when ready.
[reconciliation_cycle] discover_live_jobs failed: bjobs not found on PATH: [WinError 2] 系統找不到指定的檔案。
DV Agent Harness L5 - Periodic Regression Snapshot
Snapshot Time: 2026-09-05 13:05:38
SUMMARY: Total: 0

Job        Pattern / Combination                LSF        DV Analysis        UVM_ERR   UVM_FATAL  Agent Action / Note
----------------------------------------------------------------------------------------------------------------------------------

ATTENTION
- none

NEXT ACTIONS
- Analyze DONE jobs whose DV result is still UNKNOWN/pending.
- Continue incremental monitoring of RUN jobs.
- Triage EXIT/FAIL jobs and rerun fixed patterns when ready.
[reconciliation_cycle] discover_live_jobs failed: bjobs not found on PATH: [WinError 2] 系統找不到指定的檔案。
DV Agent Harness L5 - Periodic Regression Snapshot
Snapshot Time: 2026-09-05 13:10:38
SUMMARY: Total: 0

Job        Pattern / Combination                LSF        DV Analysis        UVM_ERR   UVM_FATAL  Agent Action / Note
----------------------------------------------------------------------------------------------------------------------------------

ATTENTION
- none

NEXT ACTIONS
- Analyze DONE jobs whose DV result is still UNKNOWN/pending.
- Continue incremental monitoring of RUN jobs.
- Triage EXIT/FAIL jobs and rerun fixed patterns when ready.
[reconciliation_cycle] discover_live_jobs failed: bjobs not found on PATH: [WinError 2] 系統找不到指定的檔案。
DV Agent Harness L5 - Periodic Regression Snapshot
Snapshot Time: 2026-09-05 13:15:38
SUMMARY: Total: 0

Job        Pattern / Combination                LSF        DV Analysis        UVM_ERR   UVM_FATAL  Agent Action / Note
----------------------------------------------------------------------------------------------------------------------------------

ATTENTION
- none

NEXT ACTIONS
- Analyze DONE jobs whose DV result is still UNKNOWN/pending.
- Continue incremental monitoring of RUN jobs.
- Triage EXIT/FAIL jobs and rerun fixed patterns when ready.
[reconciliation_cycle] discover_live_jobs failed: bjobs not found on PATH: [WinError 2] 系統找不到指定的檔案。
DV Agent Harness L5 - Periodic Regression Snapshot
Snapshot Time: 2026-09-05 13:20:38
SUMMARY: Total: 0

Job        Pattern / Combination                LSF        DV Analysis        UVM_ERR   UVM_FATAL  Agent Action / Note
----------------------------------------------------------------------------------------------------------------------------------

ATTENTION
- none

NEXT ACTIONS
- Analyze DONE jobs whose DV result is still UNKNOWN/pending.
- Continue incremental monitoring of RUN jobs.
- Triage EXIT/FAIL jobs and rerun fixed patterns when ready.
[reconciliation_cycle] discover_live_jobs failed: bjobs not found on PATH: [WinError 2] 系統找不到指定的檔案。
DV Agent Harness L5 - Periodic Regression Snapshot
Snapshot Time: 2026-09-05 13:25:38
SUMMARY: Total: 0

Job        Pattern / Combination                LSF        DV Analysis        UVM_ERR   UVM_FATAL  Agent Action / Note
----------------------------------------------------------------------------------------------------------------------------------

ATTENTION
- none

NEXT ACTIONS
- Analyze DONE jobs whose DV result is still UNKNOWN/pending.
- Continue incremental monitoring of RUN jobs.
- Triage EXIT/FAIL jobs and rerun fixed patterns when ready.
[reconciliation_cycle] discover_live_jobs failed: bjobs not found on PATH: [WinError 2] 系統找不到指定的檔案。
DV Agent Harness L5 - Periodic Regression Snapshot
Snapshot Time: 2026-09-05 13:30:38
SUMMARY: Total: 0

Job        Pattern / Combination                LSF        DV Analysis        UVM_ERR   UVM_FATAL  Agent Action / Note
----------------------------------------------------------------------------------------------------------------------------------

ATTENTION
- none

NEXT ACTIONS
- Analyze DONE jobs whose DV result is still UNKNOWN/pending.
- Continue incremental monitoring of RUN jobs.
- Triage EXIT/FAIL jobs and rerun fixed patterns when ready.
[reconciliation_cycle] discover_live_jobs failed: bjobs not found on PATH: [WinError 2] 系統找不到指定的檔案。
DV Agent Harness L5 - Periodic Regression Snapshot
Snapshot Time: 2026-09-05 13:35:38
SUMMARY: Total: 0

Job        Pattern / Combination                LSF        DV Analysis        UVM_ERR   UVM_FATAL  Agent Action / Note
----------------------------------------------------------------------------------------------------------------------------------

ATTENTION
- none

NEXT ACTIONS
- Analyze DONE jobs whose DV result is still UNKNOWN/pending.
- Continue incremental monitoring of RUN jobs.
- Triage EXIT/FAIL jobs and rerun fixed patterns when ready.
[reconciliation_cycle] discover_live_jobs failed: bjobs not found on PATH: [WinError 2] 系統找不到指定的檔案。
DV Agent Harness L5 - Periodic Regression Snapshot
Snapshot Time: 2026-09-05 13:40:38
SUMMARY: Total: 0

Job        Pattern / Combination                LSF        DV Analysis        UVM_ERR   UVM_FATAL  Agent Action / Note
----------------------------------------------------------------------------------------------------------------------------------

ATTENTION
- none

NEXT ACTIONS
- Analyze DONE jobs whose DV result is still UNKNOWN/pending.
- Continue incremental monitoring of RUN jobs.
- Triage EXIT/FAIL jobs and rerun fixed patterns when ready.
[reconciliation_cycle] discover_live_jobs failed: bjobs not found on PATH: [WinError 2] 系統找不到指定的檔案。
DV Agent Harness L5 - Periodic Regression Snapshot
Snapshot Time: 2026-09-05 13:45:38
SUMMARY: Total: 0

Job        Pattern / Combination                LSF        DV Analysis        UVM_ERR   UVM_FATAL  Agent Action / Note
----------------------------------------------------------------------------------------------------------------------------------

ATTENTION
- none

NEXT ACTIONS
- Analyze DONE jobs whose DV result is still UNKNOWN/pending.
- Continue incremental monitoring of RUN jobs.
- Triage EXIT/FAIL jobs and rerun fixed patterns when ready.
[reconciliation_cycle] discover_live_jobs failed: bjobs not found on PATH: [WinError 2] 系統找不到指定的檔案。
DV Agent Harness L5 - Periodic Regression Snapshot
Snapshot Time: 2026-09-05 13:50:38
SUMMARY: Total: 0

Job        Pattern / Combination                LSF        DV Analysis        UVM_ERR   UVM_FATAL  Agent Action / Note
----------------------------------------------------------------------------------------------------------------------------------

ATTENTION
- none

NEXT ACTIONS
- Analyze DONE jobs whose DV result is still UNKNOWN/pending.
- Continue incremental monitoring of RUN jobs.
- Triage EXIT/FAIL jobs and rerun fixed patterns when ready.
[reconciliation_cycle] discover_live_jobs failed: bjobs not found on PATH: [WinError 2] 系統找不到指定的檔案。
DV Agent Harness L5 - Periodic Regression Snapshot
Snapshot Time: 2026-09-05 13:55:38
SUMMARY: Total: 0

Job        Pattern / Combination                LSF        DV Analysis        UVM_ERR   UVM_FATAL  Agent Action / Note
----------------------------------------------------------------------------------------------------------------------------------

ATTENTION
- none

NEXT ACTIONS
- Analyze DONE jobs whose DV result is still UNKNOWN/pending.
- Continue incremental monitoring of RUN jobs.
- Triage EXIT/FAIL jobs and rerun fixed patterns when ready.
[reconciliation_cycle] discover_live_jobs failed: bjobs not found on PATH: [WinError 2] 系統找不到指定的檔案。
DV Agent Harness L5 - Periodic Regression Snapshot
Snapshot Time: 2026-09-05 14:00:38
SUMMARY: Total: 0

Job        Pattern / Combination                LSF        DV Analysis        UVM_ERR   UVM_FATAL  Agent Action / Note
----------------------------------------------------------------------------------------------------------------------------------

ATTENTION
- none

NEXT ACTIONS
- Analyze DONE jobs whose DV result is still UNKNOWN/pending.
- Continue incremental monitoring of RUN jobs.
- Triage EXIT/FAIL jobs and rerun fixed patterns when ready.
[reconciliation_cycle] discover_live_jobs failed: bjobs not found on PATH: [WinError 2] 系統找不到指定的檔案。
DV Agent Harness L5 - Periodic Regression Snapshot
Snapshot Time: 2026-09-05 14:05:38
SUMMARY: Total: 0

Job        Pattern / Combination                LSF        DV Analysis        UVM_ERR   UVM_FATAL  Agent Action / Note
----------------------------------------------------------------------------------------------------------------------------------

ATTENTION
- none

NEXT ACTIONS
- Analyze DONE jobs whose DV result is still UNKNOWN/pending.
- Continue incremental monitoring of RUN jobs.
- Triage EXIT/FAIL jobs and rerun fixed patterns when ready.
[reconciliation_cycle] discover_live_jobs failed: bjobs not found on PATH: [WinError 2] 系統找不到指定的檔案。
DV Agent Harness L5 - Periodic Regression Snapshot
Snapshot Time: 2026-09-05 14:10:38
SUMMARY: Total: 0

Job        Pattern / Combination                LSF        DV Analysis        UVM_ERR   UVM_FATAL  Agent Action / Note
----------------------------------------------------------------------------------------------------------------------------------

ATTENTION
- none

NEXT ACTIONS
- Analyze DONE jobs whose DV result is still UNKNOWN/pending.
- Continue incremental monitoring of RUN jobs.
- Triage EXIT/FAIL jobs and rerun fixed patterns when ready.
[reconciliation_cycle] discover_live_jobs failed: bjobs not found on PATH: [WinError 2] 系統找不到指定的檔案。
DV Agent Harness L5 - Periodic Regression Snapshot
Snapshot Time: 2026-09-05 14:15:38
SUMMARY: Total: 0

Job        Pattern / Combination                LSF        DV Analysis        UVM_ERR   UVM_FATAL  Agent Action / Note
----------------------------------------------------------------------------------------------------------------------------------

ATTENTION
- none

NEXT ACTIONS
- Analyze DONE jobs whose DV result is still UNKNOWN/pending.
- Continue incremental monitoring of RUN jobs.
- Triage EXIT/FAIL jobs and rerun fixed patterns when ready.
[reconciliation_cycle] discover_live_jobs failed: bjobs not found on PATH: [WinError 2] 系統找不到指定的檔案。
DV Agent Harness L5 - Periodic Regression Snapshot
Snapshot Time: 2026-09-05 14:20:38
SUMMARY: Total: 0

Job        Pattern / Combination                LSF        DV Analysis        UVM_ERR   UVM_FATAL  Agent Action / Note
----------------------------------------------------------------------------------------------------------------------------------

ATTENTION
- none

NEXT ACTIONS
- Analyze DONE jobs whose DV result is still UNKNOWN/pending.
- Continue incremental monitoring of RUN jobs.
- Triage EXIT/FAIL jobs and rerun fixed patterns when ready.
[reconciliation_cycle] discover_live_jobs failed: bjobs not found on PATH: [WinError 2] 系統找不到指定的檔案。
DV Agent Harness L5 - Periodic Regression Snapshot
Snapshot Time: 2026-09-05 14:25:38
SUMMARY: Total: 0

Job        Pattern / Combination                LSF        DV Analysis        UVM_ERR   UVM_FATAL  Agent Action / Note
----------------------------------------------------------------------------------------------------------------------------------

ATTENTION
- none

NEXT ACTIONS
- Analyze DONE jobs whose DV result is still UNKNOWN/pending.
- Continue incremental monitoring of RUN jobs.
- Triage EXIT/FAIL jobs and rerun fixed patterns when ready.
[reconciliation_cycle] discover_live_jobs failed: bjobs not found on PATH: [WinError 2] 系統找不到指定的檔案。
DV Agent Harness L5 - Periodic Regression Snapshot
Snapshot Time: 2026-09-05 14:30:38
SUMMARY: Total: 0

Job        Pattern / Combination                LSF        DV Analysis        UVM_ERR   UVM_FATAL  Agent Action / Note
----------------------------------------------------------------------------------------------------------------------------------

ATTENTION
- none

NEXT ACTIONS
- Analyze DONE jobs whose DV result is still UNKNOWN/pending.
- Continue incremental monitoring of RUN jobs.
- Triage EXIT/FAIL jobs and rerun fixed patterns when ready.
[reconciliation_cycle] discover_live_jobs failed: bjobs not found on PATH: [WinError 2] 系統找不到指定的檔案。
DV Agent Harness L5 - Periodic Regression Snapshot
Snapshot Time: 2026-09-05 14:35:38
SUMMARY: Total: 0

Job        Pattern / Combination                LSF        DV Analysis        UVM_ERR   UVM_FATAL  Agent Action / Note
----------------------------------------------------------------------------------------------------------------------------------

ATTENTION
- none

NEXT ACTIONS
- Analyze DONE jobs whose DV result is still UNKNOWN/pending.
- Continue incremental monitoring of RUN jobs.
- Triage EXIT/FAIL jobs and rerun fixed patterns when ready.
[reconciliation_cycle] discover_live_jobs failed: bjobs not found on PATH: [WinError 2] 系統找不到指定的檔案。
DV Agent Harness L5 - Periodic Regression Snapshot
Snapshot Time: 2026-09-05 14:40:38
SUMMARY: Total: 0

Job        Pattern / Combination                LSF        DV Analysis        UVM_ERR   UVM_FATAL  Agent Action / Note
----------------------------------------------------------------------------------------------------------------------------------

ATTENTION
- none

NEXT ACTIONS
- Analyze DONE jobs whose DV result is still UNKNOWN/pending.
- Continue incremental monitoring of RUN jobs.
- Triage EXIT/FAIL jobs and rerun fixed patterns when ready.
[reconciliation_cycle] discover_live_jobs failed: bjobs not found on PATH: [WinError 2] 系統找不到指定的檔案。
DV Agent Harness L5 - Periodic Regression Snapshot
Snapshot Time: 2026-09-05 14:45:38
SUMMARY: Total: 0

Job        Pattern / Combination                LSF        DV Analysis        UVM_ERR   UVM_FATAL  Agent Action / Note
----------------------------------------------------------------------------------------------------------------------------------

ATTENTION
- none

NEXT ACTIONS
- Analyze DONE jobs whose DV result is still UNKNOWN/pending.
- Continue incremental monitoring of RUN jobs.
- Triage EXIT/FAIL jobs and rerun fixed patterns when ready.
[reconciliation_cycle] discover_live_jobs failed: bjobs not found on PATH: [WinError 2] 系統找不到指定的檔案。
DV Agent Harness L5 - Periodic Regression Snapshot
Snapshot Time: 2026-09-05 14:50:38
SUMMARY: Total: 0

Job        Pattern / Combination                LSF        DV Analysis        UVM_ERR   UVM_FATAL  Agent Action / Note
----------------------------------------------------------------------------------------------------------------------------------

ATTENTION
- none

NEXT ACTIONS
- Analyze DONE jobs whose DV result is still UNKNOWN/pending.
- Continue incremental monitoring of RUN jobs.
- Triage EXIT/FAIL jobs and rerun fixed patterns when ready.
[reconciliation_cycle] discover_live_jobs failed: bjobs not found on PATH: [WinError 2] 系統找不到指定的檔案。
DV Agent Harness L5 - Periodic Regression Snapshot
Snapshot Time: 2026-09-05 14:55:38
SUMMARY: Total: 0

Job        Pattern / Combination                LSF        DV Analysis        UVM_ERR   UVM_FATAL  Agent Action / Note
----------------------------------------------------------------------------------------------------------------------------------

ATTENTION
- none

NEXT ACTIONS
- Analyze DONE jobs whose DV result is still UNKNOWN/pending.
- Continue incremental monitoring of RUN jobs.
- Triage EXIT/FAIL jobs and rerun fixed patterns when ready.
[reconciliation_cycle] discover_live_jobs failed: bjobs not found on PATH: [WinError 2] 系統找不到指定的檔案。
DV Agent Harness L5 - Periodic Regression Snapshot
Snapshot Time: 2026-09-05 15:00:38
SUMMARY: Total: 0

Job        Pattern / Combination                LSF        DV Analysis        UVM_ERR   UVM_FATAL  Agent Action / Note
----------------------------------------------------------------------------------------------------------------------------------

ATTENTION
- none

NEXT ACTIONS
- Analyze DONE jobs whose DV result is still UNKNOWN/pending.
- Continue incremental monitoring of RUN jobs.
- Triage EXIT/FAIL jobs and rerun fixed patterns when ready.
[reconciliation_cycle] discover_live_jobs failed: bjobs not found on PATH: [WinError 2] 系統找不到指定的檔案。
DV Agent Harness L5 - Periodic Regression Snapshot
Snapshot Time: 2026-09-05 15:05:38
SUMMARY: Total: 0

Job        Pattern / Combination                LSF        DV Analysis        UVM_ERR   UVM_FATAL  Agent Action / Note
----------------------------------------------------------------------------------------------------------------------------------

ATTENTION
- none

NEXT ACTIONS
- Analyze DONE jobs whose DV result is still UNKNOWN/pending.
- Continue incremental monitoring of RUN jobs.
- Triage EXIT/FAIL jobs and rerun fixed patterns when ready.
[reconciliation_cycle] discover_live_jobs failed: bjobs not found on PATH: [WinError 2] 系統找不到指定的檔案。
DV Agent Harness L5 - Periodic Regression Snapshot
Snapshot Time: 2026-09-05 15:10:38
SUMMARY: Total: 0

Job        Pattern / Combination                LSF        DV Analysis        UVM_ERR   UVM_FATAL  Agent Action / Note
----------------------------------------------------------------------------------------------------------------------------------

ATTENTION
- none

NEXT ACTIONS
- Analyze DONE jobs whose DV result is still UNKNOWN/pending.
- Continue incremental monitoring of RUN jobs.
- Triage EXIT/FAIL jobs and rerun fixed patterns when ready.
[reconciliation_cycle] discover_live_jobs failed: bjobs not found on PATH: [WinError 2] 系統找不到指定的檔案。
DV Agent Harness L5 - Periodic Regression Snapshot
Snapshot Time: 2026-09-05 15:15:38
SUMMARY: Total: 0

Job        Pattern / Combination                LSF        DV Analysis        UVM_ERR   UVM_FATAL  Agent Action / Note
----------------------------------------------------------------------------------------------------------------------------------

ATTENTION
- none

NEXT ACTIONS
- Analyze DONE jobs whose DV result is still UNKNOWN/pending.
- Continue incremental monitoring of RUN jobs.
- Triage EXIT/FAIL jobs and rerun fixed patterns when ready.
[reconciliation_cycle] discover_live_jobs failed: bjobs not found on PATH: [WinError 2] 系統找不到指定的檔案。
DV Agent Harness L5 - Periodic Regression Snapshot
Snapshot Time: 2026-09-05 15:20:38
SUMMARY: Total: 0

Job        Pattern / Combination                LSF        DV Analysis        UVM_ERR   UVM_FATAL  Agent Action / Note
----------------------------------------------------------------------------------------------------------------------------------

ATTENTION
- none

NEXT ACTIONS
- Analyze DONE jobs whose DV result is still UNKNOWN/pending.
- Continue incremental monitoring of RUN jobs.
- Triage EXIT/FAIL jobs and rerun fixed patterns when ready.
[reconciliation_cycle] discover_live_jobs failed: bjobs not found on PATH: [WinError 2] 系統找不到指定的檔案。
DV Agent Harness L5 - Periodic Regression Snapshot
Snapshot Time: 2026-09-05 15:25:38
SUMMARY: Total: 0

Job        Pattern / Combination                LSF        DV Analysis        UVM_ERR   UVM_FATAL  Agent Action / Note
----------------------------------------------------------------------------------------------------------------------------------

ATTENTION
- none

NEXT ACTIONS
- Analyze DONE jobs whose DV result is still UNKNOWN/pending.
- Continue incremental monitoring of RUN jobs.
- Triage EXIT/FAIL jobs and rerun fixed patterns when ready.
[reconciliation_cycle] discover_live_jobs failed: bjobs not found on PATH: [WinError 2] 系統找不到指定的檔案。
DV Agent Harness L5 - Periodic Regression Snapshot
Snapshot Time: 2026-09-05 15:30:38
SUMMARY: Total: 0

Job        Pattern / Combination                LSF        DV Analysis        UVM_ERR   UVM_FATAL  Agent Action / Note
----------------------------------------------------------------------------------------------------------------------------------

ATTENTION
- none

NEXT ACTIONS
- Analyze DONE jobs whose DV result is still UNKNOWN/pending.
- Continue incremental monitoring of RUN jobs.
- Triage EXIT/FAIL jobs and rerun fixed patterns when ready.
[reconciliation_cycle] discover_live_jobs failed: bjobs not found on PATH: [WinError 2] 系統找不到指定的檔案。
DV Agent Harness L5 - Periodic Regression Snapshot
Snapshot Time: 2026-09-05 15:35:38
SUMMARY: Total: 0

Job        Pattern / Combination                LSF        DV Analysis        UVM_ERR   UVM_FATAL  Agent Action / Note
----------------------------------------------------------------------------------------------------------------------------------

ATTENTION
- none

NEXT ACTIONS
- Analyze DONE jobs whose DV result is still UNKNOWN/pending.
- Continue incremental monitoring of RUN jobs.
- Triage EXIT/FAIL jobs and rerun fixed patterns when ready.
[reconciliation_cycle] discover_live_jobs failed: bjobs not found on PATH: [WinError 2] 系統找不到指定的檔案。
DV Agent Harness L5 - Periodic Regression Snapshot
Snapshot Time: 2026-09-05 15:40:38
SUMMARY: Total: 0

Job        Pattern / Combination                LSF        DV Analysis        UVM_ERR   UVM_FATAL  Agent Action / Note
----------------------------------------------------------------------------------------------------------------------------------

ATTENTION
- none

NEXT ACTIONS
- Analyze DONE jobs whose DV result is still UNKNOWN/pending.
- Continue incremental monitoring of RUN jobs.
- Triage EXIT/FAIL jobs and rerun fixed patterns when ready.
[reconciliation_cycle] discover_live_jobs failed: bjobs not found on PATH: [WinError 2] 系統找不到指定的檔案。
DV Agent Harness L5 - Periodic Regression Snapshot
Snapshot Time: 2026-09-05 15:45:38
SUMMARY: Total: 0

Job        Pattern / Combination                LSF        DV Analysis        UVM_ERR   UVM_FATAL  Agent Action / Note
----------------------------------------------------------------------------------------------------------------------------------

ATTENTION
- none

NEXT ACTIONS
- Analyze DONE jobs whose DV result is still UNKNOWN/pending.
- Continue incremental monitoring of RUN jobs.
- Triage EXIT/FAIL jobs and rerun fixed patterns when ready.
[reconciliation_cycle] discover_live_jobs failed: bjobs not found on PATH: [WinError 2] 系統找不到指定的檔案。
DV Agent Harness L5 - Periodic Regression Snapshot
Snapshot Time: 2026-09-05 15:50:38
SUMMARY: Total: 0

Job        Pattern / Combination                LSF        DV Analysis        UVM_ERR   UVM_FATAL  Agent Action / Note
----------------------------------------------------------------------------------------------------------------------------------

ATTENTION
- none

NEXT ACTIONS
- Analyze DONE jobs whose DV result is still UNKNOWN/pending.
- Continue incremental monitoring of RUN jobs.
- Triage EXIT/FAIL jobs and rerun fixed patterns when ready.
[reconciliation_cycle] discover_live_jobs failed: bjobs not found on PATH: [WinError 2] 系統找不到指定的檔案。
DV Agent Harness L5 - Periodic Regression Snapshot
Snapshot Time: 2026-09-05 15:55:38
SUMMARY: Total: 0

Job        Pattern / Combination                LSF        DV Analysis        UVM_ERR   UVM_FATAL  Agent Action / Note
----------------------------------------------------------------------------------------------------------------------------------

ATTENTION
- none

NEXT ACTIONS
- Analyze DONE jobs whose DV result is still UNKNOWN/pending.
- Continue incremental monitoring of RUN jobs.
- Triage EXIT/FAIL jobs and rerun fixed patterns when ready.
[reconciliation_cycle] discover_live_jobs failed: bjobs not found on PATH: [WinError 2] 系統找不到指定的檔案。
DV Agent Harness L5 - Periodic Regression Snapshot
Snapshot Time: 2026-09-05 16:00:38
SUMMARY: Total: 0

Job        Pattern / Combination                LSF        DV Analysis        UVM_ERR   UVM_FATAL  Agent Action / Note
----------------------------------------------------------------------------------------------------------------------------------

ATTENTION
- none

NEXT ACTIONS
- Analyze DONE jobs whose DV result is still UNKNOWN/pending.
- Continue incremental monitoring of RUN jobs.
- Triage EXIT/FAIL jobs and rerun fixed patterns when ready.
[reconciliation_cycle] discover_live_jobs failed: bjobs not found on PATH: [WinError 2] 系統找不到指定的檔案。
DV Agent Harness L5 - Periodic Regression Snapshot
Snapshot Time: 2026-09-05 16:05:38
SUMMARY: Total: 0

Job        Pattern / Combination                LSF        DV Analysis        UVM_ERR   UVM_FATAL  Agent Action / Note
----------------------------------------------------------------------------------------------------------------------------------

ATTENTION
- none

NEXT ACTIONS
- Analyze DONE jobs whose DV result is still UNKNOWN/pending.
- Continue incremental monitoring of RUN jobs.
- Triage EXIT/FAIL jobs and rerun fixed patterns when ready.
[reconciliation_cycle] discover_live_jobs failed: bjobs not found on PATH: [WinError 2] 系統找不到指定的檔案。
DV Agent Harness L5 - Periodic Regression Snapshot
Snapshot Time: 2026-09-05 16:10:38
SUMMARY: Total: 0

Job        Pattern / Combination                LSF        DV Analysis        UVM_ERR   UVM_FATAL  Agent Action / Note
----------------------------------------------------------------------------------------------------------------------------------

ATTENTION
- none

NEXT ACTIONS
- Analyze DONE jobs whose DV result is still UNKNOWN/pending.
- Continue incremental monitoring of RUN jobs.
- Triage EXIT/FAIL jobs and rerun fixed patterns when ready.
[reconciliation_cycle] discover_live_jobs failed: bjobs not found on PATH: [WinError 2] 系統找不到指定的檔案。
DV Agent Harness L5 - Periodic Regression Snapshot
Snapshot Time: 2026-09-05 16:15:38
SUMMARY: Total: 0

Job        Pattern / Combination                LSF        DV Analysis        UVM_ERR   UVM_FATAL  Agent Action / Note
----------------------------------------------------------------------------------------------------------------------------------

ATTENTION
- none

NEXT ACTIONS
- Analyze DONE jobs whose DV result is still UNKNOWN/pending.
- Continue incremental monitoring of RUN jobs.
- Triage EXIT/FAIL jobs and rerun fixed patterns when ready.
[reconciliation_cycle] discover_live_jobs failed: bjobs not found on PATH: [WinError 2] 系統找不到指定的檔案。
DV Agent Harness L5 - Periodic Regression Snapshot
Snapshot Time: 2026-09-05 16:20:38
SUMMARY: Total: 0

Job        Pattern / Combination                LSF        DV Analysis        UVM_ERR   UVM_FATAL  Agent Action / Note
----------------------------------------------------------------------------------------------------------------------------------

ATTENTION
- none

NEXT ACTIONS
- Analyze DONE jobs whose DV result is still UNKNOWN/pending.
- Continue incremental monitoring of RUN jobs.
- Triage EXIT/FAIL jobs and rerun fixed patterns when ready.
[reconciliation_cycle] discover_live_jobs failed: bjobs not found on PATH: [WinError 2] 系統找不到指定的檔案。
DV Agent Harness L5 - Periodic Regression Snapshot
Snapshot Time: 2026-09-05 16:25:38
SUMMARY: Total: 0

Job        Pattern / Combination                LSF        DV Analysis        UVM_ERR   UVM_FATAL  Agent Action / Note
----------------------------------------------------------------------------------------------------------------------------------

ATTENTION
- none

NEXT ACTIONS
- Analyze DONE jobs whose DV result is still UNKNOWN/pending.
- Continue incremental monitoring of RUN jobs.
- Triage EXIT/FAIL jobs and rerun fixed patterns when ready.
[reconciliation_cycle] discover_live_jobs failed: bjobs not found on PATH: [WinError 2] 系統找不到指定的檔案。
DV Agent Harness L5 - Periodic Regression Snapshot
Snapshot Time: 2026-09-05 16:30:38
SUMMARY: Total: 0

Job        Pattern / Combination                LSF        DV Analysis        UVM_ERR   UVM_FATAL  Agent Action / Note
----------------------------------------------------------------------------------------------------------------------------------

ATTENTION
- none

NEXT ACTIONS
- Analyze DONE jobs whose DV result is still UNKNOWN/pending.
- Continue incremental monitoring of RUN jobs.
- Triage EXIT/FAIL jobs and rerun fixed patterns when ready.
[reconciliation_cycle] discover_live_jobs failed: bjobs not found on PATH: [WinError 2] 系統找不到指定的檔案。
DV Agent Harness L5 - Periodic Regression Snapshot
Snapshot Time: 2026-09-05 16:35:38
SUMMARY: Total: 0

Job        Pattern / Combination                LSF        DV Analysis        UVM_ERR   UVM_FATAL  Agent Action / Note
----------------------------------------------------------------------------------------------------------------------------------

ATTENTION
- none

NEXT ACTIONS
- Analyze DONE jobs whose DV result is still UNKNOWN/pending.
- Continue incremental monitoring of RUN jobs.
- Triage EXIT/FAIL jobs and rerun fixed patterns when ready.
[reconciliation_cycle] discover_live_jobs failed: bjobs not found on PATH: [WinError 2] 系統找不到指定的檔案。
DV Agent Harness L5 - Periodic Regression Snapshot
Snapshot Time: 2026-09-05 16:40:38
SUMMARY: Total: 0

Job        Pattern / Combination                LSF        DV Analysis        UVM_ERR   UVM_FATAL  Agent Action / Note
----------------------------------------------------------------------------------------------------------------------------------

ATTENTION
- none

NEXT ACTIONS
- Analyze DONE jobs whose DV result is still UNKNOWN/pending.
- Continue incremental monitoring of RUN jobs.
- Triage EXIT/FAIL jobs and rerun fixed patterns when ready.
[reconciliation_cycle] discover_live_jobs failed: bjobs not found on PATH: [WinError 2] 系統找不到指定的檔案。
DV Agent Harness L5 - Periodic Regression Snapshot
Snapshot Time: 2026-09-05 16:45:38
SUMMARY: Total: 0

Job        Pattern / Combination                LSF        DV Analysis        UVM_ERR   UVM_FATAL  Agent Action / Note
----------------------------------------------------------------------------------------------------------------------------------

ATTENTION
- none

NEXT ACTIONS
- Analyze DONE jobs whose DV result is still UNKNOWN/pending.
- Continue incremental monitoring of RUN jobs.
- Triage EXIT/FAIL jobs and rerun fixed patterns when ready.
[reconciliation_cycle] discover_live_jobs failed: bjobs not found on PATH: [WinError 2] 系統找不到指定的檔案。
DV Agent Harness L5 - Periodic Regression Snapshot
Snapshot Time: 2026-09-05 16:50:38
SUMMARY: Total: 0

Job        Pattern / Combination                LSF        DV Analysis        UVM_ERR   UVM_FATAL  Agent Action / Note
----------------------------------------------------------------------------------------------------------------------------------

ATTENTION
- none

NEXT ACTIONS
- Analyze DONE jobs whose DV result is still UNKNOWN/pending.
- Continue incremental monitoring of RUN jobs.
- Triage EXIT/FAIL jobs and rerun fixed patterns when ready.
[reconciliation_cycle] discover_live_jobs failed: bjobs not found on PATH: [WinError 2] 系統找不到指定的檔案。
DV Agent Harness L5 - Periodic Regression Snapshot
Snapshot Time: 2026-09-05 16:55:38
SUMMARY: Total: 0

Job        Pattern / Combination                LSF        DV Analysis        UVM_ERR   UVM_FATAL  Agent Action / Note
----------------------------------------------------------------------------------------------------------------------------------

ATTENTION
- none

NEXT ACTIONS
- Analyze DONE jobs whose DV result is still UNKNOWN/pending.
- Continue incremental monitoring of RUN jobs.
- Triage EXIT/FAIL jobs and rerun fixed patterns when ready.
[reconciliation_cycle] discover_live_jobs failed: bjobs not found on PATH: [WinError 2] 系統找不到指定的檔案。
DV Agent Harness L5 - Periodic Regression Snapshot
Snapshot Time: 2026-09-05 17:00:38
SUMMARY: Total: 0

Job        Pattern / Combination                LSF        DV Analysis        UVM_ERR   UVM_FATAL  Agent Action / Note
----------------------------------------------------------------------------------------------------------------------------------

ATTENTION
- none

NEXT ACTIONS
- Analyze DONE jobs whose DV result is still UNKNOWN/pending.
- Continue incremental monitoring of RUN jobs.
- Triage EXIT/FAIL jobs and rerun fixed patterns when ready.
[reconciliation_cycle] discover_live_jobs failed: bjobs not found on PATH: [WinError 2] 系統找不到指定的檔案。
DV Agent Harness L5 - Periodic Regression Snapshot
Snapshot Time: 2026-09-05 17:05:39
SUMMARY: Total: 0

Job        Pattern / Combination                LSF        DV Analysis        UVM_ERR   UVM_FATAL  Agent Action / Note
----------------------------------------------------------------------------------------------------------------------------------

ATTENTION
- none

NEXT ACTIONS
- Analyze DONE jobs whose DV result is still UNKNOWN/pending.
- Continue incremental monitoring of RUN jobs.
- Triage EXIT/FAIL jobs and rerun fixed patterns when ready.
[reconciliation_cycle] discover_live_jobs failed: bjobs not found on PATH: [WinError 2] 系統找不到指定的檔案。
DV Agent Harness L5 - Periodic Regression Snapshot
Snapshot Time: 2026-09-05 17:10:39
SUMMARY: Total: 0

Job        Pattern / Combination                LSF        DV Analysis        UVM_ERR   UVM_FATAL  Agent Action / Note
----------------------------------------------------------------------------------------------------------------------------------

ATTENTION
- none

NEXT ACTIONS
- Analyze DONE jobs whose DV result is still UNKNOWN/pending.
- Continue incremental monitoring of RUN jobs.
- Triage EXIT/FAIL jobs and rerun fixed patterns when ready.
[reconciliation_cycle] discover_live_jobs failed: bjobs not found on PATH: [WinError 2] 系統找不到指定的檔案。
DV Agent Harness L5 - Periodic Regression Snapshot
Snapshot Time: 2026-09-05 17:15:39
SUMMARY: Total: 0

Job        Pattern / Combination                LSF        DV Analysis        UVM_ERR   UVM_FATAL  Agent Action / Note
----------------------------------------------------------------------------------------------------------------------------------

ATTENTION
- none

NEXT ACTIONS
- Analyze DONE jobs whose DV result is still UNKNOWN/pending.
- Continue incremental monitoring of RUN jobs.
- Triage EXIT/FAIL jobs and rerun fixed patterns when ready.
[reconciliation_cycle] discover_live_jobs failed: bjobs not found on PATH: [WinError 2] 系統找不到指定的檔案。
DV Agent Harness L5 - Periodic Regression Snapshot
Snapshot Time: 2026-09-05 17:20:39
SUMMARY: Total: 0

Job        Pattern / Combination                LSF        DV Analysis        UVM_ERR   UVM_FATAL  Agent Action / Note
----------------------------------------------------------------------------------------------------------------------------------

ATTENTION
- none

NEXT ACTIONS
- Analyze DONE jobs whose DV result is still UNKNOWN/pending.
- Continue incremental monitoring of RUN jobs.
- Triage EXIT/FAIL jobs and rerun fixed patterns when ready.
[reconciliation_cycle] discover_live_jobs failed: bjobs not found on PATH: [WinError 2] 系統找不到指定的檔案。
DV Agent Harness L5 - Periodic Regression Snapshot
Snapshot Time: 2026-09-05 17:25:39
SUMMARY: Total: 0

Job        Pattern / Combination                LSF        DV Analysis        UVM_ERR   UVM_FATAL  Agent Action / Note
----------------------------------------------------------------------------------------------------------------------------------

ATTENTION
- none

NEXT ACTIONS
- Analyze DONE jobs whose DV result is still UNKNOWN/pending.
- Continue incremental monitoring of RUN jobs.
- Triage EXIT/FAIL jobs and rerun fixed patterns when ready.
[reconciliation_cycle] discover_live_jobs failed: bjobs not found on PATH: [WinError 2] 系統找不到指定的檔案。
DV Agent Harness L5 - Periodic Regression Snapshot
Snapshot Time: 2026-09-05 17:30:39
SUMMARY: Total: 0

Job        Pattern / Combination                LSF        DV Analysis        UVM_ERR   UVM_FATAL  Agent Action / Note
----------------------------------------------------------------------------------------------------------------------------------

ATTENTION
- none

NEXT ACTIONS
- Analyze DONE jobs whose DV result is still UNKNOWN/pending.
- Continue incremental monitoring of RUN jobs.
- Triage EXIT/FAIL jobs and rerun fixed patterns when ready.
[reconciliation_cycle] discover_live_jobs failed: bjobs not found on PATH: [WinError 2] 系統找不到指定的檔案。
DV Agent Harness L5 - Periodic Regression Snapshot
Snapshot Time: 2026-09-05 17:35:39
SUMMARY: Total: 0

Job        Pattern / Combination                LSF        DV Analysis        UVM_ERR   UVM_FATAL  Agent Action / Note
----------------------------------------------------------------------------------------------------------------------------------

ATTENTION
- none

NEXT ACTIONS
- Analyze DONE jobs whose DV result is still UNKNOWN/pending.
- Continue incremental monitoring of RUN jobs.
- Triage EXIT/FAIL jobs and rerun fixed patterns when ready.
[reconciliation_cycle] discover_live_jobs failed: bjobs not found on PATH: [WinError 2] 系統找不到指定的檔案。
DV Agent Harness L5 - Periodic Regression Snapshot
Snapshot Time: 2026-09-05 17:40:39
SUMMARY: Total: 0

Job        Pattern / Combination                LSF        DV Analysis        UVM_ERR   UVM_FATAL  Agent Action / Note
----------------------------------------------------------------------------------------------------------------------------------

ATTENTION
- none

NEXT ACTIONS
- Analyze DONE jobs whose DV result is still UNKNOWN/pending.
- Continue incremental monitoring of RUN jobs.
- Triage EXIT/FAIL jobs and rerun fixed patterns when ready.
[reconciliation_cycle] discover_live_jobs failed: bjobs not found on PATH: [WinError 2] 系統找不到指定的檔案。
DV Agent Harness L5 - Periodic Regression Snapshot
Snapshot Time: 2026-09-05 17:45:40
SUMMARY: Total: 0

Job        Pattern / Combination                LSF        DV Analysis        UVM_ERR   UVM_FATAL  Agent Action / Note
----------------------------------------------------------------------------------------------------------------------------------

ATTENTION
- none

NEXT ACTIONS
- Analyze DONE jobs whose DV result is still UNKNOWN/pending.
- Continue incremental monitoring of RUN jobs.
- Triage EXIT/FAIL jobs and rerun fixed patterns when ready.
[reconciliation_cycle] discover_live_jobs failed: bjobs not found on PATH: [WinError 2] 系統找不到指定的檔案。
DV Agent Harness L5 - Periodic Regression Snapshot
Snapshot Time: 2026-09-05 17:50:40
SUMMARY: Total: 0

Job        Pattern / Combination                LSF        DV Analysis        UVM_ERR   UVM_FATAL  Agent Action / Note
----------------------------------------------------------------------------------------------------------------------------------

ATTENTION
- none

NEXT ACTIONS
- Analyze DONE jobs whose DV result is still UNKNOWN/pending.
- Continue incremental monitoring of RUN jobs.
- Triage EXIT/FAIL jobs and rerun fixed patterns when ready.
[reconciliation_cycle] discover_live_jobs failed: bjobs not found on PATH: [WinError 2] 系統找不到指定的檔案。
DV Agent Harness L5 - Periodic Regression Snapshot
Snapshot Time: 2026-09-05 17:55:40
SUMMARY: Total: 0

Job        Pattern / Combination                LSF        DV Analysis        UVM_ERR   UVM_FATAL  Agent Action / Note
----------------------------------------------------------------------------------------------------------------------------------

ATTENTION
- none

NEXT ACTIONS
- Analyze DONE jobs whose DV result is still UNKNOWN/pending.
- Continue incremental monitoring of RUN jobs.
- Triage EXIT/FAIL jobs and rerun fixed patterns when ready.
[reconciliation_cycle] discover_live_jobs failed: bjobs not found on PATH: [WinError 2] 系統找不到指定的檔案。
DV Agent Harness L5 - Periodic Regression Snapshot
Snapshot Time: 2026-09-05 18:00:40
SUMMARY: Total: 0

Job        Pattern / Combination                LSF        DV Analysis        UVM_ERR   UVM_FATAL  Agent Action / Note
----------------------------------------------------------------------------------------------------------------------------------

ATTENTION
- none

NEXT ACTIONS
- Analyze DONE jobs whose DV result is still UNKNOWN/pending.
- Continue incremental monitoring of RUN jobs.
- Triage EXIT/FAIL jobs and rerun fixed patterns when ready.
[reconciliation_cycle] discover_live_jobs failed: bjobs not found on PATH: [WinError 2] 系統找不到指定的檔案。
DV Agent Harness L5 - Periodic Regression Snapshot
Snapshot Time: 2026-09-05 18:05:40
SUMMARY: Total: 0

Job        Pattern / Combination                LSF        DV Analysis        UVM_ERR   UVM_FATAL  Agent Action / Note
----------------------------------------------------------------------------------------------------------------------------------

ATTENTION
- none

NEXT ACTIONS
- Analyze DONE jobs whose DV result is still UNKNOWN/pending.
- Continue incremental monitoring of RUN jobs.
- Triage EXIT/FAIL jobs and rerun fixed patterns when ready.
[reconciliation_cycle] discover_live_jobs failed: bjobs not found on PATH: [WinError 2] 系統找不到指定的檔案。
DV Agent Harness L5 - Periodic Regression Snapshot
Snapshot Time: 2026-09-05 18:10:40
SUMMARY: Total: 0

Job        Pattern / Combination                LSF        DV Analysis        UVM_ERR   UVM_FATAL  Agent Action / Note
----------------------------------------------------------------------------------------------------------------------------------

ATTENTION
- none

NEXT ACTIONS
- Analyze DONE jobs whose DV result is still UNKNOWN/pending.
- Continue incremental monitoring of RUN jobs.
- Triage EXIT/FAIL jobs and rerun fixed patterns when ready.
[reconciliation_cycle] discover_live_jobs failed: bjobs not found on PATH: [WinError 2] 系統找不到指定的檔案。
DV Agent Harness L5 - Periodic Regression Snapshot
Snapshot Time: 2026-09-05 18:15:40
SUMMARY: Total: 0

Job        Pattern / Combination                LSF        DV Analysis        UVM_ERR   UVM_FATAL  Agent Action / Note
----------------------------------------------------------------------------------------------------------------------------------

ATTENTION
- none

NEXT ACTIONS
- Analyze DONE jobs whose DV result is still UNKNOWN/pending.
- Continue incremental monitoring of RUN jobs.
- Triage EXIT/FAIL jobs and rerun fixed patterns when ready.
[reconciliation_cycle] discover_live_jobs failed: bjobs not found on PATH: [WinError 2] 系統找不到指定的檔案。
DV Agent Harness L5 - Periodic Regression Snapshot
Snapshot Time: 2026-09-05 18:20:40
SUMMARY: Total: 0

Job        Pattern / Combination                LSF        DV Analysis        UVM_ERR   UVM_FATAL  Agent Action / Note
----------------------------------------------------------------------------------------------------------------------------------

ATTENTION
- none

NEXT ACTIONS
- Analyze DONE jobs whose DV result is still UNKNOWN/pending.
- Continue incremental monitoring of RUN jobs.
- Triage EXIT/FAIL jobs and rerun fixed patterns when ready.
[reconciliation_cycle] discover_live_jobs failed: bjobs not found on PATH: [WinError 2] 系統找不到指定的檔案。
DV Agent Harness L5 - Periodic Regression Snapshot
Snapshot Time: 2026-09-05 18:25:40
SUMMARY: Total: 0

Job        Pattern / Combination                LSF        DV Analysis        UVM_ERR   UVM_FATAL  Agent Action / Note
----------------------------------------------------------------------------------------------------------------------------------

ATTENTION
- none

NEXT ACTIONS
- Analyze DONE jobs whose DV result is still UNKNOWN/pending.
- Continue incremental monitoring of RUN jobs.
- Triage EXIT/FAIL jobs and rerun fixed patterns when ready.
[reconciliation_cycle] discover_live_jobs failed: bjobs not found on PATH: [WinError 2] 系統找不到指定的檔案。
DV Agent Harness L5 - Periodic Regression Snapshot
Snapshot Time: 2026-09-05 18:30:40
SUMMARY: Total: 0

Job        Pattern / Combination                LSF        DV Analysis        UVM_ERR   UVM_FATAL  Agent Action / Note
----------------------------------------------------------------------------------------------------------------------------------

ATTENTION
- none

NEXT ACTIONS
- Analyze DONE jobs whose DV result is still UNKNOWN/pending.
- Continue incremental monitoring of RUN jobs.
- Triage EXIT/FAIL jobs and rerun fixed patterns when ready.
[reconciliation_cycle] discover_live_jobs failed: bjobs not found on PATH: [WinError 2] 系統找不到指定的檔案。
DV Agent Harness L5 - Periodic Regression Snapshot
Snapshot Time: 2026-09-05 18:35:40
SUMMARY: Total: 0

Job        Pattern / Combination                LSF        DV Analysis        UVM_ERR   UVM_FATAL  Agent Action / Note
----------------------------------------------------------------------------------------------------------------------------------

ATTENTION
- none

NEXT ACTIONS
- Analyze DONE jobs whose DV result is still UNKNOWN/pending.
- Continue incremental monitoring of RUN jobs.
- Triage EXIT/FAIL jobs and rerun fixed patterns when ready.
[reconciliation_cycle] discover_live_jobs failed: bjobs not found on PATH: [WinError 2] 系統找不到指定的檔案。
DV Agent Harness L5 - Periodic Regression Snapshot
Snapshot Time: 2026-09-05 18:40:40
SUMMARY: Total: 0

Job        Pattern / Combination                LSF        DV Analysis        UVM_ERR   UVM_FATAL  Agent Action / Note
----------------------------------------------------------------------------------------------------------------------------------

ATTENTION
- none

NEXT ACTIONS
- Analyze DONE jobs whose DV result is still UNKNOWN/pending.
- Continue incremental monitoring of RUN jobs.
- Triage EXIT/FAIL jobs and rerun fixed patterns when ready.
[reconciliation_cycle] discover_live_jobs failed: bjobs not found on PATH: [WinError 2] 系統找不到指定的檔案。
DV Agent Harness L5 - Periodic Regression Snapshot
Snapshot Time: 2026-09-05 18:45:40
SUMMARY: Total: 0

Job        Pattern / Combination                LSF        DV Analysis        UVM_ERR   UVM_FATAL  Agent Action / Note
----------------------------------------------------------------------------------------------------------------------------------

ATTENTION
- none

NEXT ACTIONS
- Analyze DONE jobs whose DV result is still UNKNOWN/pending.
- Continue incremental monitoring of RUN jobs.
- Triage EXIT/FAIL jobs and rerun fixed patterns when ready.
[reconciliation_cycle] discover_live_jobs failed: bjobs not found on PATH: [WinError 2] 系統找不到指定的檔案。
DV Agent Harness L5 - Periodic Regression Snapshot
Snapshot Time: 2026-09-05 18:50:40
SUMMARY: Total: 0

Job        Pattern / Combination                LSF        DV Analysis        UVM_ERR   UVM_FATAL  Agent Action / Note
----------------------------------------------------------------------------------------------------------------------------------

ATTENTION
- none

NEXT ACTIONS
- Analyze DONE jobs whose DV result is still UNKNOWN/pending.
- Continue incremental monitoring of RUN jobs.
- Triage EXIT/FAIL jobs and rerun fixed patterns when ready.
[reconciliation_cycle] discover_live_jobs failed: bjobs not found on PATH: [WinError 2] 系統找不到指定的檔案。
DV Agent Harness L5 - Periodic Regression Snapshot
Snapshot Time: 2026-09-05 18:55:40
SUMMARY: Total: 0

Job        Pattern / Combination                LSF        DV Analysis        UVM_ERR   UVM_FATAL  Agent Action / Note
----------------------------------------------------------------------------------------------------------------------------------

ATTENTION
- none

NEXT ACTIONS
- Analyze DONE jobs whose DV result is still UNKNOWN/pending.
- Continue incremental monitoring of RUN jobs.
- Triage EXIT/FAIL jobs and rerun fixed patterns when ready.
[reconciliation_cycle] discover_live_jobs failed: bjobs not found on PATH: [WinError 2] 系統找不到指定的檔案。
DV Agent Harness L5 - Periodic Regression Snapshot
Snapshot Time: 2026-09-05 19:00:40
SUMMARY: Total: 0

Job        Pattern / Combination                LSF        DV Analysis        UVM_ERR   UVM_FATAL  Agent Action / Note
----------------------------------------------------------------------------------------------------------------------------------

ATTENTION
- none

NEXT ACTIONS
- Analyze DONE jobs whose DV result is still UNKNOWN/pending.
- Continue incremental monitoring of RUN jobs.
- Triage EXIT/FAIL jobs and rerun fixed patterns when ready.
[reconciliation_cycle] discover_live_jobs failed: bjobs not found on PATH: [WinError 2] 系統找不到指定的檔案。
DV Agent Harness L5 - Periodic Regression Snapshot
Snapshot Time: 2026-09-05 19:05:40
SUMMARY: Total: 0

Job        Pattern / Combination                LSF        DV Analysis        UVM_ERR   UVM_FATAL  Agent Action / Note
----------------------------------------------------------------------------------------------------------------------------------

ATTENTION
- none

NEXT ACTIONS
- Analyze DONE jobs whose DV result is still UNKNOWN/pending.
- Continue incremental monitoring of RUN jobs.
- Triage EXIT/FAIL jobs and rerun fixed patterns when ready.
[reconciliation_cycle] discover_live_jobs failed: bjobs not found on PATH: [WinError 2] 系統找不到指定的檔案。
DV Agent Harness L5 - Periodic Regression Snapshot
Snapshot Time: 2026-09-05 19:10:40
SUMMARY: Total: 0

Job        Pattern / Combination                LSF        DV Analysis        UVM_ERR   UVM_FATAL  Agent Action / Note
----------------------------------------------------------------------------------------------------------------------------------

ATTENTION
- none

NEXT ACTIONS
- Analyze DONE jobs whose DV result is still UNKNOWN/pending.
- Continue incremental monitoring of RUN jobs.
- Triage EXIT/FAIL jobs and rerun fixed patterns when ready.
[reconciliation_cycle] discover_live_jobs failed: bjobs not found on PATH: [WinError 2] 系統找不到指定的檔案。
DV Agent Harness L5 - Periodic Regression Snapshot
Snapshot Time: 2026-09-05 19:15:40
SUMMARY: Total: 0

Job        Pattern / Combination                LSF        DV Analysis        UVM_ERR   UVM_FATAL  Agent Action / Note
----------------------------------------------------------------------------------------------------------------------------------

ATTENTION
- none

NEXT ACTIONS
- Analyze DONE jobs whose DV result is still UNKNOWN/pending.
- Continue incremental monitoring of RUN jobs.
- Triage EXIT/FAIL jobs and rerun fixed patterns when ready.
[reconciliation_cycle] discover_live_jobs failed: bjobs not found on PATH: [WinError 2] 系統找不到指定的檔案。
DV Agent Harness L5 - Periodic Regression Snapshot
Snapshot Time: 2026-09-05 19:20:40
SUMMARY: Total: 0

Job        Pattern / Combination                LSF        DV Analysis        UVM_ERR   UVM_FATAL  Agent Action / Note
----------------------------------------------------------------------------------------------------------------------------------

ATTENTION
- none

NEXT ACTIONS
- Analyze DONE jobs whose DV result is still UNKNOWN/pending.
- Continue incremental monitoring of RUN jobs.
- Triage EXIT/FAIL jobs and rerun fixed patterns when ready.
[reconciliation_cycle] discover_live_jobs failed: bjobs not found on PATH: [WinError 2] 系統找不到指定的檔案。
DV Agent Harness L5 - Periodic Regression Snapshot
Snapshot Time: 2026-09-05 19:25:40
SUMMARY: Total: 0

Job        Pattern / Combination                LSF        DV Analysis        UVM_ERR   UVM_FATAL  Agent Action / Note
----------------------------------------------------------------------------------------------------------------------------------

ATTENTION
- none

NEXT ACTIONS
- Analyze DONE jobs whose DV result is still UNKNOWN/pending.
- Continue incremental monitoring of RUN jobs.
- Triage EXIT/FAIL jobs and rerun fixed patterns when ready.
[reconciliation_cycle] discover_live_jobs failed: bjobs not found on PATH: [WinError 2] 系統找不到指定的檔案。
DV Agent Harness L5 - Periodic Regression Snapshot
Snapshot Time: 2026-09-05 19:30:40
SUMMARY: Total: 0

Job        Pattern / Combination                LSF        DV Analysis        UVM_ERR   UVM_FATAL  Agent Action / Note
----------------------------------------------------------------------------------------------------------------------------------

ATTENTION
- none

NEXT ACTIONS
- Analyze DONE jobs whose DV result is still UNKNOWN/pending.
- Continue incremental monitoring of RUN jobs.
- Triage EXIT/FAIL jobs and rerun fixed patterns when ready.
[reconciliation_cycle] discover_live_jobs failed: bjobs not found on PATH: [WinError 2] 系統找不到指定的檔案。
DV Agent Harness L5 - Periodic Regression Snapshot
Snapshot Time: 2026-09-05 19:35:40
SUMMARY: Total: 0

Job        Pattern / Combination                LSF        DV Analysis        UVM_ERR   UVM_FATAL  Agent Action / Note
----------------------------------------------------------------------------------------------------------------------------------

ATTENTION
- none

NEXT ACTIONS
- Analyze DONE jobs whose DV result is still UNKNOWN/pending.
- Continue incremental monitoring of RUN jobs.
- Triage EXIT/FAIL jobs and rerun fixed patterns when ready.
[reconciliation_cycle] discover_live_jobs failed: bjobs not found on PATH: [WinError 2] 系統找不到指定的檔案。
DV Agent Harness L5 - Periodic Regression Snapshot
Snapshot Time: 2026-09-05 19:40:40
SUMMARY: Total: 0

Job        Pattern / Combination                LSF        DV Analysis        UVM_ERR   UVM_FATAL  Agent Action / Note
----------------------------------------------------------------------------------------------------------------------------------

ATTENTION
- none

NEXT ACTIONS
- Analyze DONE jobs whose DV result is still UNKNOWN/pending.
- Continue incremental monitoring of RUN jobs.
- Triage EXIT/FAIL jobs and rerun fixed patterns when ready.
[reconciliation_cycle] discover_live_jobs failed: bjobs not found on PATH: [WinError 2] 系統找不到指定的檔案。
DV Agent Harness L5 - Periodic Regression Snapshot
Snapshot Time: 2026-09-05 19:45:40
SUMMARY: Total: 0

Job        Pattern / Combination                LSF        DV Analysis        UVM_ERR   UVM_FATAL  Agent Action / Note
----------------------------------------------------------------------------------------------------------------------------------

ATTENTION
- none

NEXT ACTIONS
- Analyze DONE jobs whose DV result is still UNKNOWN/pending.
- Continue incremental monitoring of RUN jobs.
- Triage EXIT/FAIL jobs and rerun fixed patterns when ready.
[reconciliation_cycle] discover_live_jobs failed: bjobs not found on PATH: [WinError 2] 系統找不到指定的檔案。
DV Agent Harness L5 - Periodic Regression Snapshot
Snapshot Time: 2026-09-05 19:50:40
SUMMARY: Total: 0

Job        Pattern / Combination                LSF        DV Analysis        UVM_ERR   UVM_FATAL  Agent Action / Note
----------------------------------------------------------------------------------------------------------------------------------

ATTENTION
- none

NEXT ACTIONS
- Analyze DONE jobs whose DV result is still UNKNOWN/pending.
- Continue incremental monitoring of RUN jobs.
- Triage EXIT/FAIL jobs and rerun fixed patterns when ready.
[reconciliation_cycle] discover_live_jobs failed: bjobs not found on PATH: [WinError 2] 系統找不到指定的檔案。
DV Agent Harness L5 - Periodic Regression Snapshot
Snapshot Time: 2026-09-05 19:55:40
SUMMARY: Total: 0

Job        Pattern / Combination                LSF        DV Analysis        UVM_ERR   UVM_FATAL  Agent Action / Note
----------------------------------------------------------------------------------------------------------------------------------

ATTENTION
- none

NEXT ACTIONS
- Analyze DONE jobs whose DV result is still UNKNOWN/pending.
- Continue incremental monitoring of RUN jobs.
- Triage EXIT/FAIL jobs and rerun fixed patterns when ready.
[reconciliation_cycle] discover_live_jobs failed: bjobs not found on PATH: [WinError 2] 系統找不到指定的檔案。
DV Agent Harness L5 - Periodic Regression Snapshot
Snapshot Time: 2026-09-05 20:00:40
SUMMARY: Total: 0

Job        Pattern / Combination                LSF        DV Analysis        UVM_ERR   UVM_FATAL  Agent Action / Note
----------------------------------------------------------------------------------------------------------------------------------

ATTENTION
- none

NEXT ACTIONS
- Analyze DONE jobs whose DV result is still UNKNOWN/pending.
- Continue incremental monitoring of RUN jobs.
- Triage EXIT/FAIL jobs and rerun fixed patterns when ready.
[reconciliation_cycle] discover_live_jobs failed: bjobs not found on PATH: [WinError 2] 系統找不到指定的檔案。
DV Agent Harness L5 - Periodic Regression Snapshot
Snapshot Time: 2026-09-05 20:05:40
SUMMARY: Total: 0

Job        Pattern / Combination                LSF        DV Analysis        UVM_ERR   UVM_FATAL  Agent Action / Note
----------------------------------------------------------------------------------------------------------------------------------

ATTENTION
- none

NEXT ACTIONS
- Analyze DONE jobs whose DV result is still UNKNOWN/pending.
- Continue incremental monitoring of RUN jobs.
- Triage EXIT/FAIL jobs and rerun fixed patterns when ready.
[reconciliation_cycle] discover_live_jobs failed: bjobs not found on PATH: [WinError 2] 系統找不到指定的檔案。
DV Agent Harness L5 - Periodic Regression Snapshot
Snapshot Time: 2026-09-05 20:10:40
SUMMARY: Total: 0

Job        Pattern / Combination                LSF        DV Analysis        UVM_ERR   UVM_FATAL  Agent Action / Note
----------------------------------------------------------------------------------------------------------------------------------

ATTENTION
- none

NEXT ACTIONS
- Analyze DONE jobs whose DV result is still UNKNOWN/pending.
- Continue incremental monitoring of RUN jobs.
- Triage EXIT/FAIL jobs and rerun fixed patterns when ready.
[reconciliation_cycle] discover_live_jobs failed: bjobs not found on PATH: [WinError 2] 系統找不到指定的檔案。
DV Agent Harness L5 - Periodic Regression Snapshot
Snapshot Time: 2026-09-05 20:15:40
SUMMARY: Total: 0

Job        Pattern / Combination                LSF        DV Analysis        UVM_ERR   UVM_FATAL  Agent Action / Note
----------------------------------------------------------------------------------------------------------------------------------

ATTENTION
- none

NEXT ACTIONS
- Analyze DONE jobs whose DV result is still UNKNOWN/pending.
- Continue incremental monitoring of RUN jobs.
- Triage EXIT/FAIL jobs and rerun fixed patterns when ready.
[reconciliation_cycle] discover_live_jobs failed: bjobs not found on PATH: [WinError 2] 系統找不到指定的檔案。
DV Agent Harness L5 - Periodic Regression Snapshot
Snapshot Time: 2026-09-05 20:20:40
SUMMARY: Total: 0

Job        Pattern / Combination                LSF        DV Analysis        UVM_ERR   UVM_FATAL  Agent Action / Note
----------------------------------------------------------------------------------------------------------------------------------

ATTENTION
- none

NEXT ACTIONS
- Analyze DONE jobs whose DV result is still UNKNOWN/pending.
- Continue incremental monitoring of RUN jobs.
- Triage EXIT/FAIL jobs and rerun fixed patterns when ready.
[reconciliation_cycle] discover_live_jobs failed: bjobs not found on PATH: [WinError 2] 系統找不到指定的檔案。
DV Agent Harness L5 - Periodic Regression Snapshot
Snapshot Time: 2026-09-05 20:25:40
SUMMARY: Total: 0

Job        Pattern / Combination                LSF        DV Analysis        UVM_ERR   UVM_FATAL  Agent Action / Note
----------------------------------------------------------------------------------------------------------------------------------

ATTENTION
- none

NEXT ACTIONS
- Analyze DONE jobs whose DV result is still UNKNOWN/pending.
- Continue incremental monitoring of RUN jobs.
- Triage EXIT/FAIL jobs and rerun fixed patterns when ready.
[reconciliation_cycle] discover_live_jobs failed: bjobs not found on PATH: [WinError 2] 系統找不到指定的檔案。
DV Agent Harness L5 - Periodic Regression Snapshot
Snapshot Time: 2026-09-05 20:30:40
SUMMARY: Total: 0

Job        Pattern / Combination                LSF        DV Analysis        UVM_ERR   UVM_FATAL  Agent Action / Note
----------------------------------------------------------------------------------------------------------------------------------

ATTENTION
- none

NEXT ACTIONS
- Analyze DONE jobs whose DV result is still UNKNOWN/pending.
- Continue incremental monitoring of RUN jobs.
- Triage EXIT/FAIL jobs and rerun fixed patterns when ready.
[reconciliation_cycle] discover_live_jobs failed: bjobs not found on PATH: [WinError 2] 系統找不到指定的檔案。
DV Agent Harness L5 - Periodic Regression Snapshot
Snapshot Time: 2026-09-05 20:35:40
SUMMARY: Total: 0

Job        Pattern / Combination                LSF        DV Analysis        UVM_ERR   UVM_FATAL  Agent Action / Note
----------------------------------------------------------------------------------------------------------------------------------

ATTENTION
- none

NEXT ACTIONS
- Analyze DONE jobs whose DV result is still UNKNOWN/pending.
- Continue incremental monitoring of RUN jobs.
- Triage EXIT/FAIL jobs and rerun fixed patterns when ready.
[reconciliation_cycle] discover_live_jobs failed: bjobs not found on PATH: [WinError 2] 系統找不到指定的檔案。
DV Agent Harness L5 - Periodic Regression Snapshot
Snapshot Time: 2026-09-05 20:40:40
SUMMARY: Total: 0

Job        Pattern / Combination                LSF        DV Analysis        UVM_ERR   UVM_FATAL  Agent Action / Note
----------------------------------------------------------------------------------------------------------------------------------

ATTENTION
- none

NEXT ACTIONS
- Analyze DONE jobs whose DV result is still UNKNOWN/pending.
- Continue incremental monitoring of RUN jobs.
- Triage EXIT/FAIL jobs and rerun fixed patterns when ready.
[reconciliation_cycle] discover_live_jobs failed: bjobs not found on PATH: [WinError 2] 系統找不到指定的檔案。
DV Agent Harness L5 - Periodic Regression Snapshot
Snapshot Time: 2026-09-05 20:45:40
SUMMARY: Total: 0

Job        Pattern / Combination                LSF        DV Analysis        UVM_ERR   UVM_FATAL  Agent Action / Note
----------------------------------------------------------------------------------------------------------------------------------

ATTENTION
- none

NEXT ACTIONS
- Analyze DONE jobs whose DV result is still UNKNOWN/pending.
- Continue incremental monitoring of RUN jobs.
- Triage EXIT/FAIL jobs and rerun fixed patterns when ready.
[reconciliation_cycle] discover_live_jobs failed: bjobs not found on PATH: [WinError 2] 系統找不到指定的檔案。
DV Agent Harness L5 - Periodic Regression Snapshot
Snapshot Time: 2026-09-05 20:50:40
SUMMARY: Total: 0

Job        Pattern / Combination                LSF        DV Analysis        UVM_ERR   UVM_FATAL  Agent Action / Note
----------------------------------------------------------------------------------------------------------------------------------

ATTENTION
- none

NEXT ACTIONS
- Analyze DONE jobs whose DV result is still UNKNOWN/pending.
- Continue incremental monitoring of RUN jobs.
- Triage EXIT/FAIL jobs and rerun fixed patterns when ready.
[reconciliation_cycle] discover_live_jobs failed: bjobs not found on PATH: [WinError 2] 系統找不到指定的檔案。
DV Agent Harness L5 - Periodic Regression Snapshot
Snapshot Time: 2026-09-05 20:55:40
SUMMARY: Total: 0

Job        Pattern / Combination                LSF        DV Analysis        UVM_ERR   UVM_FATAL  Agent Action / Note
----------------------------------------------------------------------------------------------------------------------------------

ATTENTION
- none

NEXT ACTIONS
- Analyze DONE jobs whose DV result is still UNKNOWN/pending.
- Continue incremental monitoring of RUN jobs.
- Triage EXIT/FAIL jobs and rerun fixed patterns when ready.
[reconciliation_cycle] discover_live_jobs failed: bjobs not found on PATH: [WinError 2] 系統找不到指定的檔案。
DV Agent Harness L5 - Periodic Regression Snapshot
Snapshot Time: 2026-09-05 21:00:40
SUMMARY: Total: 0

Job        Pattern / Combination                LSF        DV Analysis        UVM_ERR   UVM_FATAL  Agent Action / Note
----------------------------------------------------------------------------------------------------------------------------------

ATTENTION
- none

NEXT ACTIONS
- Analyze DONE jobs whose DV result is still UNKNOWN/pending.
- Continue incremental monitoring of RUN jobs.
- Triage EXIT/FAIL jobs and rerun fixed patterns when ready.
[reconciliation_cycle] discover_live_jobs failed: bjobs not found on PATH: [WinError 2] 系統找不到指定的檔案。
DV Agent Harness L5 - Periodic Regression Snapshot
Snapshot Time: 2026-09-05 21:05:40
SUMMARY: Total: 0

Job        Pattern / Combination                LSF        DV Analysis        UVM_ERR   UVM_FATAL  Agent Action / Note
----------------------------------------------------------------------------------------------------------------------------------

ATTENTION
- none

NEXT ACTIONS
- Analyze DONE jobs whose DV result is still UNKNOWN/pending.
- Continue incremental monitoring of RUN jobs.
- Triage EXIT/FAIL jobs and rerun fixed patterns when ready.
[reconciliation_cycle] discover_live_jobs failed: bjobs not found on PATH: [WinError 2] 系統找不到指定的檔案。
DV Agent Harness L5 - Periodic Regression Snapshot
Snapshot Time: 2026-09-05 21:10:40
SUMMARY: Total: 0

Job        Pattern / Combination                LSF        DV Analysis        UVM_ERR   UVM_FATAL  Agent Action / Note
----------------------------------------------------------------------------------------------------------------------------------

ATTENTION
- none

NEXT ACTIONS
- Analyze DONE jobs whose DV result is still UNKNOWN/pending.
- Continue incremental monitoring of RUN jobs.
- Triage EXIT/FAIL jobs and rerun fixed patterns when ready.
[reconciliation_cycle] discover_live_jobs failed: bjobs not found on PATH: [WinError 2] 系統找不到指定的檔案。
DV Agent Harness L5 - Periodic Regression Snapshot
Snapshot Time: 2026-09-05 21:15:40
SUMMARY: Total: 0

Job        Pattern / Combination                LSF        DV Analysis        UVM_ERR   UVM_FATAL  Agent Action / Note
----------------------------------------------------------------------------------------------------------------------------------

ATTENTION
- none

NEXT ACTIONS
- Analyze DONE jobs whose DV result is still UNKNOWN/pending.
- Continue incremental monitoring of RUN jobs.
- Triage EXIT/FAIL jobs and rerun fixed patterns when ready.
[reconciliation_cycle] discover_live_jobs failed: bjobs not found on PATH: [WinError 2] 系統找不到指定的檔案。
DV Agent Harness L5 - Periodic Regression Snapshot
Snapshot Time: 2026-09-05 21:20:40
SUMMARY: Total: 0

Job        Pattern / Combination                LSF        DV Analysis        UVM_ERR   UVM_FATAL  Agent Action / Note
----------------------------------------------------------------------------------------------------------------------------------

ATTENTION
- none

NEXT ACTIONS
- Analyze DONE jobs whose DV result is still UNKNOWN/pending.
- Continue incremental monitoring of RUN jobs.
- Triage EXIT/FAIL jobs and rerun fixed patterns when ready.
[reconciliation_cycle] discover_live_jobs failed: bjobs not found on PATH: [WinError 2] 系統找不到指定的檔案。
DV Agent Harness L5 - Periodic Regression Snapshot
Snapshot Time: 2026-09-05 21:25:40
SUMMARY: Total: 0

Job        Pattern / Combination                LSF        DV Analysis        UVM_ERR   UVM_FATAL  Agent Action / Note
----------------------------------------------------------------------------------------------------------------------------------

ATTENTION
- none

NEXT ACTIONS
- Analyze DONE jobs whose DV result is still UNKNOWN/pending.
- Continue incremental monitoring of RUN jobs.
- Triage EXIT/FAIL jobs and rerun fixed patterns when ready.
[reconciliation_cycle] discover_live_jobs failed: bjobs not found on PATH: [WinError 2] 系統找不到指定的檔案。
DV Agent Harness L5 - Periodic Regression Snapshot
Snapshot Time: 2026-09-05 21:30:40
SUMMARY: Total: 0

Job        Pattern / Combination                LSF        DV Analysis        UVM_ERR   UVM_FATAL  Agent Action / Note
----------------------------------------------------------------------------------------------------------------------------------

ATTENTION
- none

NEXT ACTIONS
- Analyze DONE jobs whose DV result is still UNKNOWN/pending.
- Continue incremental monitoring of RUN jobs.
- Triage EXIT/FAIL jobs and rerun fixed patterns when ready.
[reconciliation_cycle] discover_live_jobs failed: bjobs not found on PATH: [WinError 2] 系統找不到指定的檔案。
DV Agent Harness L5 - Periodic Regression Snapshot
Snapshot Time: 2026-09-05 21:35:40
SUMMARY: Total: 0

Job        Pattern / Combination                LSF        DV Analysis        UVM_ERR   UVM_FATAL  Agent Action / Note
----------------------------------------------------------------------------------------------------------------------------------

ATTENTION
- none

NEXT ACTIONS
- Analyze DONE jobs whose DV result is still UNKNOWN/pending.
- Continue incremental monitoring of RUN jobs.
- Triage EXIT/FAIL jobs and rerun fixed patterns when ready.
[reconciliation_cycle] discover_live_jobs failed: bjobs not found on PATH: [WinError 2] 系統找不到指定的檔案。
DV Agent Harness L5 - Periodic Regression Snapshot
Snapshot Time: 2026-09-05 21:40:40
SUMMARY: Total: 0

Job        Pattern / Combination                LSF        DV Analysis        UVM_ERR   UVM_FATAL  Agent Action / Note
----------------------------------------------------------------------------------------------------------------------------------

ATTENTION
- none

NEXT ACTIONS
- Analyze DONE jobs whose DV result is still UNKNOWN/pending.
- Continue incremental monitoring of RUN jobs.
- Triage EXIT/FAIL jobs and rerun fixed patterns when ready.
[reconciliation_cycle] discover_live_jobs failed: bjobs not found on PATH: [WinError 2] 系統找不到指定的檔案。
DV Agent Harness L5 - Periodic Regression Snapshot
Snapshot Time: 2026-09-05 21:45:40
SUMMARY: Total: 0

Job        Pattern / Combination                LSF        DV Analysis        UVM_ERR   UVM_FATAL  Agent Action / Note
----------------------------------------------------------------------------------------------------------------------------------

ATTENTION
- none

NEXT ACTIONS
- Analyze DONE jobs whose DV result is still UNKNOWN/pending.
- Continue incremental monitoring of RUN jobs.
- Triage EXIT/FAIL jobs and rerun fixed patterns when ready.
[reconciliation_cycle] discover_live_jobs failed: bjobs not found on PATH: [WinError 2] 系統找不到指定的檔案。
DV Agent Harness L5 - Periodic Regression Snapshot
Snapshot Time: 2026-09-05 21:50:40
SUMMARY: Total: 0

Job        Pattern / Combination                LSF        DV Analysis        UVM_ERR   UVM_FATAL  Agent Action / Note
----------------------------------------------------------------------------------------------------------------------------------

ATTENTION
- none

NEXT ACTIONS
- Analyze DONE jobs whose DV result is still UNKNOWN/pending.
- Continue incremental monitoring of RUN jobs.
- Triage EXIT/FAIL jobs and rerun fixed patterns when ready.
[reconciliation_cycle] discover_live_jobs failed: bjobs not found on PATH: [WinError 2] 系統找不到指定的檔案。
DV Agent Harness L5 - Periodic Regression Snapshot
Snapshot Time: 2026-09-05 21:55:40
SUMMARY: Total: 0

Job        Pattern / Combination                LSF        DV Analysis        UVM_ERR   UVM_FATAL  Agent Action / Note
----------------------------------------------------------------------------------------------------------------------------------

ATTENTION
- none

NEXT ACTIONS
- Analyze DONE jobs whose DV result is still UNKNOWN/pending.
- Continue incremental monitoring of RUN jobs.
- Triage EXIT/FAIL jobs and rerun fixed patterns when ready.
[reconciliation_cycle] discover_live_jobs failed: bjobs not found on PATH: [WinError 2] 系統找不到指定的檔案。
DV Agent Harness L5 - Periodic Regression Snapshot
Snapshot Time: 2026-09-05 22:00:40
SUMMARY: Total: 0

Job        Pattern / Combination                LSF        DV Analysis        UVM_ERR   UVM_FATAL  Agent Action / Note
----------------------------------------------------------------------------------------------------------------------------------

ATTENTION
- none

NEXT ACTIONS
- Analyze DONE jobs whose DV result is still UNKNOWN/pending.
- Continue incremental monitoring of RUN jobs.
- Triage EXIT/FAIL jobs and rerun fixed patterns when ready.
[reconciliation_cycle] discover_live_jobs failed: bjobs not found on PATH: [WinError 2] 系統找不到指定的檔案。
DV Agent Harness L5 - Periodic Regression Snapshot
Snapshot Time: 2026-09-05 22:05:40
SUMMARY: Total: 0

Job        Pattern / Combination                LSF        DV Analysis        UVM_ERR   UVM_FATAL  Agent Action / Note
----------------------------------------------------------------------------------------------------------------------------------

ATTENTION
- none

NEXT ACTIONS
- Analyze DONE jobs whose DV result is still UNKNOWN/pending.
- Continue incremental monitoring of RUN jobs.
- Triage EXIT/FAIL jobs and rerun fixed patterns when ready.
[reconciliation_cycle] discover_live_jobs failed: bjobs not found on PATH: [WinError 2] 系統找不到指定的檔案。
DV Agent Harness L5 - Periodic Regression Snapshot
Snapshot Time: 2026-09-05 22:10:40
SUMMARY: Total: 0

Job        Pattern / Combination                LSF        DV Analysis        UVM_ERR   UVM_FATAL  Agent Action / Note
----------------------------------------------------------------------------------------------------------------------------------

ATTENTION
- none

NEXT ACTIONS
- Analyze DONE jobs whose DV result is still UNKNOWN/pending.
- Continue incremental monitoring of RUN jobs.
- Triage EXIT/FAIL jobs and rerun fixed patterns when ready.
[reconciliation_cycle] discover_live_jobs failed: bjobs not found on PATH: [WinError 2] 系統找不到指定的檔案。
DV Agent Harness L5 - Periodic Regression Snapshot
Snapshot Time: 2026-09-05 22:15:40
SUMMARY: Total: 0

Job        Pattern / Combination                LSF        DV Analysis        UVM_ERR   UVM_FATAL  Agent Action / Note
----------------------------------------------------------------------------------------------------------------------------------

ATTENTION
- none

NEXT ACTIONS
- Analyze DONE jobs whose DV result is still UNKNOWN/pending.
- Continue incremental monitoring of RUN jobs.
- Triage EXIT/FAIL jobs and rerun fixed patterns when ready.
[reconciliation_cycle] discover_live_jobs failed: bjobs not found on PATH: [WinError 2] 系統找不到指定的檔案。
DV Agent Harness L5 - Periodic Regression Snapshot
Snapshot Time: 2026-09-05 22:20:40
SUMMARY: Total: 0

Job        Pattern / Combination                LSF        DV Analysis        UVM_ERR   UVM_FATAL  Agent Action / Note
----------------------------------------------------------------------------------------------------------------------------------

ATTENTION
- none

NEXT ACTIONS
- Analyze DONE jobs whose DV result is still UNKNOWN/pending.
- Continue incremental monitoring of RUN jobs.
- Triage EXIT/FAIL jobs and rerun fixed patterns when ready.
[reconciliation_cycle] discover_live_jobs failed: bjobs not found on PATH: [WinError 2] 系統找不到指定的檔案。
DV Agent Harness L5 - Periodic Regression Snapshot
Snapshot Time: 2026-09-05 22:25:40
SUMMARY: Total: 0

Job        Pattern / Combination                LSF        DV Analysis        UVM_ERR   UVM_FATAL  Agent Action / Note
----------------------------------------------------------------------------------------------------------------------------------

ATTENTION
- none

NEXT ACTIONS
- Analyze DONE jobs whose DV result is still UNKNOWN/pending.
- Continue incremental monitoring of RUN jobs.
- Triage EXIT/FAIL jobs and rerun fixed patterns when ready.
[reconciliation_cycle] discover_live_jobs failed: bjobs not found on PATH: [WinError 2] 系統找不到指定的檔案。
DV Agent Harness L5 - Periodic Regression Snapshot
Snapshot Time: 2026-09-05 22:30:40
SUMMARY: Total: 0

Job        Pattern / Combination                LSF        DV Analysis        UVM_ERR   UVM_FATAL  Agent Action / Note
----------------------------------------------------------------------------------------------------------------------------------

ATTENTION
- none

NEXT ACTIONS
- Analyze DONE jobs whose DV result is still UNKNOWN/pending.
- Continue incremental monitoring of RUN jobs.
- Triage EXIT/FAIL jobs and rerun fixed patterns when ready.
[reconciliation_cycle] discover_live_jobs failed: bjobs not found on PATH: [WinError 2] 系統找不到指定的檔案。
DV Agent Harness L5 - Periodic Regression Snapshot
Snapshot Time: 2026-09-05 22:35:40
SUMMARY: Total: 0

Job        Pattern / Combination                LSF        DV Analysis        UVM_ERR   UVM_FATAL  Agent Action / Note
----------------------------------------------------------------------------------------------------------------------------------

ATTENTION
- none

NEXT ACTIONS
- Analyze DONE jobs whose DV result is still UNKNOWN/pending.
- Continue incremental monitoring of RUN jobs.
- Triage EXIT/FAIL jobs and rerun fixed patterns when ready.
[reconciliation_cycle] discover_live_jobs failed: bjobs not found on PATH: [WinError 2] 系統找不到指定的檔案。
DV Agent Harness L5 - Periodic Regression Snapshot
Snapshot Time: 2026-09-05 22:40:40
SUMMARY: Total: 0

Job        Pattern / Combination                LSF        DV Analysis        UVM_ERR   UVM_FATAL  Agent Action / Note
----------------------------------------------------------------------------------------------------------------------------------

ATTENTION
- none

NEXT ACTIONS
- Analyze DONE jobs whose DV result is still UNKNOWN/pending.
- Continue incremental monitoring of RUN jobs.
- Triage EXIT/FAIL jobs and rerun fixed patterns when ready.
[reconciliation_cycle] discover_live_jobs failed: bjobs not found on PATH: [WinError 2] 系統找不到指定的檔案。
DV Agent Harness L5 - Periodic Regression Snapshot
Snapshot Time: 2026-09-05 22:45:40
SUMMARY: Total: 0

Job        Pattern / Combination                LSF        DV Analysis        UVM_ERR   UVM_FATAL  Agent Action / Note
----------------------------------------------------------------------------------------------------------------------------------

ATTENTION
- none

NEXT ACTIONS
- Analyze DONE jobs whose DV result is still UNKNOWN/pending.
- Continue incremental monitoring of RUN jobs.
- Triage EXIT/FAIL jobs and rerun fixed patterns when ready.
[reconciliation_cycle] discover_live_jobs failed: bjobs not found on PATH: [WinError 2] 系統找不到指定的檔案。
DV Agent Harness L5 - Periodic Regression Snapshot
Snapshot Time: 2026-09-05 22:50:41
SUMMARY: Total: 0

Job        Pattern / Combination                LSF        DV Analysis        UVM_ERR   UVM_FATAL  Agent Action / Note
----------------------------------------------------------------------------------------------------------------------------------

ATTENTION
- none

NEXT ACTIONS
- Analyze DONE jobs whose DV result is still UNKNOWN/pending.
- Continue incremental monitoring of RUN jobs.
- Triage EXIT/FAIL jobs and rerun fixed patterns when ready.
[reconciliation_cycle] discover_live_jobs failed: bjobs not found on PATH: [WinError 2] 系統找不到指定的檔案。
DV Agent Harness L5 - Periodic Regression Snapshot
Snapshot Time: 2026-09-05 22:55:41
SUMMARY: Total: 0

Job        Pattern / Combination                LSF        DV Analysis        UVM_ERR   UVM_FATAL  Agent Action / Note
----------------------------------------------------------------------------------------------------------------------------------

ATTENTION
- none

NEXT ACTIONS
- Analyze DONE jobs whose DV result is still UNKNOWN/pending.
- Continue incremental monitoring of RUN jobs.
- Triage EXIT/FAIL jobs and rerun fixed patterns when ready.
[reconciliation_cycle] discover_live_jobs failed: bjobs not found on PATH: [WinError 2] 系統找不到指定的檔案。
DV Agent Harness L5 - Periodic Regression Snapshot
Snapshot Time: 2026-09-05 23:00:41
SUMMARY: Total: 0

Job        Pattern / Combination                LSF        DV Analysis        UVM_ERR   UVM_FATAL  Agent Action / Note
----------------------------------------------------------------------------------------------------------------------------------

ATTENTION
- none

NEXT ACTIONS
- Analyze DONE jobs whose DV result is still UNKNOWN/pending.
- Continue incremental monitoring of RUN jobs.
- Triage EXIT/FAIL jobs and rerun fixed patterns when ready.
[reconciliation_cycle] discover_live_jobs failed: bjobs not found on PATH: [WinError 2] 系統找不到指定的檔案。
DV Agent Harness L5 - Periodic Regression Snapshot
Snapshot Time: 2026-09-05 23:05:41
SUMMARY: Total: 0

Job        Pattern / Combination                LSF        DV Analysis        UVM_ERR   UVM_FATAL  Agent Action / Note
----------------------------------------------------------------------------------------------------------------------------------

ATTENTION
- none

NEXT ACTIONS
- Analyze DONE jobs whose DV result is still UNKNOWN/pending.
- Continue incremental monitoring of RUN jobs.
- Triage EXIT/FAIL jobs and rerun fixed patterns when ready.
[reconciliation_cycle] discover_live_jobs failed: bjobs not found on PATH: [WinError 2] 系統找不到指定的檔案。
DV Agent Harness L5 - Periodic Regression Snapshot
Snapshot Time: 2026-09-05 23:10:41
SUMMARY: Total: 0

Job        Pattern / Combination                LSF        DV Analysis        UVM_ERR   UVM_FATAL  Agent Action / Note
----------------------------------------------------------------------------------------------------------------------------------

ATTENTION
- none

NEXT ACTIONS
- Analyze DONE jobs whose DV result is still UNKNOWN/pending.
- Continue incremental monitoring of RUN jobs.
- Triage EXIT/FAIL jobs and rerun fixed patterns when ready.
[reconciliation_cycle] discover_live_jobs failed: bjobs not found on PATH: [WinError 2] 系統找不到指定的檔案。
DV Agent Harness L5 - Periodic Regression Snapshot
Snapshot Time: 2026-09-05 23:15:41
SUMMARY: Total: 0

Job        Pattern / Combination                LSF        DV Analysis        UVM_ERR   UVM_FATAL  Agent Action / Note
----------------------------------------------------------------------------------------------------------------------------------

ATTENTION
- none

NEXT ACTIONS
- Analyze DONE jobs whose DV result is still UNKNOWN/pending.
- Continue incremental monitoring of RUN jobs.
- Triage EXIT/FAIL jobs and rerun fixed patterns when ready.
[reconciliation_cycle] discover_live_jobs failed: bjobs not found on PATH: [WinError 2] 系統找不到指定的檔案。
DV Agent Harness L5 - Periodic Regression Snapshot
Snapshot Time: 2026-09-05 23:20:41
SUMMARY: Total: 0

Job        Pattern / Combination                LSF        DV Analysis        UVM_ERR   UVM_FATAL  Agent Action / Note
----------------------------------------------------------------------------------------------------------------------------------

ATTENTION
- none

NEXT ACTIONS
- Analyze DONE jobs whose DV result is still UNKNOWN/pending.
- Continue incremental monitoring of RUN jobs.
- Triage EXIT/FAIL jobs and rerun fixed patterns when ready.
[reconciliation_cycle] discover_live_jobs failed: bjobs not found on PATH: [WinError 2] 系統找不到指定的檔案。
DV Agent Harness L5 - Periodic Regression Snapshot
Snapshot Time: 2026-09-05 23:25:41
SUMMARY: Total: 0

Job        Pattern / Combination                LSF        DV Analysis        UVM_ERR   UVM_FATAL  Agent Action / Note
----------------------------------------------------------------------------------------------------------------------------------

ATTENTION
- none

NEXT ACTIONS
- Analyze DONE jobs whose DV result is still UNKNOWN/pending.
- Continue incremental monitoring of RUN jobs.
- Triage EXIT/FAIL jobs and rerun fixed patterns when ready.
[reconciliation_cycle] discover_live_jobs failed: bjobs not found on PATH: [WinError 2] 系統找不到指定的檔案。
DV Agent Harness L5 - Periodic Regression Snapshot
Snapshot Time: 2026-09-05 23:30:41
SUMMARY: Total: 0

Job        Pattern / Combination                LSF        DV Analysis        UVM_ERR   UVM_FATAL  Agent Action / Note
----------------------------------------------------------------------------------------------------------------------------------

ATTENTION
- none

NEXT ACTIONS
- Analyze DONE jobs whose DV result is still UNKNOWN/pending.
- Continue incremental monitoring of RUN jobs.
- Triage EXIT/FAIL jobs and rerun fixed patterns when ready.
[reconciliation_cycle] discover_live_jobs failed: bjobs not found on PATH: [WinError 2] 系統找不到指定的檔案。
DV Agent Harness L5 - Periodic Regression Snapshot
Snapshot Time: 2026-09-05 23:35:41
SUMMARY: Total: 0

Job        Pattern / Combination                LSF        DV Analysis        UVM_ERR   UVM_FATAL  Agent Action / Note
----------------------------------------------------------------------------------------------------------------------------------

ATTENTION
- none

NEXT ACTIONS
- Analyze DONE jobs whose DV result is still UNKNOWN/pending.
- Continue incremental monitoring of RUN jobs.
- Triage EXIT/FAIL jobs and rerun fixed patterns when ready.
[reconciliation_cycle] discover_live_jobs failed: bjobs not found on PATH: [WinError 2] 系統找不到指定的檔案。
DV Agent Harness L5 - Periodic Regression Snapshot
Snapshot Time: 2026-09-05 23:40:41
SUMMARY: Total: 0

Job        Pattern / Combination                LSF        DV Analysis        UVM_ERR   UVM_FATAL  Agent Action / Note
----------------------------------------------------------------------------------------------------------------------------------

ATTENTION
- none

NEXT ACTIONS
- Analyze DONE jobs whose DV result is still UNKNOWN/pending.
- Continue incremental monitoring of RUN jobs.
- Triage EXIT/FAIL jobs and rerun fixed patterns when ready.
[reconciliation_cycle] discover_live_jobs failed: bjobs not found on PATH: [WinError 2] 系統找不到指定的檔案。
DV Agent Harness L5 - Periodic Regression Snapshot
Snapshot Time: 2026-09-05 23:45:41
SUMMARY: Total: 0

Job        Pattern / Combination                LSF        DV Analysis        UVM_ERR   UVM_FATAL  Agent Action / Note
----------------------------------------------------------------------------------------------------------------------------------

ATTENTION
- none

NEXT ACTIONS
- Analyze DONE jobs whose DV result is still UNKNOWN/pending.
- Continue incremental monitoring of RUN jobs.
- Triage EXIT/FAIL jobs and rerun fixed patterns when ready.
[reconciliation_cycle] discover_live_jobs failed: bjobs not found on PATH: [WinError 2] 系統找不到指定的檔案。
DV Agent Harness L5 - Periodic Regression Snapshot
Snapshot Time: 2026-09-05 23:50:41
SUMMARY: Total: 0

Job        Pattern / Combination                LSF        DV Analysis        UVM_ERR   UVM_FATAL  Agent Action / Note
----------------------------------------------------------------------------------------------------------------------------------

ATTENTION
- none

NEXT ACTIONS
- Analyze DONE jobs whose DV result is still UNKNOWN/pending.
- Continue incremental monitoring of RUN jobs.
- Triage EXIT/FAIL jobs and rerun fixed patterns when ready.
[reconciliation_cycle] discover_live_jobs failed: bjobs not found on PATH: [WinError 2] 系統找不到指定的檔案。
DV Agent Harness L5 - Periodic Regression Snapshot
Snapshot Time: 2026-09-05 23:55:41
SUMMARY: Total: 0

Job        Pattern / Combination                LSF        DV Analysis        UVM_ERR   UVM_FATAL  Agent Action / Note
----------------------------------------------------------------------------------------------------------------------------------

ATTENTION
- none

NEXT ACTIONS
- Analyze DONE jobs whose DV result is still UNKNOWN/pending.
- Continue incremental monitoring of RUN jobs.
- Triage EXIT/FAIL jobs and rerun fixed patterns when ready.
[reconciliation_cycle] discover_live_jobs failed: bjobs not found on PATH: [WinError 2] 系統找不到指定的檔案。
DV Agent Harness L5 - Periodic Regression Snapshot
Snapshot Time: 2026-09-06 00:00:41
SUMMARY: Total: 0

Job        Pattern / Combination                LSF        DV Analysis        UVM_ERR   UVM_FATAL  Agent Action / Note
----------------------------------------------------------------------------------------------------------------------------------

ATTENTION
- none

NEXT ACTIONS
- Analyze DONE jobs whose DV result is still UNKNOWN/pending.
- Continue incremental monitoring of RUN jobs.
- Triage EXIT/FAIL jobs and rerun fixed patterns when ready.
[reconciliation_cycle] discover_live_jobs failed: bjobs not found on PATH: [WinError 2] 系統找不到指定的檔案。
DV Agent Harness L5 - Periodic Regression Snapshot
Snapshot Time: 2026-09-06 00:05:41
SUMMARY: Total: 0

Job        Pattern / Combination                LSF        DV Analysis        UVM_ERR   UVM_FATAL  Agent Action / Note
----------------------------------------------------------------------------------------------------------------------------------

ATTENTION
- none

NEXT ACTIONS
- Analyze DONE jobs whose DV result is still UNKNOWN/pending.
- Continue incremental monitoring of RUN jobs.
- Triage EXIT/FAIL jobs and rerun fixed patterns when ready.
[reconciliation_cycle] discover_live_jobs failed: bjobs not found on PATH: [WinError 2] 系統找不到指定的檔案。
DV Agent Harness L5 - Periodic Regression Snapshot
Snapshot Time: 2026-09-06 00:10:41
SUMMARY: Total: 0

Job        Pattern / Combination                LSF        DV Analysis        UVM_ERR   UVM_FATAL  Agent Action / Note
----------------------------------------------------------------------------------------------------------------------------------

ATTENTION
- none

NEXT ACTIONS
- Analyze DONE jobs whose DV result is still UNKNOWN/pending.
- Continue incremental monitoring of RUN jobs.
- Triage EXIT/FAIL jobs and rerun fixed patterns when ready.
[reconciliation_cycle] discover_live_jobs failed: bjobs not found on PATH: [WinError 2] 系統找不到指定的檔案。
DV Agent Harness L5 - Periodic Regression Snapshot
Snapshot Time: 2026-09-06 00:15:41
SUMMARY: Total: 0

Job        Pattern / Combination                LSF        DV Analysis        UVM_ERR   UVM_FATAL  Agent Action / Note
----------------------------------------------------------------------------------------------------------------------------------

ATTENTION
- none

NEXT ACTIONS
- Analyze DONE jobs whose DV result is still UNKNOWN/pending.
- Continue incremental monitoring of RUN jobs.
- Triage EXIT/FAIL jobs and rerun fixed patterns when ready.
[reconciliation_cycle] discover_live_jobs failed: bjobs not found on PATH: [WinError 2] 系統找不到指定的檔案。
DV Agent Harness L5 - Periodic Regression Snapshot
Snapshot Time: 2026-09-06 00:20:41
SUMMARY: Total: 0

Job        Pattern / Combination                LSF        DV Analysis        UVM_ERR   UVM_FATAL  Agent Action / Note
----------------------------------------------------------------------------------------------------------------------------------

ATTENTION
- none

NEXT ACTIONS
- Analyze DONE jobs whose DV result is still UNKNOWN/pending.
- Continue incremental monitoring of RUN jobs.
- Triage EXIT/FAIL jobs and rerun fixed patterns when ready.
[reconciliation_cycle] discover_live_jobs failed: bjobs not found on PATH: [WinError 2] 系統找不到指定的檔案。
DV Agent Harness L5 - Periodic Regression Snapshot
Snapshot Time: 2026-09-06 00:25:41
SUMMARY: Total: 0

Job        Pattern / Combination                LSF        DV Analysis        UVM_ERR   UVM_FATAL  Agent Action / Note
----------------------------------------------------------------------------------------------------------------------------------

ATTENTION
- none

NEXT ACTIONS
- Analyze DONE jobs whose DV result is still UNKNOWN/pending.
- Continue incremental monitoring of RUN jobs.
- Triage EXIT/FAIL jobs and rerun fixed patterns when ready.
[reconciliation_cycle] discover_live_jobs failed: bjobs not found on PATH: [WinError 2] 系統找不到指定的檔案。
DV Agent Harness L5 - Periodic Regression Snapshot
Snapshot Time: 2026-09-06 00:30:41
SUMMARY: Total: 0

Job        Pattern / Combination                LSF        DV Analysis        UVM_ERR   UVM_FATAL  Agent Action / Note
----------------------------------------------------------------------------------------------------------------------------------

ATTENTION
- none

NEXT ACTIONS
- Analyze DONE jobs whose DV result is still UNKNOWN/pending.
- Continue incremental monitoring of RUN jobs.
- Triage EXIT/FAIL jobs and rerun fixed patterns when ready.
[reconciliation_cycle] discover_live_jobs failed: bjobs not found on PATH: [WinError 2] 系統找不到指定的檔案。
DV Agent Harness L5 - Periodic Regression Snapshot
Snapshot Time: 2026-09-06 00:35:41
SUMMARY: Total: 0

Job        Pattern / Combination                LSF        DV Analysis        UVM_ERR   UVM_FATAL  Agent Action / Note
----------------------------------------------------------------------------------------------------------------------------------

ATTENTION
- none

NEXT ACTIONS
- Analyze DONE jobs whose DV result is still UNKNOWN/pending.
- Continue incremental monitoring of RUN jobs.
- Triage EXIT/FAIL jobs and rerun fixed patterns when ready.
[reconciliation_cycle] discover_live_jobs failed: bjobs not found on PATH: [WinError 2] 系統找不到指定的檔案。
DV Agent Harness L5 - Periodic Regression Snapshot
Snapshot Time: 2026-09-06 00:40:42
SUMMARY: Total: 0

Job        Pattern / Combination                LSF        DV Analysis        UVM_ERR   UVM_FATAL  Agent Action / Note
----------------------------------------------------------------------------------------------------------------------------------

ATTENTION
- none

NEXT ACTIONS
- Analyze DONE jobs whose DV result is still UNKNOWN/pending.
- Continue incremental monitoring of RUN jobs.
- Triage EXIT/FAIL jobs and rerun fixed patterns when ready.
[reconciliation_cycle] discover_live_jobs failed: bjobs not found on PATH: [WinError 2] 系統找不到指定的檔案。
DV Agent Harness L5 - Periodic Regression Snapshot
Snapshot Time: 2026-09-06 00:45:42
SUMMARY: Total: 0

Job        Pattern / Combination                LSF        DV Analysis        UVM_ERR   UVM_FATAL  Agent Action / Note
----------------------------------------------------------------------------------------------------------------------------------

ATTENTION
- none

NEXT ACTIONS
- Analyze DONE jobs whose DV result is still UNKNOWN/pending.
- Continue incremental monitoring of RUN jobs.
- Triage EXIT/FAIL jobs and rerun fixed patterns when ready.
[reconciliation_cycle] discover_live_jobs failed: bjobs not found on PATH: [WinError 2] 系統找不到指定的檔案。
DV Agent Harness L5 - Periodic Regression Snapshot
Snapshot Time: 2026-09-06 00:50:42
SUMMARY: Total: 0

Job        Pattern / Combination                LSF        DV Analysis        UVM_ERR   UVM_FATAL  Agent Action / Note
----------------------------------------------------------------------------------------------------------------------------------

ATTENTION
- none

NEXT ACTIONS
- Analyze DONE jobs whose DV result is still UNKNOWN/pending.
- Continue incremental monitoring of RUN jobs.
- Triage EXIT/FAIL jobs and rerun fixed patterns when ready.
[reconciliation_cycle] discover_live_jobs failed: bjobs not found on PATH: [WinError 2] 系統找不到指定的檔案。
DV Agent Harness L5 - Periodic Regression Snapshot
Snapshot Time: 2026-09-06 00:55:42
SUMMARY: Total: 0

Job        Pattern / Combination                LSF        DV Analysis        UVM_ERR   UVM_FATAL  Agent Action / Note
----------------------------------------------------------------------------------------------------------------------------------

ATTENTION
- none

NEXT ACTIONS
- Analyze DONE jobs whose DV result is still UNKNOWN/pending.
- Continue incremental monitoring of RUN jobs.
- Triage EXIT/FAIL jobs and rerun fixed patterns when ready.
[reconciliation_cycle] discover_live_jobs failed: bjobs not found on PATH: [WinError 2] 系統找不到指定的檔案。
DV Agent Harness L5 - Periodic Regression Snapshot
Snapshot Time: 2026-09-06 01:00:42
SUMMARY: Total: 0

Job        Pattern / Combination                LSF        DV Analysis        UVM_ERR   UVM_FATAL  Agent Action / Note
----------------------------------------------------------------------------------------------------------------------------------

ATTENTION
- none

NEXT ACTIONS
- Analyze DONE jobs whose DV result is still UNKNOWN/pending.
- Continue incremental monitoring of RUN jobs.
- Triage EXIT/FAIL jobs and rerun fixed patterns when ready.
[reconciliation_cycle] discover_live_jobs failed: bjobs not found on PATH: [WinError 2] 系統找不到指定的檔案。
DV Agent Harness L5 - Periodic Regression Snapshot
Snapshot Time: 2026-09-06 01:05:42
SUMMARY: Total: 0

Job        Pattern / Combination                LSF        DV Analysis        UVM_ERR   UVM_FATAL  Agent Action / Note
----------------------------------------------------------------------------------------------------------------------------------

ATTENTION
- none

NEXT ACTIONS
- Analyze DONE jobs whose DV result is still UNKNOWN/pending.
- Continue incremental monitoring of RUN jobs.
- Triage EXIT/FAIL jobs and rerun fixed patterns when ready.
[reconciliation_cycle] discover_live_jobs failed: bjobs not found on PATH: [WinError 2] 系統找不到指定的檔案。
DV Agent Harness L5 - Periodic Regression Snapshot
Snapshot Time: 2026-09-06 01:10:42
SUMMARY: Total: 0

Job        Pattern / Combination                LSF        DV Analysis        UVM_ERR   UVM_FATAL  Agent Action / Note
----------------------------------------------------------------------------------------------------------------------------------

ATTENTION
- none

NEXT ACTIONS
- Analyze DONE jobs whose DV result is still UNKNOWN/pending.
- Continue incremental monitoring of RUN jobs.
- Triage EXIT/FAIL jobs and rerun fixed patterns when ready.
[reconciliation_cycle] discover_live_jobs failed: bjobs not found on PATH: [WinError 2] 系統找不到指定的檔案。
DV Agent Harness L5 - Periodic Regression Snapshot
Snapshot Time: 2026-09-06 01:15:42
SUMMARY: Total: 0

Job        Pattern / Combination                LSF        DV Analysis        UVM_ERR   UVM_FATAL  Agent Action / Note
----------------------------------------------------------------------------------------------------------------------------------

ATTENTION
- none

NEXT ACTIONS
- Analyze DONE jobs whose DV result is still UNKNOWN/pending.
- Continue incremental monitoring of RUN jobs.
- Triage EXIT/FAIL jobs and rerun fixed patterns when ready.
[reconciliation_cycle] discover_live_jobs failed: bjobs not found on PATH: [WinError 2] 系統找不到指定的檔案。
DV Agent Harness L5 - Periodic Regression Snapshot
Snapshot Time: 2026-09-06 01:20:42
SUMMARY: Total: 0

Job        Pattern / Combination                LSF        DV Analysis        UVM_ERR   UVM_FATAL  Agent Action / Note
----------------------------------------------------------------------------------------------------------------------------------

ATTENTION
- none

NEXT ACTIONS
- Analyze DONE jobs whose DV result is still UNKNOWN/pending.
- Continue incremental monitoring of RUN jobs.
- Triage EXIT/FAIL jobs and rerun fixed patterns when ready.
[reconciliation_cycle] discover_live_jobs failed: bjobs not found on PATH: [WinError 2] 系統找不到指定的檔案。
DV Agent Harness L5 - Periodic Regression Snapshot
Snapshot Time: 2026-09-06 01:25:42
SUMMARY: Total: 0

Job        Pattern / Combination                LSF        DV Analysis        UVM_ERR   UVM_FATAL  Agent Action / Note
----------------------------------------------------------------------------------------------------------------------------------

ATTENTION
- none

NEXT ACTIONS
- Analyze DONE jobs whose DV result is still UNKNOWN/pending.
- Continue incremental monitoring of RUN jobs.
- Triage EXIT/FAIL jobs and rerun fixed patterns when ready.
[reconciliation_cycle] discover_live_jobs failed: bjobs not found on PATH: [WinError 2] 系統找不到指定的檔案。
DV Agent Harness L5 - Periodic Regression Snapshot
Snapshot Time: 2026-09-06 01:30:42
SUMMARY: Total: 0

Job        Pattern / Combination                LSF        DV Analysis        UVM_ERR   UVM_FATAL  Agent Action / Note
----------------------------------------------------------------------------------------------------------------------------------

ATTENTION
- none

NEXT ACTIONS
- Analyze DONE jobs whose DV result is still UNKNOWN/pending.
- Continue incremental monitoring of RUN jobs.
- Triage EXIT/FAIL jobs and rerun fixed patterns when ready.
[reconciliation_cycle] discover_live_jobs failed: bjobs not found on PATH: [WinError 2] 系統找不到指定的檔案。
DV Agent Harness L5 - Periodic Regression Snapshot
Snapshot Time: 2026-09-06 01:35:42
SUMMARY: Total: 0

Job        Pattern / Combination                LSF        DV Analysis        UVM_ERR   UVM_FATAL  Agent Action / Note
----------------------------------------------------------------------------------------------------------------------------------

ATTENTION
- none

NEXT ACTIONS
- Analyze DONE jobs whose DV result is still UNKNOWN/pending.
- Continue incremental monitoring of RUN jobs.
- Triage EXIT/FAIL jobs and rerun fixed patterns when ready.
[reconciliation_cycle] discover_live_jobs failed: bjobs not found on PATH: [WinError 2] 系統找不到指定的檔案。
DV Agent Harness L5 - Periodic Regression Snapshot
Snapshot Time: 2026-09-06 01:40:42
SUMMARY: Total: 0

Job        Pattern / Combination                LSF        DV Analysis        UVM_ERR   UVM_FATAL  Agent Action / Note
----------------------------------------------------------------------------------------------------------------------------------

ATTENTION
- none

NEXT ACTIONS
- Analyze DONE jobs whose DV result is still UNKNOWN/pending.
- Continue incremental monitoring of RUN jobs.
- Triage EXIT/FAIL jobs and rerun fixed patterns when ready.
[reconciliation_cycle] discover_live_jobs failed: bjobs not found on PATH: [WinError 2] 系統找不到指定的檔案。
DV Agent Harness L5 - Periodic Regression Snapshot
Snapshot Time: 2026-09-06 01:45:42
SUMMARY: Total: 0

Job        Pattern / Combination                LSF        DV Analysis        UVM_ERR   UVM_FATAL  Agent Action / Note
----------------------------------------------------------------------------------------------------------------------------------

ATTENTION
- none

NEXT ACTIONS
- Analyze DONE jobs whose DV result is still UNKNOWN/pending.
- Continue incremental monitoring of RUN jobs.
- Triage EXIT/FAIL jobs and rerun fixed patterns when ready.
[reconciliation_cycle] discover_live_jobs failed: bjobs not found on PATH: [WinError 2] 系統找不到指定的檔案。
DV Agent Harness L5 - Periodic Regression Snapshot
Snapshot Time: 2026-09-06 01:50:42
SUMMARY: Total: 0

Job        Pattern / Combination                LSF        DV Analysis        UVM_ERR   UVM_FATAL  Agent Action / Note
----------------------------------------------------------------------------------------------------------------------------------

ATTENTION
- none

NEXT ACTIONS
- Analyze DONE jobs whose DV result is still UNKNOWN/pending.
- Continue incremental monitoring of RUN jobs.
- Triage EXIT/FAIL jobs and rerun fixed patterns when ready.
[reconciliation_cycle] discover_live_jobs failed: bjobs not found on PATH: [WinError 2] 系統找不到指定的檔案。
DV Agent Harness L5 - Periodic Regression Snapshot
Snapshot Time: 2026-09-06 01:55:42
SUMMARY: Total: 0

Job        Pattern / Combination                LSF        DV Analysis        UVM_ERR   UVM_FATAL  Agent Action / Note
----------------------------------------------------------------------------------------------------------------------------------

ATTENTION
- none

NEXT ACTIONS
- Analyze DONE jobs whose DV result is still UNKNOWN/pending.
- Continue incremental monitoring of RUN jobs.
- Triage EXIT/FAIL jobs and rerun fixed patterns when ready.
[reconciliation_cycle] discover_live_jobs failed: bjobs not found on PATH: [WinError 2] 系統找不到指定的檔案。
DV Agent Harness L5 - Periodic Regression Snapshot
Snapshot Time: 2026-09-06 02:00:42
SUMMARY: Total: 0

Job        Pattern / Combination                LSF        DV Analysis        UVM_ERR   UVM_FATAL  Agent Action / Note
----------------------------------------------------------------------------------------------------------------------------------

ATTENTION
- none

NEXT ACTIONS
- Analyze DONE jobs whose DV result is still UNKNOWN/pending.
- Continue incremental monitoring of RUN jobs.
- Triage EXIT/FAIL jobs and rerun fixed patterns when ready.
[reconciliation_cycle] discover_live_jobs failed: bjobs not found on PATH: [WinError 2] 系統找不到指定的檔案。
DV Agent Harness L5 - Periodic Regression Snapshot
Snapshot Time: 2026-09-06 02:05:42
SUMMARY: Total: 0

Job        Pattern / Combination                LSF        DV Analysis        UVM_ERR   UVM_FATAL  Agent Action / Note
----------------------------------------------------------------------------------------------------------------------------------

ATTENTION
- none

NEXT ACTIONS
- Analyze DONE jobs whose DV result is still UNKNOWN/pending.
- Continue incremental monitoring of RUN jobs.
- Triage EXIT/FAIL jobs and rerun fixed patterns when ready.
[reconciliation_cycle] discover_live_jobs failed: bjobs not found on PATH: [WinError 2] 系統找不到指定的檔案。
DV Agent Harness L5 - Periodic Regression Snapshot
Snapshot Time: 2026-09-06 02:10:42
SUMMARY: Total: 0

Job        Pattern / Combination                LSF        DV Analysis        UVM_ERR   UVM_FATAL  Agent Action / Note
----------------------------------------------------------------------------------------------------------------------------------

ATTENTION
- none

NEXT ACTIONS
- Analyze DONE jobs whose DV result is still UNKNOWN/pending.
- Continue incremental monitoring of RUN jobs.
- Triage EXIT/FAIL jobs and rerun fixed patterns when ready.
[reconciliation_cycle] discover_live_jobs failed: bjobs not found on PATH: [WinError 2] 系統找不到指定的檔案。
DV Agent Harness L5 - Periodic Regression Snapshot
Snapshot Time: 2026-09-06 02:15:42
SUMMARY: Total: 0

Job        Pattern / Combination                LSF        DV Analysis        UVM_ERR   UVM_FATAL  Agent Action / Note
----------------------------------------------------------------------------------------------------------------------------------

ATTENTION
- none

NEXT ACTIONS
- Analyze DONE jobs whose DV result is still UNKNOWN/pending.
- Continue incremental monitoring of RUN jobs.
- Triage EXIT/FAIL jobs and rerun fixed patterns when ready.
[reconciliation_cycle] discover_live_jobs failed: bjobs not found on PATH: [WinError 2] 系統找不到指定的檔案。
DV Agent Harness L5 - Periodic Regression Snapshot
Snapshot Time: 2026-09-06 02:20:42
SUMMARY: Total: 0

Job        Pattern / Combination                LSF        DV Analysis        UVM_ERR   UVM_FATAL  Agent Action / Note
----------------------------------------------------------------------------------------------------------------------------------

ATTENTION
- none

NEXT ACTIONS
- Analyze DONE jobs whose DV result is still UNKNOWN/pending.
- Continue incremental monitoring of RUN jobs.
- Triage EXIT/FAIL jobs and rerun fixed patterns when ready.
[reconciliation_cycle] discover_live_jobs failed: bjobs not found on PATH: [WinError 2] 系統找不到指定的檔案。
DV Agent Harness L5 - Periodic Regression Snapshot
Snapshot Time: 2026-09-06 02:25:42
SUMMARY: Total: 0

Job        Pattern / Combination                LSF        DV Analysis        UVM_ERR   UVM_FATAL  Agent Action / Note
----------------------------------------------------------------------------------------------------------------------------------

ATTENTION
- none

NEXT ACTIONS
- Analyze DONE jobs whose DV result is still UNKNOWN/pending.
- Continue incremental monitoring of RUN jobs.
- Triage EXIT/FAIL jobs and rerun fixed patterns when ready.
[reconciliation_cycle] discover_live_jobs failed: bjobs not found on PATH: [WinError 2] 系統找不到指定的檔案。
DV Agent Harness L5 - Periodic Regression Snapshot
Snapshot Time: 2026-09-06 02:30:42
SUMMARY: Total: 0

Job        Pattern / Combination                LSF        DV Analysis        UVM_ERR   UVM_FATAL  Agent Action / Note
----------------------------------------------------------------------------------------------------------------------------------

ATTENTION
- none

NEXT ACTIONS
- Analyze DONE jobs whose DV result is still UNKNOWN/pending.
- Continue incremental monitoring of RUN jobs.
- Triage EXIT/FAIL jobs and rerun fixed patterns when ready.
[reconciliation_cycle] discover_live_jobs failed: bjobs not found on PATH: [WinError 2] 系統找不到指定的檔案。
DV Agent Harness L5 - Periodic Regression Snapshot
Snapshot Time: 2026-09-06 02:35:42
SUMMARY: Total: 0

Job        Pattern / Combination                LSF        DV Analysis        UVM_ERR   UVM_FATAL  Agent Action / Note
----------------------------------------------------------------------------------------------------------------------------------

ATTENTION
- none

NEXT ACTIONS
- Analyze DONE jobs whose DV result is still UNKNOWN/pending.
- Continue incremental monitoring of RUN jobs.
- Triage EXIT/FAIL jobs and rerun fixed patterns when ready.
[reconciliation_cycle] discover_live_jobs failed: bjobs not found on PATH: [WinError 2] 系統找不到指定的檔案。
DV Agent Harness L5 - Periodic Regression Snapshot
Snapshot Time: 2026-09-06 02:40:42
SUMMARY: Total: 0

Job        Pattern / Combination                LSF        DV Analysis        UVM_ERR   UVM_FATAL  Agent Action / Note
----------------------------------------------------------------------------------------------------------------------------------

ATTENTION
- none

NEXT ACTIONS
- Analyze DONE jobs whose DV result is still UNKNOWN/pending.
- Continue incremental monitoring of RUN jobs.
- Triage EXIT/FAIL jobs and rerun fixed patterns when ready.
[reconciliation_cycle] discover_live_jobs failed: bjobs not found on PATH: [WinError 2] 系統找不到指定的檔案。
DV Agent Harness L5 - Periodic Regression Snapshot
Snapshot Time: 2026-09-06 02:45:42
SUMMARY: Total: 0

Job        Pattern / Combination                LSF        DV Analysis        UVM_ERR   UVM_FATAL  Agent Action / Note
----------------------------------------------------------------------------------------------------------------------------------

ATTENTION
- none

NEXT ACTIONS
- Analyze DONE jobs whose DV result is still UNKNOWN/pending.
- Continue incremental monitoring of RUN jobs.
- Triage EXIT/FAIL jobs and rerun fixed patterns when ready.
[reconciliation_cycle] discover_live_jobs failed: bjobs not found on PATH: [WinError 2] 系統找不到指定的檔案。
DV Agent Harness L5 - Periodic Regression Snapshot
Snapshot Time: 2026-09-06 02:50:42
SUMMARY: Total: 0

Job        Pattern / Combination                LSF        DV Analysis        UVM_ERR   UVM_FATAL  Agent Action / Note
----------------------------------------------------------------------------------------------------------------------------------

ATTENTION
- none

NEXT ACTIONS
- Analyze DONE jobs whose DV result is still UNKNOWN/pending.
- Continue incremental monitoring of RUN jobs.
- Triage EXIT/FAIL jobs and rerun fixed patterns when ready.
[reconciliation_cycle] discover_live_jobs failed: bjobs not found on PATH: [WinError 2] 系統找不到指定的檔案。
DV Agent Harness L5 - Periodic Regression Snapshot
Snapshot Time: 2026-09-06 02:55:42
SUMMARY: Total: 0

Job        Pattern / Combination                LSF        DV Analysis        UVM_ERR   UVM_FATAL  Agent Action / Note
----------------------------------------------------------------------------------------------------------------------------------

ATTENTION
- none

NEXT ACTIONS
- Analyze DONE jobs whose DV result is still UNKNOWN/pending.
- Continue incremental monitoring of RUN jobs.
- Triage EXIT/FAIL jobs and rerun fixed patterns when ready.
[reconciliation_cycle] discover_live_jobs failed: bjobs not found on PATH: [WinError 2] 系統找不到指定的檔案。
DV Agent Harness L5 - Periodic Regression Snapshot
Snapshot Time: 2026-09-06 03:00:42
SUMMARY: Total: 0

Job        Pattern / Combination                LSF        DV Analysis        UVM_ERR   UVM_FATAL  Agent Action / Note
----------------------------------------------------------------------------------------------------------------------------------

ATTENTION
- none

NEXT ACTIONS
- Analyze DONE jobs whose DV result is still UNKNOWN/pending.
- Continue incremental monitoring of RUN jobs.
- Triage EXIT/FAIL jobs and rerun fixed patterns when ready.
[reconciliation_cycle] discover_live_jobs failed: bjobs not found on PATH: [WinError 2] 系統找不到指定的檔案。
DV Agent Harness L5 - Periodic Regression Snapshot
Snapshot Time: 2026-09-06 03:05:42
SUMMARY: Total: 0

Job        Pattern / Combination                LSF        DV Analysis        UVM_ERR   UVM_FATAL  Agent Action / Note
----------------------------------------------------------------------------------------------------------------------------------

ATTENTION
- none

NEXT ACTIONS
- Analyze DONE jobs whose DV result is still UNKNOWN/pending.
- Continue incremental monitoring of RUN jobs.
- Triage EXIT/FAIL jobs and rerun fixed patterns when ready.
[reconciliation_cycle] discover_live_jobs failed: bjobs not found on PATH: [WinError 2] 系統找不到指定的檔案。
DV Agent Harness L5 - Periodic Regression Snapshot
Snapshot Time: 2026-09-06 03:10:42
SUMMARY: Total: 0

Job        Pattern / Combination                LSF        DV Analysis        UVM_ERR   UVM_FATAL  Agent Action / Note
----------------------------------------------------------------------------------------------------------------------------------

ATTENTION
- none

NEXT ACTIONS
- Analyze DONE jobs whose DV result is still UNKNOWN/pending.
- Continue incremental monitoring of RUN jobs.
- Triage EXIT/FAIL jobs and rerun fixed patterns when ready.
[reconciliation_cycle] discover_live_jobs failed: bjobs not found on PATH: [WinError 2] 系統找不到指定的檔案。
DV Agent Harness L5 - Periodic Regression Snapshot
Snapshot Time: 2026-09-06 03:15:42
SUMMARY: Total: 0

Job        Pattern / Combination                LSF        DV Analysis        UVM_ERR   UVM_FATAL  Agent Action / Note
----------------------------------------------------------------------------------------------------------------------------------

ATTENTION
- none

NEXT ACTIONS
- Analyze DONE jobs whose DV result is still UNKNOWN/pending.
- Continue incremental monitoring of RUN jobs.
- Triage EXIT/FAIL jobs and rerun fixed patterns when ready.
[reconciliation_cycle] discover_live_jobs failed: bjobs not found on PATH: [WinError 2] 系統找不到指定的檔案。
DV Agent Harness L5 - Periodic Regression Snapshot
Snapshot Time: 2026-09-06 03:20:42
SUMMARY: Total: 0

Job        Pattern / Combination                LSF        DV Analysis        UVM_ERR   UVM_FATAL  Agent Action / Note
----------------------------------------------------------------------------------------------------------------------------------

ATTENTION
- none

NEXT ACTIONS
- Analyze DONE jobs whose DV result is still UNKNOWN/pending.
- Continue incremental monitoring of RUN jobs.
- Triage EXIT/FAIL jobs and rerun fixed patterns when ready.
[reconciliation_cycle] discover_live_jobs failed: bjobs not found on PATH: [WinError 2] 系統找不到指定的檔案。
DV Agent Harness L5 - Periodic Regression Snapshot
Snapshot Time: 2026-09-06 03:25:42
SUMMARY: Total: 0

Job        Pattern / Combination                LSF        DV Analysis        UVM_ERR   UVM_FATAL  Agent Action / Note
----------------------------------------------------------------------------------------------------------------------------------

ATTENTION
- none

NEXT ACTIONS
- Analyze DONE jobs whose DV result is still UNKNOWN/pending.
- Continue incremental monitoring of RUN jobs.
- Triage EXIT/FAIL jobs and rerun fixed patterns when ready.
[reconciliation_cycle] discover_live_jobs failed: bjobs not found on PATH: [WinError 2] 系統找不到指定的檔案。
DV Agent Harness L5 - Periodic Regression Snapshot
Snapshot Time: 2026-09-06 03:30:42
SUMMARY: Total: 0

Job        Pattern / Combination                LSF        DV Analysis        UVM_ERR   UVM_FATAL  Agent Action / Note
----------------------------------------------------------------------------------------------------------------------------------

ATTENTION
- none

NEXT ACTIONS
- Analyze DONE jobs whose DV result is still UNKNOWN/pending.
- Continue incremental monitoring of RUN jobs.
- Triage EXIT/FAIL jobs and rerun fixed patterns when ready.
[reconciliation_cycle] discover_live_jobs failed: bjobs not found on PATH: [WinError 2] 系統找不到指定的檔案。
DV Agent Harness L5 - Periodic Regression Snapshot
Snapshot Time: 2026-09-06 03:35:42
SUMMARY: Total: 0

Job        Pattern / Combination                LSF        DV Analysis        UVM_ERR   UVM_FATAL  Agent Action / Note
----------------------------------------------------------------------------------------------------------------------------------

ATTENTION
- none

NEXT ACTIONS
- Analyze DONE jobs whose DV result is still UNKNOWN/pending.
- Continue incremental monitoring of RUN jobs.
- Triage EXIT/FAIL jobs and rerun fixed patterns when ready.
[reconciliation_cycle] discover_live_jobs failed: bjobs not found on PATH: [WinError 2] 系統找不到指定的檔案。
DV Agent Harness L5 - Periodic Regression Snapshot
Snapshot Time: 2026-09-06 03:40:42
SUMMARY: Total: 0

Job        Pattern / Combination                LSF        DV Analysis        UVM_ERR   UVM_FATAL  Agent Action / Note
----------------------------------------------------------------------------------------------------------------------------------

ATTENTION
- none

NEXT ACTIONS
- Analyze DONE jobs whose DV result is still UNKNOWN/pending.
- Continue incremental monitoring of RUN jobs.
- Triage EXIT/FAIL jobs and rerun fixed patterns when ready.
[reconciliation_cycle] discover_live_jobs failed: bjobs not found on PATH: [WinError 2] 系統找不到指定的檔案。
DV Agent Harness L5 - Periodic Regression Snapshot
Snapshot Time: 2026-09-06 03:45:42
SUMMARY: Total: 0

Job        Pattern / Combination                LSF        DV Analysis        UVM_ERR   UVM_FATAL  Agent Action / Note
----------------------------------------------------------------------------------------------------------------------------------

ATTENTION
- none

NEXT ACTIONS
- Analyze DONE jobs whose DV result is still UNKNOWN/pending.
- Continue incremental monitoring of RUN jobs.
- Triage EXIT/FAIL jobs and rerun fixed patterns when ready.
[reconciliation_cycle] discover_live_jobs failed: bjobs not found on PATH: [WinError 2] 系統找不到指定的檔案。
DV Agent Harness L5 - Periodic Regression Snapshot
Snapshot Time: 2026-09-06 03:50:42
SUMMARY: Total: 0

Job        Pattern / Combination                LSF        DV Analysis        UVM_ERR   UVM_FATAL  Agent Action / Note
----------------------------------------------------------------------------------------------------------------------------------

ATTENTION
- none

NEXT ACTIONS
- Analyze DONE jobs whose DV result is still UNKNOWN/pending.
- Continue incremental monitoring of RUN jobs.
- Triage EXIT/FAIL jobs and rerun fixed patterns when ready.
[reconciliation_cycle] discover_live_jobs failed: bjobs not found on PATH: [WinError 2] 系統找不到指定的檔案。
DV Agent Harness L5 - Periodic Regression Snapshot
Snapshot Time: 2026-09-06 03:55:42
SUMMARY: Total: 0

Job        Pattern / Combination                LSF        DV Analysis        UVM_ERR   UVM_FATAL  Agent Action / Note
----------------------------------------------------------------------------------------------------------------------------------

ATTENTION
- none

NEXT ACTIONS
- Analyze DONE jobs whose DV result is still UNKNOWN/pending.
- Continue incremental monitoring of RUN jobs.
- Triage EXIT/FAIL jobs and rerun fixed patterns when ready.
[reconciliation_cycle] discover_live_jobs failed: bjobs not found on PATH: [WinError 2] 系統找不到指定的檔案。
DV Agent Harness L5 - Periodic Regression Snapshot
Snapshot Time: 2026-09-06 04:00:42
SUMMARY: Total: 0

Job        Pattern / Combination                LSF        DV Analysis        UVM_ERR   UVM_FATAL  Agent Action / Note
----------------------------------------------------------------------------------------------------------------------------------

ATTENTION
- none

NEXT ACTIONS
- Analyze DONE jobs whose DV result is still UNKNOWN/pending.
- Continue incremental monitoring of RUN jobs.
- Triage EXIT/FAIL jobs and rerun fixed patterns when ready.
[reconciliation_cycle] discover_live_jobs failed: bjobs not found on PATH: [WinError 2] 系統找不到指定的檔案。
DV Agent Harness L5 - Periodic Regression Snapshot
Snapshot Time: 2026-09-06 04:05:42
SUMMARY: Total: 0

Job        Pattern / Combination                LSF        DV Analysis        UVM_ERR   UVM_FATAL  Agent Action / Note
----------------------------------------------------------------------------------------------------------------------------------

ATTENTION
- none

NEXT ACTIONS
- Analyze DONE jobs whose DV result is still UNKNOWN/pending.
- Continue incremental monitoring of RUN jobs.
- Triage EXIT/FAIL jobs and rerun fixed patterns when ready.
[reconciliation_cycle] discover_live_jobs failed: bjobs not found on PATH: [WinError 2] 系統找不到指定的檔案。
DV Agent Harness L5 - Periodic Regression Snapshot
Snapshot Time: 2026-09-06 04:10:43
SUMMARY: Total: 0

Job        Pattern / Combination                LSF        DV Analysis        UVM_ERR   UVM_FATAL  Agent Action / Note
----------------------------------------------------------------------------------------------------------------------------------

ATTENTION
- none

NEXT ACTIONS
- Analyze DONE jobs whose DV result is still UNKNOWN/pending.
- Continue incremental monitoring of RUN jobs.
- Triage EXIT/FAIL jobs and rerun fixed patterns when ready.
[reconciliation_cycle] discover_live_jobs failed: bjobs not found on PATH: [WinError 2] 系統找不到指定的檔案。
DV Agent Harness L5 - Periodic Regression Snapshot
Snapshot Time: 2026-09-06 04:15:43
SUMMARY: Total: 0

Job        Pattern / Combination                LSF        DV Analysis        UVM_ERR   UVM_FATAL  Agent Action / Note
----------------------------------------------------------------------------------------------------------------------------------

ATTENTION
- none

NEXT ACTIONS
- Analyze DONE jobs whose DV result is still UNKNOWN/pending.
- Continue incremental monitoring of RUN jobs.
- Triage EXIT/FAIL jobs and rerun fixed patterns when ready.
[reconciliation_cycle] discover_live_jobs failed: bjobs not found on PATH: [WinError 2] 系統找不到指定的檔案。
DV Agent Harness L5 - Periodic Regression Snapshot
Snapshot Time: 2026-09-06 04:20:43
SUMMARY: Total: 0

Job        Pattern / Combination                LSF        DV Analysis        UVM_ERR   UVM_FATAL  Agent Action / Note
----------------------------------------------------------------------------------------------------------------------------------

ATTENTION
- none

NEXT ACTIONS
- Analyze DONE jobs whose DV result is still UNKNOWN/pending.
- Continue incremental monitoring of RUN jobs.
- Triage EXIT/FAIL jobs and rerun fixed patterns when ready.
[reconciliation_cycle] discover_live_jobs failed: bjobs not found on PATH: [WinError 2] 系統找不到指定的檔案。
DV Agent Harness L5 - Periodic Regression Snapshot
Snapshot Time: 2026-09-06 04:25:43
SUMMARY: Total: 0

Job        Pattern / Combination                LSF        DV Analysis        UVM_ERR   UVM_FATAL  Agent Action / Note
----------------------------------------------------------------------------------------------------------------------------------

ATTENTION
- none

NEXT ACTIONS
- Analyze DONE jobs whose DV result is still UNKNOWN/pending.
- Continue incremental monitoring of RUN jobs.
- Triage EXIT/FAIL jobs and rerun fixed patterns when ready.
[reconciliation_cycle] discover_live_jobs failed: bjobs not found on PATH: [WinError 2] 系統找不到指定的檔案。
DV Agent Harness L5 - Periodic Regression Snapshot
Snapshot Time: 2026-09-06 04:30:43
SUMMARY: Total: 0

Job        Pattern / Combination                LSF        DV Analysis        UVM_ERR   UVM_FATAL  Agent Action / Note
----------------------------------------------------------------------------------------------------------------------------------

ATTENTION
- none

NEXT ACTIONS
- Analyze DONE jobs whose DV result is still UNKNOWN/pending.
- Continue incremental monitoring of RUN jobs.
- Triage EXIT/FAIL jobs and rerun fixed patterns when ready.
[reconciliation_cycle] discover_live_jobs failed: bjobs not found on PATH: [WinError 2] 系統找不到指定的檔案。
DV Agent Harness L5 - Periodic Regression Snapshot
Snapshot Time: 2026-09-06 04:35:43
SUMMARY: Total: 0

Job        Pattern / Combination                LSF        DV Analysis        UVM_ERR   UVM_FATAL  Agent Action / Note
----------------------------------------------------------------------------------------------------------------------------------

ATTENTION
- none

NEXT ACTIONS
- Analyze DONE jobs whose DV result is still UNKNOWN/pending.
- Continue incremental monitoring of RUN jobs.
- Triage EXIT/FAIL jobs and rerun fixed patterns when ready.
[reconciliation_cycle] discover_live_jobs failed: bjobs not found on PATH: [WinError 2] 系統找不到指定的檔案。
DV Agent Harness L5 - Periodic Regression Snapshot
Snapshot Time: 2026-09-06 04:40:43
SUMMARY: Total: 0

Job        Pattern / Combination                LSF        DV Analysis        UVM_ERR   UVM_FATAL  Agent Action / Note
----------------------------------------------------------------------------------------------------------------------------------

ATTENTION
- none

NEXT ACTIONS
- Analyze DONE jobs whose DV result is still UNKNOWN/pending.
- Continue incremental monitoring of RUN jobs.
- Triage EXIT/FAIL jobs and rerun fixed patterns when ready.
[reconciliation_cycle] discover_live_jobs failed: bjobs not found on PATH: [WinError 2] 系統找不到指定的檔案。
DV Agent Harness L5 - Periodic Regression Snapshot
Snapshot Time: 2026-09-06 04:45:43
SUMMARY: Total: 0

Job        Pattern / Combination                LSF        DV Analysis        UVM_ERR   UVM_FATAL  Agent Action / Note
----------------------------------------------------------------------------------------------------------------------------------

ATTENTION
- none

NEXT ACTIONS
- Analyze DONE jobs whose DV result is still UNKNOWN/pending.
- Continue incremental monitoring of RUN jobs.
- Triage EXIT/FAIL jobs and rerun fixed patterns when ready.
[reconciliation_cycle] discover_live_jobs failed: bjobs not found on PATH: [WinError 2] 系統找不到指定的檔案。
DV Agent Harness L5 - Periodic Regression Snapshot
Snapshot Time: 2026-09-06 04:50:43
SUMMARY: Total: 0

Job        Pattern / Combination                LSF        DV Analysis        UVM_ERR   UVM_FATAL  Agent Action / Note
----------------------------------------------------------------------------------------------------------------------------------

ATTENTION
- none

NEXT ACTIONS
- Analyze DONE jobs whose DV result is still UNKNOWN/pending.
- Continue incremental monitoring of RUN jobs.
- Triage EXIT/FAIL jobs and rerun fixed patterns when ready.
[reconciliation_cycle] discover_live_jobs failed: bjobs not found on PATH: [WinError 2] 系統找不到指定的檔案。
DV Agent Harness L5 - Periodic Regression Snapshot
Snapshot Time: 2026-09-06 04:55:43
SUMMARY: Total: 0

Job        Pattern / Combination                LSF        DV Analysis        UVM_ERR   UVM_FATAL  Agent Action / Note
----------------------------------------------------------------------------------------------------------------------------------

ATTENTION
- none

NEXT ACTIONS
- Analyze DONE jobs whose DV result is still UNKNOWN/pending.
- Continue incremental monitoring of RUN jobs.
- Triage EXIT/FAIL jobs and rerun fixed patterns when ready.
[reconciliation_cycle] discover_live_jobs failed: bjobs not found on PATH: [WinError 2] 系統找不到指定的檔案。
DV Agent Harness L5 - Periodic Regression Snapshot
Snapshot Time: 2026-09-06 05:00:43
SUMMARY: Total: 0

Job        Pattern / Combination                LSF        DV Analysis        UVM_ERR   UVM_FATAL  Agent Action / Note
----------------------------------------------------------------------------------------------------------------------------------

ATTENTION
- none

NEXT ACTIONS
- Analyze DONE jobs whose DV result is still UNKNOWN/pending.
- Continue incremental monitoring of RUN jobs.
- Triage EXIT/FAIL jobs and rerun fixed patterns when ready.
[reconciliation_cycle] discover_live_jobs failed: bjobs not found on PATH: [WinError 2] 系統找不到指定的檔案。
DV Agent Harness L5 - Periodic Regression Snapshot
Snapshot Time: 2026-09-06 05:05:43
SUMMARY: Total: 0

Job        Pattern / Combination                LSF        DV Analysis        UVM_ERR   UVM_FATAL  Agent Action / Note
----------------------------------------------------------------------------------------------------------------------------------

ATTENTION
- none

NEXT ACTIONS
- Analyze DONE jobs whose DV result is still UNKNOWN/pending.
- Continue incremental monitoring of RUN jobs.
- Triage EXIT/FAIL jobs and rerun fixed patterns when ready.
[reconciliation_cycle] discover_live_jobs failed: bjobs not found on PATH: [WinError 2] 系統找不到指定的檔案。
DV Agent Harness L5 - Periodic Regression Snapshot
Snapshot Time: 2026-09-06 05:10:43
SUMMARY: Total: 0

Job        Pattern / Combination                LSF        DV Analysis        UVM_ERR   UVM_FATAL  Agent Action / Note
----------------------------------------------------------------------------------------------------------------------------------

ATTENTION
- none

NEXT ACTIONS
- Analyze DONE jobs whose DV result is still UNKNOWN/pending.
- Continue incremental monitoring of RUN jobs.
- Triage EXIT/FAIL jobs and rerun fixed patterns when ready.
[reconciliation_cycle] discover_live_jobs failed: bjobs not found on PATH: [WinError 2] 系統找不到指定的檔案。
DV Agent Harness L5 - Periodic Regression Snapshot
Snapshot Time: 2026-09-06 05:15:43
SUMMARY: Total: 0

Job        Pattern / Combination                LSF        DV Analysis        UVM_ERR   UVM_FATAL  Agent Action / Note
----------------------------------------------------------------------------------------------------------------------------------

ATTENTION
- none

NEXT ACTIONS
- Analyze DONE jobs whose DV result is still UNKNOWN/pending.
- Continue incremental monitoring of RUN jobs.
- Triage EXIT/FAIL jobs and rerun fixed patterns when ready.
[reconciliation_cycle] discover_live_jobs failed: bjobs not found on PATH: [WinError 2] 系統找不到指定的檔案。
DV Agent Harness L5 - Periodic Regression Snapshot
Snapshot Time: 2026-09-06 05:20:43
SUMMARY: Total: 0

Job        Pattern / Combination                LSF        DV Analysis        UVM_ERR   UVM_FATAL  Agent Action / Note
----------------------------------------------------------------------------------------------------------------------------------

ATTENTION
- none

NEXT ACTIONS
- Analyze DONE jobs whose DV result is still UNKNOWN/pending.
- Continue incremental monitoring of RUN jobs.
- Triage EXIT/FAIL jobs and rerun fixed patterns when ready.
[reconciliation_cycle] discover_live_jobs failed: bjobs not found on PATH: [WinError 2] 系統找不到指定的檔案。
DV Agent Harness L5 - Periodic Regression Snapshot
Snapshot Time: 2026-09-06 05:25:43
SUMMARY: Total: 0

Job        Pattern / Combination                LSF        DV Analysis        UVM_ERR   UVM_FATAL  Agent Action / Note
----------------------------------------------------------------------------------------------------------------------------------

ATTENTION
- none

NEXT ACTIONS
- Analyze DONE jobs whose DV result is still UNKNOWN/pending.
- Continue incremental monitoring of RUN jobs.
- Triage EXIT/FAIL jobs and rerun fixed patterns when ready.
[reconciliation_cycle] discover_live_jobs failed: bjobs not found on PATH: [WinError 2] 系統找不到指定的檔案。
DV Agent Harness L5 - Periodic Regression Snapshot
Snapshot Time: 2026-09-06 05:30:43
SUMMARY: Total: 0

Job        Pattern / Combination                LSF        DV Analysis        UVM_ERR   UVM_FATAL  Agent Action / Note
----------------------------------------------------------------------------------------------------------------------------------

ATTENTION
- none

NEXT ACTIONS
- Analyze DONE jobs whose DV result is still UNKNOWN/pending.
- Continue incremental monitoring of RUN jobs.
- Triage EXIT/FAIL jobs and rerun fixed patterns when ready.
[reconciliation_cycle] discover_live_jobs failed: bjobs not found on PATH: [WinError 2] 系統找不到指定的檔案。
DV Agent Harness L5 - Periodic Regression Snapshot
Snapshot Time: 2026-09-06 05:35:43
SUMMARY: Total: 0

Job        Pattern / Combination                LSF        DV Analysis        UVM_ERR   UVM_FATAL  Agent Action / Note
----------------------------------------------------------------------------------------------------------------------------------

ATTENTION
- none

NEXT ACTIONS
- Analyze DONE jobs whose DV result is still UNKNOWN/pending.
- Continue incremental monitoring of RUN jobs.
- Triage EXIT/FAIL jobs and rerun fixed patterns when ready.
[reconciliation_cycle] discover_live_jobs failed: bjobs not found on PATH: [WinError 2] 系統找不到指定的檔案。
DV Agent Harness L5 - Periodic Regression Snapshot
Snapshot Time: 2026-09-06 05:40:43
SUMMARY: Total: 0

Job        Pattern / Combination                LSF        DV Analysis        UVM_ERR   UVM_FATAL  Agent Action / Note
----------------------------------------------------------------------------------------------------------------------------------

ATTENTION
- none

NEXT ACTIONS
- Analyze DONE jobs whose DV result is still UNKNOWN/pending.
- Continue incremental monitoring of RUN jobs.
- Triage EXIT/FAIL jobs and rerun fixed patterns when ready.
[reconciliation_cycle] discover_live_jobs failed: bjobs not found on PATH: [WinError 2] 系統找不到指定的檔案。
DV Agent Harness L5 - Periodic Regression Snapshot
Snapshot Time: 2026-09-06 05:45:43
SUMMARY: Total: 0

Job        Pattern / Combination                LSF        DV Analysis        UVM_ERR   UVM_FATAL  Agent Action / Note
----------------------------------------------------------------------------------------------------------------------------------

ATTENTION
- none

NEXT ACTIONS
- Analyze DONE jobs whose DV result is still UNKNOWN/pending.
- Continue incremental monitoring of RUN jobs.
- Triage EXIT/FAIL jobs and rerun fixed patterns when ready.
[reconciliation_cycle] discover_live_jobs failed: bjobs not found on PATH: [WinError 2] 系統找不到指定的檔案。
DV Agent Harness L5 - Periodic Regression Snapshot
Snapshot Time: 2026-09-06 05:50:43
SUMMARY: Total: 0

Job        Pattern / Combination                LSF        DV Analysis        UVM_ERR   UVM_FATAL  Agent Action / Note
----------------------------------------------------------------------------------------------------------------------------------

ATTENTION
- none

NEXT ACTIONS
- Analyze DONE jobs whose DV result is still UNKNOWN/pending.
- Continue incremental monitoring of RUN jobs.
- Triage EXIT/FAIL jobs and rerun fixed patterns when ready.
[reconciliation_cycle] discover_live_jobs failed: bjobs not found on PATH: [WinError 2] 系統找不到指定的檔案。
DV Agent Harness L5 - Periodic Regression Snapshot
Snapshot Time: 2026-09-06 05:55:43
SUMMARY: Total: 0

Job        Pattern / Combination                LSF        DV Analysis        UVM_ERR   UVM_FATAL  Agent Action / Note
----------------------------------------------------------------------------------------------------------------------------------

ATTENTION
- none

NEXT ACTIONS
- Analyze DONE jobs whose DV result is still UNKNOWN/pending.
- Continue incremental monitoring of RUN jobs.
- Triage EXIT/FAIL jobs and rerun fixed patterns when ready.
[reconciliation_cycle] discover_live_jobs failed: bjobs not found on PATH: [WinError 2] 系統找不到指定的檔案。
DV Agent Harness L5 - Periodic Regression Snapshot
Snapshot Time: 2026-09-06 06:00:44
SUMMARY: Total: 0

Job        Pattern / Combination                LSF        DV Analysis        UVM_ERR   UVM_FATAL  Agent Action / Note
----------------------------------------------------------------------------------------------------------------------------------

ATTENTION
- none

NEXT ACTIONS
- Analyze DONE jobs whose DV result is still UNKNOWN/pending.
- Continue incremental monitoring of RUN jobs.
- Triage EXIT/FAIL jobs and rerun fixed patterns when ready.
[reconciliation_cycle] discover_live_jobs failed: bjobs not found on PATH: [WinError 2] 系統找不到指定的檔案。
DV Agent Harness L5 - Periodic Regression Snapshot
Snapshot Time: 2026-09-06 06:05:45
SUMMARY: Total: 0

Job        Pattern / Combination                LSF        DV Analysis        UVM_ERR   UVM_FATAL  Agent Action / Note
----------------------------------------------------------------------------------------------------------------------------------

ATTENTION
- none

NEXT ACTIONS
- Analyze DONE jobs whose DV result is still UNKNOWN/pending.
- Continue incremental monitoring of RUN jobs.
- Triage EXIT/FAIL jobs and rerun fixed patterns when ready.
[reconciliation_cycle] discover_live_jobs failed: bjobs not found on PATH: [WinError 2] 系統找不到指定的檔案。
DV Agent Harness L5 - Periodic Regression Snapshot
Snapshot Time: 2026-09-06 06:10:45
SUMMARY: Total: 0

Job        Pattern / Combination                LSF        DV Analysis        UVM_ERR   UVM_FATAL  Agent Action / Note
----------------------------------------------------------------------------------------------------------------------------------

ATTENTION
- none

NEXT ACTIONS
- Analyze DONE jobs whose DV result is still UNKNOWN/pending.
- Continue incremental monitoring of RUN jobs.
- Triage EXIT/FAIL jobs and rerun fixed patterns when ready.
[reconciliation_cycle] discover_live_jobs failed: bjobs not found on PATH: [WinError 2] 系統找不到指定的檔案。
DV Agent Harness L5 - Periodic Regression Snapshot
Snapshot Time: 2026-09-06 06:15:45
SUMMARY: Total: 0

Job        Pattern / Combination                LSF        DV Analysis        UVM_ERR   UVM_FATAL  Agent Action / Note
----------------------------------------------------------------------------------------------------------------------------------

ATTENTION
- none

NEXT ACTIONS
- Analyze DONE jobs whose DV result is still UNKNOWN/pending.
- Continue incremental monitoring of RUN jobs.
- Triage EXIT/FAIL jobs and rerun fixed patterns when ready.
[reconciliation_cycle] discover_live_jobs failed: bjobs not found on PATH: [WinError 2] 系統找不到指定的檔案。
DV Agent Harness L5 - Periodic Regression Snapshot
Snapshot Time: 2026-09-06 06:20:45
SUMMARY: Total: 0

Job        Pattern / Combination                LSF        DV Analysis        UVM_ERR   UVM_FATAL  Agent Action / Note
----------------------------------------------------------------------------------------------------------------------------------

ATTENTION
- none

NEXT ACTIONS
- Analyze DONE jobs whose DV result is still UNKNOWN/pending.
- Continue incremental monitoring of RUN jobs.
- Triage EXIT/FAIL jobs and rerun fixed patterns when ready.
[reconciliation_cycle] discover_live_jobs failed: bjobs not found on PATH: [WinError 2] 系統找不到指定的檔案。
DV Agent Harness L5 - Periodic Regression Snapshot
Snapshot Time: 2026-09-06 06:25:46
SUMMARY: Total: 0

Job        Pattern / Combination                LSF        DV Analysis        UVM_ERR   UVM_FATAL  Agent Action / Note
----------------------------------------------------------------------------------------------------------------------------------

ATTENTION
- none

NEXT ACTIONS
- Analyze DONE jobs whose DV result is still UNKNOWN/pending.
- Continue incremental monitoring of RUN jobs.
- Triage EXIT/FAIL jobs and rerun fixed patterns when ready.
[reconciliation_cycle] discover_live_jobs failed: bjobs not found on PATH: [WinError 2] 系統找不到指定的檔案。
DV Agent Harness L5 - Periodic Regression Snapshot
Snapshot Time: 2026-09-06 06:30:46
SUMMARY: Total: 0

Job        Pattern / Combination                LSF        DV Analysis        UVM_ERR   UVM_FATAL  Agent Action / Note
----------------------------------------------------------------------------------------------------------------------------------

ATTENTION
- none

NEXT ACTIONS
- Analyze DONE jobs whose DV result is still UNKNOWN/pending.
- Continue incremental monitoring of RUN jobs.
- Triage EXIT/FAIL jobs and rerun fixed patterns when ready.
[reconciliation_cycle] discover_live_jobs failed: bjobs not found on PATH: [WinError 2] 系統找不到指定的檔案。
DV Agent Harness L5 - Periodic Regression Snapshot
Snapshot Time: 2026-09-06 06:35:47
SUMMARY: Total: 0

Job        Pattern / Combination                LSF        DV Analysis        UVM_ERR   UVM_FATAL  Agent Action / Note
----------------------------------------------------------------------------------------------------------------------------------

ATTENTION
- none

NEXT ACTIONS
- Analyze DONE jobs whose DV result is still UNKNOWN/pending.
- Continue incremental monitoring of RUN jobs.
- Triage EXIT/FAIL jobs and rerun fixed patterns when ready.
[reconciliation_cycle] discover_live_jobs failed: bjobs not found on PATH: [WinError 2] 系統找不到指定的檔案。
DV Agent Harness L5 - Periodic Regression Snapshot
Snapshot Time: 2026-09-06 06:40:47
SUMMARY: Total: 0

Job        Pattern / Combination                LSF        DV Analysis        UVM_ERR   UVM_FATAL  Agent Action / Note
----------------------------------------------------------------------------------------------------------------------------------

ATTENTION
- none

NEXT ACTIONS
- Analyze DONE jobs whose DV result is still UNKNOWN/pending.
- Continue incremental monitoring of RUN jobs.
- Triage EXIT/FAIL jobs and rerun fixed patterns when ready.
[reconciliation_cycle] discover_live_jobs failed: bjobs not found on PATH: [WinError 2] 系統找不到指定的檔案。
DV Agent Harness L5 - Periodic Regression Snapshot
Snapshot Time: 2026-09-06 06:45:48
SUMMARY: Total: 0

Job        Pattern / Combination                LSF        DV Analysis        UVM_ERR   UVM_FATAL  Agent Action / Note
----------------------------------------------------------------------------------------------------------------------------------

ATTENTION
- none

NEXT ACTIONS
- Analyze DONE jobs whose DV result is still UNKNOWN/pending.
- Continue incremental monitoring of RUN jobs.
- Triage EXIT/FAIL jobs and rerun fixed patterns when ready.
[reconciliation_cycle] discover_live_jobs failed: bjobs not found on PATH: [WinError 2] 系統找不到指定的檔案。
DV Agent Harness L5 - Periodic Regression Snapshot
Snapshot Time: 2026-09-06 06:50:53
SUMMARY: Total: 0

Job        Pattern / Combination                LSF        DV Analysis        UVM_ERR   UVM_FATAL  Agent Action / Note
----------------------------------------------------------------------------------------------------------------------------------

ATTENTION
- none

NEXT ACTIONS
- Analyze DONE jobs whose DV result is still UNKNOWN/pending.
- Continue incremental monitoring of RUN jobs.
- Triage EXIT/FAIL jobs and rerun fixed patterns when ready.
[reconciliation_cycle] discover_live_jobs failed: bjobs not found on PATH: [WinError 2] 系統找不到指定的檔案。
DV Agent Harness L5 - Periodic Regression Snapshot
Snapshot Time: 2026-09-06 06:55:53
SUMMARY: Total: 0

Job        Pattern / Combination                LSF        DV Analysis        UVM_ERR   UVM_FATAL  Agent Action / Note
----------------------------------------------------------------------------------------------------------------------------------

ATTENTION
- none

NEXT ACTIONS
- Analyze DONE jobs whose DV result is still UNKNOWN/pending.
- Continue incremental monitoring of RUN jobs.
- Triage EXIT/FAIL jobs and rerun fixed patterns when ready.
[reconciliation_cycle] discover_live_jobs failed: bjobs not found on PATH: [WinError 2] 系統找不到指定的檔案。
DV Agent Harness L5 - Periodic Regression Snapshot
Snapshot Time: 2026-09-06 07:00:53
SUMMARY: Total: 0

Job        Pattern / Combination                LSF        DV Analysis        UVM_ERR   UVM_FATAL  Agent Action / Note
----------------------------------------------------------------------------------------------------------------------------------

ATTENTION
- none

NEXT ACTIONS
- Analyze DONE jobs whose DV result is still UNKNOWN/pending.
- Continue incremental monitoring of RUN jobs.
- Triage EXIT/FAIL jobs and rerun fixed patterns when ready.
[reconciliation_cycle] discover_live_jobs failed: bjobs not found on PATH: [WinError 2] 系統找不到指定的檔案。
DV Agent Harness L5 - Periodic Regression Snapshot
Snapshot Time: 2026-09-06 07:05:54
SUMMARY: Total: 0

Job        Pattern / Combination                LSF        DV Analysis        UVM_ERR   UVM_FATAL  Agent Action / Note
----------------------------------------------------------------------------------------------------------------------------------

ATTENTION
- none

NEXT ACTIONS
- Analyze DONE jobs whose DV result is still UNKNOWN/pending.
- Continue incremental monitoring of RUN jobs.
- Triage EXIT/FAIL jobs and rerun fixed patterns when ready.
[reconciliation_cycle] discover_live_jobs failed: bjobs not found on PATH: [WinError 2] 系統找不到指定的檔案。
DV Agent Harness L5 - Periodic Regression Snapshot
Snapshot Time: 2026-09-06 07:10:54
SUMMARY: Total: 0

Job        Pattern / Combination                LSF        DV Analysis        UVM_ERR   UVM_FATAL  Agent Action / Note
----------------------------------------------------------------------------------------------------------------------------------

ATTENTION
- none

NEXT ACTIONS
- Analyze DONE jobs whose DV result is still UNKNOWN/pending.
- Continue incremental monitoring of RUN jobs.
- Triage EXIT/FAIL jobs and rerun fixed patterns when ready.
[reconciliation_cycle] discover_live_jobs failed: bjobs not found on PATH: [WinError 2] 系統找不到指定的檔案。
DV Agent Harness L5 - Periodic Regression Snapshot
Snapshot Time: 2026-09-06 07:15:55
SUMMARY: Total: 0

Job        Pattern / Combination                LSF        DV Analysis        UVM_ERR   UVM_FATAL  Agent Action / Note
----------------------------------------------------------------------------------------------------------------------------------

ATTENTION
- none

NEXT ACTIONS
- Analyze DONE jobs whose DV result is still UNKNOWN/pending.
- Continue incremental monitoring of RUN jobs.
- Triage EXIT/FAIL jobs and rerun fixed patterns when ready.
[reconciliation_cycle] discover_live_jobs failed: bjobs not found on PATH: [WinError 2] 系統找不到指定的檔案。
DV Agent Harness L5 - Periodic Regression Snapshot
Snapshot Time: 2026-09-06 07:20:56
SUMMARY: Total: 0

Job        Pattern / Combination                LSF        DV Analysis        UVM_ERR   UVM_FATAL  Agent Action / Note
----------------------------------------------------------------------------------------------------------------------------------

ATTENTION
- none

NEXT ACTIONS
- Analyze DONE jobs whose DV result is still UNKNOWN/pending.
- Continue incremental monitoring of RUN jobs.
- Triage EXIT/FAIL jobs and rerun fixed patterns when ready.
[reconciliation_cycle] discover_live_jobs failed: bjobs not found on PATH: [WinError 2] 系統找不到指定的檔案。
DV Agent Harness L5 - Periodic Regression Snapshot
Snapshot Time: 2026-09-06 07:25:56
SUMMARY: Total: 0

Job        Pattern / Combination                LSF        DV Analysis        UVM_ERR   UVM_FATAL  Agent Action / Note
----------------------------------------------------------------------------------------------------------------------------------

ATTENTION
- none

NEXT ACTIONS
- Analyze DONE jobs whose DV result is still UNKNOWN/pending.
- Continue incremental monitoring of RUN jobs.
- Triage EXIT/FAIL jobs and rerun fixed patterns when ready.
[reconciliation_cycle] discover_live_jobs failed: bjobs not found on PATH: [WinError 2] 系統找不到指定的檔案。
DV Agent Harness L5 - Periodic Regression Snapshot
Snapshot Time: 2026-09-06 07:30:57
SUMMARY: Total: 0

Job        Pattern / Combination                LSF        DV Analysis        UVM_ERR   UVM_FATAL  Agent Action / Note
----------------------------------------------------------------------------------------------------------------------------------

ATTENTION
- none

NEXT ACTIONS
- Analyze DONE jobs whose DV result is still UNKNOWN/pending.
- Continue incremental monitoring of RUN jobs.
- Triage EXIT/FAIL jobs and rerun fixed patterns when ready.
[reconciliation_cycle] discover_live_jobs failed: bjobs not found on PATH: [WinError 2] 系統找不到指定的檔案。
DV Agent Harness L5 - Periodic Regression Snapshot
Snapshot Time: 2026-09-06 07:35:58
SUMMARY: Total: 0

Job        Pattern / Combination                LSF        DV Analysis        UVM_ERR   UVM_FATAL  Agent Action / Note
----------------------------------------------------------------------------------------------------------------------------------

ATTENTION
- none

NEXT ACTIONS
- Analyze DONE jobs whose DV result is still UNKNOWN/pending.
- Continue incremental monitoring of RUN jobs.
- Triage EXIT/FAIL jobs and rerun fixed patterns when ready.
[reconciliation_cycle] discover_live_jobs failed: bjobs not found on PATH: [WinError 2] 系統找不到指定的檔案。
DV Agent Harness L5 - Periodic Regression Snapshot
Snapshot Time: 2026-09-06 07:40:58
SUMMARY: Total: 0

Job        Pattern / Combination                LSF        DV Analysis        UVM_ERR   UVM_FATAL  Agent Action / Note
----------------------------------------------------------------------------------------------------------------------------------

ATTENTION
- none

NEXT ACTIONS
- Analyze DONE jobs whose DV result is still UNKNOWN/pending.
- Continue incremental monitoring of RUN jobs.
- Triage EXIT/FAIL jobs and rerun fixed patterns when ready.
[reconciliation_cycle] discover_live_jobs failed: bjobs not found on PATH: [WinError 2] 系統找不到指定的檔案。
DV Agent Harness L5 - Periodic Regression Snapshot
Snapshot Time: 2026-09-06 07:45:58
SUMMARY: Total: 0

Job        Pattern / Combination                LSF        DV Analysis        UVM_ERR   UVM_FATAL  Agent Action / Note
----------------------------------------------------------------------------------------------------------------------------------

ATTENTION
- none

NEXT ACTIONS
- Analyze DONE jobs whose DV result is still UNKNOWN/pending.
- Continue incremental monitoring of RUN jobs.
- Triage EXIT/FAIL jobs and rerun fixed patterns when ready.
[reconciliation_cycle] discover_live_jobs failed: bjobs not found on PATH: [WinError 2] 系統找不到指定的檔案。
DV Agent Harness L5 - Periodic Regression Snapshot
Snapshot Time: 2026-09-06 07:50:59
SUMMARY: Total: 0

Job        Pattern / Combination                LSF        DV Analysis        UVM_ERR   UVM_FATAL  Agent Action / Note
----------------------------------------------------------------------------------------------------------------------------------

ATTENTION
- none

NEXT ACTIONS
- Analyze DONE jobs whose DV result is still UNKNOWN/pending.
- Continue incremental monitoring of RUN jobs.
- Triage EXIT/FAIL jobs and rerun fixed patterns when ready.
[reconciliation_cycle] discover_live_jobs failed: bjobs not found on PATH: [WinError 2] 系統找不到指定的檔案。
DV Agent Harness L5 - Periodic Regression Snapshot
Snapshot Time: 2026-09-06 07:55:59
SUMMARY: Total: 0

Job        Pattern / Combination                LSF        DV Analysis        UVM_ERR   UVM_FATAL  Agent Action / Note
----------------------------------------------------------------------------------------------------------------------------------

ATTENTION
- none

NEXT ACTIONS
- Analyze DONE jobs whose DV result is still UNKNOWN/pending.
- Continue incremental monitoring of RUN jobs.
- Triage EXIT/FAIL jobs and rerun fixed patterns when ready.
[reconciliation_cycle] discover_live_jobs failed: bjobs not found on PATH: [WinError 2] 系統找不到指定的檔案。
DV Agent Harness L5 - Periodic Regression Snapshot
Snapshot Time: 2026-09-06 08:00:59
SUMMARY: Total: 0

Job        Pattern / Combination                LSF        DV Analysis        UVM_ERR   UVM_FATAL  Agent Action / Note
----------------------------------------------------------------------------------------------------------------------------------

ATTENTION
- none

NEXT ACTIONS
- Analyze DONE jobs whose DV result is still UNKNOWN/pending.
- Continue incremental monitoring of RUN jobs.
- Triage EXIT/FAIL jobs and rerun fixed patterns when ready.
[reconciliation_cycle] discover_live_jobs failed: bjobs not found on PATH: [WinError 2] 系統找不到指定的檔案。
DV Agent Harness L5 - Periodic Regression Snapshot
Snapshot Time: 2026-09-06 08:05:59
SUMMARY: Total: 0

Job        Pattern / Combination                LSF        DV Analysis        UVM_ERR   UVM_FATAL  Agent Action / Note
----------------------------------------------------------------------------------------------------------------------------------

ATTENTION
- none

NEXT ACTIONS
- Analyze DONE jobs whose DV result is still UNKNOWN/pending.
- Continue incremental monitoring of RUN jobs.
- Triage EXIT/FAIL jobs and rerun fixed patterns when ready.
[reconciliation_cycle] discover_live_jobs failed: bjobs not found on PATH: [WinError 2] 系統找不到指定的檔案。
DV Agent Harness L5 - Periodic Regression Snapshot
Snapshot Time: 2026-09-06 08:10:59
SUMMARY: Total: 0

Job        Pattern / Combination                LSF        DV Analysis        UVM_ERR   UVM_FATAL  Agent Action / Note
----------------------------------------------------------------------------------------------------------------------------------

ATTENTION
- none

NEXT ACTIONS
- Analyze DONE jobs whose DV result is still UNKNOWN/pending.
- Continue incremental monitoring of RUN jobs.
- Triage EXIT/FAIL jobs and rerun fixed patterns when ready.
[reconciliation_cycle] discover_live_jobs failed: bjobs not found on PATH: [WinError 2] 系統找不到指定的檔案。
DV Agent Harness L5 - Periodic Regression Snapshot
Snapshot Time: 2026-09-06 08:15:59
SUMMARY: Total: 0

Job        Pattern / Combination                LSF        DV Analysis        UVM_ERR   UVM_FATAL  Agent Action / Note
----------------------------------------------------------------------------------------------------------------------------------

ATTENTION
- none

NEXT ACTIONS
- Analyze DONE jobs whose DV result is still UNKNOWN/pending.
- Continue incremental monitoring of RUN jobs.
- Triage EXIT/FAIL jobs and rerun fixed patterns when ready.
[reconciliation_cycle] discover_live_jobs failed: bjobs not found on PATH: [WinError 2] 系統找不到指定的檔案。
DV Agent Harness L5 - Periodic Regression Snapshot
Snapshot Time: 2026-09-06 08:20:59
SUMMARY: Total: 0

Job        Pattern / Combination                LSF        DV Analysis        UVM_ERR   UVM_FATAL  Agent Action / Note
----------------------------------------------------------------------------------------------------------------------------------

ATTENTION
- none

NEXT ACTIONS
- Analyze DONE jobs whose DV result is still UNKNOWN/pending.
- Continue incremental monitoring of RUN jobs.
- Triage EXIT/FAIL jobs and rerun fixed patterns when ready.
[reconciliation_cycle] discover_live_jobs failed: bjobs not found on PATH: [WinError 2] 系統找不到指定的檔案。
DV Agent Harness L5 - Periodic Regression Snapshot
Snapshot Time: 2026-09-06 08:25:59
SUMMARY: Total: 0

Job        Pattern / Combination                LSF        DV Analysis        UVM_ERR   UVM_FATAL  Agent Action / Note
----------------------------------------------------------------------------------------------------------------------------------

ATTENTION
- none

NEXT ACTIONS
- Analyze DONE jobs whose DV result is still UNKNOWN/pending.
- Continue incremental monitoring of RUN jobs.
- Triage EXIT/FAIL jobs and rerun fixed patterns when ready.
[reconciliation_cycle] discover_live_jobs failed: bjobs not found on PATH: [WinError 2] 系統找不到指定的檔案。
DV Agent Harness L5 - Periodic Regression Snapshot
Snapshot Time: 2026-09-06 08:30:59
SUMMARY: Total: 0

Job        Pattern / Combination                LSF        DV Analysis        UVM_ERR   UVM_FATAL  Agent Action / Note
----------------------------------------------------------------------------------------------------------------------------------

ATTENTION
- none

NEXT ACTIONS
- Analyze DONE jobs whose DV result is still UNKNOWN/pending.
- Continue incremental monitoring of RUN jobs.
- Triage EXIT/FAIL jobs and rerun fixed patterns when ready.
[reconciliation_cycle] discover_live_jobs failed: bjobs not found on PATH: [WinError 2] 系統找不到指定的檔案。
DV Agent Harness L5 - Periodic Regression Snapshot
Snapshot Time: 2026-09-06 08:35:59
SUMMARY: Total: 0

Job        Pattern / Combination                LSF        DV Analysis        UVM_ERR   UVM_FATAL  Agent Action / Note
----------------------------------------------------------------------------------------------------------------------------------

ATTENTION
- none

NEXT ACTIONS
- Analyze DONE jobs whose DV result is still UNKNOWN/pending.
- Continue incremental monitoring of RUN jobs.
- Triage EXIT/FAIL jobs and rerun fixed patterns when ready.
[reconciliation_cycle] discover_live_jobs failed: bjobs not found on PATH: [WinError 2] 系統找不到指定的檔案。
DV Agent Harness L5 - Periodic Regression Snapshot
Snapshot Time: 2026-09-06 08:40:59
SUMMARY: Total: 0

Job        Pattern / Combination                LSF        DV Analysis        UVM_ERR   UVM_FATAL  Agent Action / Note
----------------------------------------------------------------------------------------------------------------------------------

ATTENTION
- none

NEXT ACTIONS
- Analyze DONE jobs whose DV result is still UNKNOWN/pending.
- Continue incremental monitoring of RUN jobs.
- Triage EXIT/FAIL jobs and rerun fixed patterns when ready.
[reconciliation_cycle] discover_live_jobs failed: bjobs not found on PATH: [WinError 2] 系統找不到指定的檔案。
DV Agent Harness L5 - Periodic Regression Snapshot
Snapshot Time: 2026-09-06 08:45:59
SUMMARY: Total: 0

Job        Pattern / Combination                LSF        DV Analysis        UVM_ERR   UVM_FATAL  Agent Action / Note
----------------------------------------------------------------------------------------------------------------------------------

ATTENTION
- none

NEXT ACTIONS
- Analyze DONE jobs whose DV result is still UNKNOWN/pending.
- Continue incremental monitoring of RUN jobs.
- Triage EXIT/FAIL jobs and rerun fixed patterns when ready.
[reconciliation_cycle] discover_live_jobs failed: bjobs not found on PATH: [WinError 2] 系統找不到指定的檔案。
DV Agent Harness L5 - Periodic Regression Snapshot
Snapshot Time: 2026-09-06 08:50:59
SUMMARY: Total: 0

Job        Pattern / Combination                LSF        DV Analysis        UVM_ERR   UVM_FATAL  Agent Action / Note
----------------------------------------------------------------------------------------------------------------------------------

ATTENTION
- none

NEXT ACTIONS
- Analyze DONE jobs whose DV result is still UNKNOWN/pending.
- Continue incremental monitoring of RUN jobs.
- Triage EXIT/FAIL jobs and rerun fixed patterns when ready.
[reconciliation_cycle] discover_live_jobs failed: bjobs not found on PATH: [WinError 2] 系統找不到指定的檔案。
DV Agent Harness L5 - Periodic Regression Snapshot
Snapshot Time: 2026-09-06 08:55:59
SUMMARY: Total: 0

Job        Pattern / Combination                LSF        DV Analysis        UVM_ERR   UVM_FATAL  Agent Action / Note
----------------------------------------------------------------------------------------------------------------------------------

ATTENTION
- none

NEXT ACTIONS
- Analyze DONE jobs whose DV result is still UNKNOWN/pending.
- Continue incremental monitoring of RUN jobs.
- Triage EXIT/FAIL jobs and rerun fixed patterns when ready.
[reconciliation_cycle] discover_live_jobs failed: bjobs not found on PATH: [WinError 2] 系統找不到指定的檔案。
DV Agent Harness L5 - Periodic Regression Snapshot
Snapshot Time: 2026-09-06 09:00:59
SUMMARY: Total: 0

Job        Pattern / Combination                LSF        DV Analysis        UVM_ERR   UVM_FATAL  Agent Action / Note
----------------------------------------------------------------------------------------------------------------------------------

ATTENTION
- none

NEXT ACTIONS
- Analyze DONE jobs whose DV result is still UNKNOWN/pending.
- Continue incremental monitoring of RUN jobs.
- Triage EXIT/FAIL jobs and rerun fixed patterns when ready.
[reconciliation_cycle] discover_live_jobs failed: bjobs not found on PATH: [WinError 2] 系統找不到指定的檔案。
DV Agent Harness L5 - Periodic Regression Snapshot
Snapshot Time: 2026-09-06 09:05:59
SUMMARY: Total: 0

Job        Pattern / Combination                LSF        DV Analysis        UVM_ERR   UVM_FATAL  Agent Action / Note
----------------------------------------------------------------------------------------------------------------------------------

ATTENTION
- none

NEXT ACTIONS
- Analyze DONE jobs whose DV result is still UNKNOWN/pending.
- Continue incremental monitoring of RUN jobs.
- Triage EXIT/FAIL jobs and rerun fixed patterns when ready.
[reconciliation_cycle] discover_live_jobs failed: bjobs not found on PATH: [WinError 2] 系統找不到指定的檔案。
DV Agent Harness L5 - Periodic Regression Snapshot
Snapshot Time: 2026-09-06 09:10:59
SUMMARY: Total: 0

Job        Pattern / Combination                LSF        DV Analysis        UVM_ERR   UVM_FATAL  Agent Action / Note
----------------------------------------------------------------------------------------------------------------------------------

ATTENTION
- none

NEXT ACTIONS
- Analyze DONE jobs whose DV result is still UNKNOWN/pending.
- Continue incremental monitoring of RUN jobs.
- Triage EXIT/FAIL jobs and rerun fixed patterns when ready.
[reconciliation_cycle] discover_live_jobs failed: bjobs not found on PATH: [WinError 2] 系統找不到指定的檔案。
DV Agent Harness L5 - Periodic Regression Snapshot
Snapshot Time: 2026-09-06 09:15:59
SUMMARY: Total: 0

Job        Pattern / Combination                LSF        DV Analysis        UVM_ERR   UVM_FATAL  Agent Action / Note
----------------------------------------------------------------------------------------------------------------------------------

ATTENTION
- none

NEXT ACTIONS
- Analyze DONE jobs whose DV result is still UNKNOWN/pending.
- Continue incremental monitoring of RUN jobs.
- Triage EXIT/FAIL jobs and rerun fixed patterns when ready.
[reconciliation_cycle] discover_live_jobs failed: bjobs not found on PATH: [WinError 2] 系統找不到指定的檔案。
DV Agent Harness L5 - Periodic Regression Snapshot
Snapshot Time: 2026-09-06 09:20:59
SUMMARY: Total: 0

Job        Pattern / Combination                LSF        DV Analysis        UVM_ERR   UVM_FATAL  Agent Action / Note
----------------------------------------------------------------------------------------------------------------------------------

ATTENTION
- none

NEXT ACTIONS
- Analyze DONE jobs whose DV result is still UNKNOWN/pending.
- Continue incremental monitoring of RUN jobs.
- Triage EXIT/FAIL jobs and rerun fixed patterns when ready.
[reconciliation_cycle] discover_live_jobs failed: bjobs not found on PATH: [WinError 2] 系統找不到指定的檔案。
DV Agent Harness L5 - Periodic Regression Snapshot
Snapshot Time: 2026-09-06 09:25:59
SUMMARY: Total: 0

Job        Pattern / Combination                LSF        DV Analysis        UVM_ERR   UVM_FATAL  Agent Action / Note
----------------------------------------------------------------------------------------------------------------------------------

ATTENTION
- none

NEXT ACTIONS
- Analyze DONE jobs whose DV result is still UNKNOWN/pending.
- Continue incremental monitoring of RUN jobs.
- Triage EXIT/FAIL jobs and rerun fixed patterns when ready.
[reconciliation_cycle] discover_live_jobs failed: bjobs not found on PATH: [WinError 2] 系統找不到指定的檔案。
DV Agent Harness L5 - Periodic Regression Snapshot
Snapshot Time: 2026-09-06 09:30:59
SUMMARY: Total: 0

Job        Pattern / Combination                LSF        DV Analysis        UVM_ERR   UVM_FATAL  Agent Action / Note
----------------------------------------------------------------------------------------------------------------------------------

ATTENTION
- none

NEXT ACTIONS
- Analyze DONE jobs whose DV result is still UNKNOWN/pending.
- Continue incremental monitoring of RUN jobs.
- Triage EXIT/FAIL jobs and rerun fixed patterns when ready.
[reconciliation_cycle] discover_live_jobs failed: bjobs not found on PATH: [WinError 2] 系統找不到指定的檔案。
DV Agent Harness L5 - Periodic Regression Snapshot
Snapshot Time: 2026-09-06 09:35:59
SUMMARY: Total: 0

Job        Pattern / Combination                LSF        DV Analysis        UVM_ERR   UVM_FATAL  Agent Action / Note
----------------------------------------------------------------------------------------------------------------------------------

ATTENTION
- none

NEXT ACTIONS
- Analyze DONE jobs whose DV result is still UNKNOWN/pending.
- Continue incremental monitoring of RUN jobs.
- Triage EXIT/FAIL jobs and rerun fixed patterns when ready.
[reconciliation_cycle] discover_live_jobs failed: bjobs not found on PATH: [WinError 2] 系統找不到指定的檔案。
DV Agent Harness L5 - Periodic Regression Snapshot
Snapshot Time: 2026-09-06 09:40:59
SUMMARY: Total: 0

Job        Pattern / Combination                LSF        DV Analysis        UVM_ERR   UVM_FATAL  Agent Action / Note
----------------------------------------------------------------------------------------------------------------------------------

ATTENTION
- none

NEXT ACTIONS
- Analyze DONE jobs whose DV result is still UNKNOWN/pending.
- Continue incremental monitoring of RUN jobs.
- Triage EXIT/FAIL jobs and rerun fixed patterns when ready.
[reconciliation_cycle] discover_live_jobs failed: bjobs not found on PATH: [WinError 2] 系統找不到指定的檔案。
DV Agent Harness L5 - Periodic Regression Snapshot
Snapshot Time: 2026-09-06 09:45:59
SUMMARY: Total: 0

Job        Pattern / Combination                LSF        DV Analysis        UVM_ERR   UVM_FATAL  Agent Action / Note
----------------------------------------------------------------------------------------------------------------------------------

ATTENTION
- none

NEXT ACTIONS
- Analyze DONE jobs whose DV result is still UNKNOWN/pending.
- Continue incremental monitoring of RUN jobs.
- Triage EXIT/FAIL jobs and rerun fixed patterns when ready.
[reconciliation_cycle] discover_live_jobs failed: bjobs not found on PATH: [WinError 2] 系統找不到指定的檔案。
DV Agent Harness L5 - Periodic Regression Snapshot
Snapshot Time: 2026-09-06 09:50:59
SUMMARY: Total: 0

Job        Pattern / Combination                LSF        DV Analysis        UVM_ERR   UVM_FATAL  Agent Action / Note
----------------------------------------------------------------------------------------------------------------------------------

ATTENTION
- none

NEXT ACTIONS
- Analyze DONE jobs whose DV result is still UNKNOWN/pending.
- Continue incremental monitoring of RUN jobs.
- Triage EXIT/FAIL jobs and rerun fixed patterns when ready.
[reconciliation_cycle] discover_live_jobs failed: bjobs not found on PATH: [WinError 2] 系統找不到指定的檔案。
DV Agent Harness L5 - Periodic Regression Snapshot
Snapshot Time: 2026-09-06 09:55:59
SUMMARY: Total: 0

Job        Pattern / Combination                LSF        DV Analysis        UVM_ERR   UVM_FATAL  Agent Action / Note
----------------------------------------------------------------------------------------------------------------------------------

ATTENTION
- none

NEXT ACTIONS
- Analyze DONE jobs whose DV result is still UNKNOWN/pending.
- Continue incremental monitoring of RUN jobs.
- Triage EXIT/FAIL jobs and rerun fixed patterns when ready.
[reconciliation_cycle] discover_live_jobs failed: bjobs not found on PATH: [WinError 2] 系統找不到指定的檔案。
DV Agent Harness L5 - Periodic Regression Snapshot
Snapshot Time: 2026-09-06 10:00:59
SUMMARY: Total: 0

Job        Pattern / Combination                LSF        DV Analysis        UVM_ERR   UVM_FATAL  Agent Action / Note
----------------------------------------------------------------------------------------------------------------------------------

ATTENTION
- none

NEXT ACTIONS
- Analyze DONE jobs whose DV result is still UNKNOWN/pending.
- Continue incremental monitoring of RUN jobs.
- Triage EXIT/FAIL jobs and rerun fixed patterns when ready.
[reconciliation_cycle] discover_live_jobs failed: bjobs not found on PATH: [WinError 2] 系統找不到指定的檔案。
DV Agent Harness L5 - Periodic Regression Snapshot
Snapshot Time: 2026-09-06 10:06:00
SUMMARY: Total: 0

Job        Pattern / Combination                LSF        DV Analysis        UVM_ERR   UVM_FATAL  Agent Action / Note
----------------------------------------------------------------------------------------------------------------------------------

ATTENTION
- none

NEXT ACTIONS
- Analyze DONE jobs whose DV result is still UNKNOWN/pending.
- Continue incremental monitoring of RUN jobs.
- Triage EXIT/FAIL jobs and rerun fixed patterns when ready.
[reconciliation_cycle] discover_live_jobs failed: bjobs not found on PATH: [WinError 2] 系統找不到指定的檔案。
DV Agent Harness L5 - Periodic Regression Snapshot
Snapshot Time: 2026-09-06 10:11:00
SUMMARY: Total: 0

Job        Pattern / Combination                LSF        DV Analysis        UVM_ERR   UVM_FATAL  Agent Action / Note
----------------------------------------------------------------------------------------------------------------------------------

ATTENTION
- none

NEXT ACTIONS
- Analyze DONE jobs whose DV result is still UNKNOWN/pending.
- Continue incremental monitoring of RUN jobs.
- Triage EXIT/FAIL jobs and rerun fixed patterns when ready.
[reconciliation_cycle] discover_live_jobs failed: bjobs not found on PATH: [WinError 2] 系統找不到指定的檔案。
DV Agent Harness L5 - Periodic Regression Snapshot
Snapshot Time: 2026-09-06 10:16:00
SUMMARY: Total: 0

Job        Pattern / Combination                LSF        DV Analysis        UVM_ERR   UVM_FATAL  Agent Action / Note
----------------------------------------------------------------------------------------------------------------------------------

ATTENTION
- none

NEXT ACTIONS
- Analyze DONE jobs whose DV result is still UNKNOWN/pending.
- Continue incremental monitoring of RUN jobs.
- Triage EXIT/FAIL jobs and rerun fixed patterns when ready.
[reconciliation_cycle] discover_live_jobs failed: bjobs not found on PATH: [WinError 2] 系統找不到指定的檔案。
DV Agent Harness L5 - Periodic Regression Snapshot
Snapshot Time: 2026-09-06 10:21:00
SUMMARY: Total: 0

Job        Pattern / Combination                LSF        DV Analysis        UVM_ERR   UVM_FATAL  Agent Action / Note
----------------------------------------------------------------------------------------------------------------------------------

ATTENTION
- none

NEXT ACTIONS
- Analyze DONE jobs whose DV result is still UNKNOWN/pending.
- Continue incremental monitoring of RUN jobs.
- Triage EXIT/FAIL jobs and rerun fixed patterns when ready.
[reconciliation_cycle] discover_live_jobs failed: bjobs not found on PATH: [WinError 2] 系統找不到指定的檔案。
DV Agent Harness L5 - Periodic Regression Snapshot
Snapshot Time: 2026-09-06 10:26:00
SUMMARY: Total: 0

Job        Pattern / Combination                LSF        DV Analysis        UVM_ERR   UVM_FATAL  Agent Action / Note
----------------------------------------------------------------------------------------------------------------------------------

ATTENTION
- none

NEXT ACTIONS
- Analyze DONE jobs whose DV result is still UNKNOWN/pending.
- Continue incremental monitoring of RUN jobs.
- Triage EXIT/FAIL jobs and rerun fixed patterns when ready.
[reconciliation_cycle] discover_live_jobs failed: bjobs not found on PATH: [WinError 2] 系統找不到指定的檔案。
DV Agent Harness L5 - Periodic Regression Snapshot
Snapshot Time: 2026-09-06 10:31:00
SUMMARY: Total: 0

Job        Pattern / Combination                LSF        DV Analysis        UVM_ERR   UVM_FATAL  Agent Action / Note
----------------------------------------------------------------------------------------------------------------------------------

ATTENTION
- none

NEXT ACTIONS
- Analyze DONE jobs whose DV result is still UNKNOWN/pending.
- Continue incremental monitoring of RUN jobs.
- Triage EXIT/FAIL jobs and rerun fixed patterns when ready.
[reconciliation_cycle] discover_live_jobs failed: bjobs not found on PATH: [WinError 2] 系統找不到指定的檔案。
DV Agent Harness L5 - Periodic Regression Snapshot
Snapshot Time: 2026-09-06 10:36:00
SUMMARY: Total: 0

Job        Pattern / Combination                LSF        DV Analysis        UVM_ERR   UVM_FATAL  Agent Action / Note
----------------------------------------------------------------------------------------------------------------------------------

ATTENTION
- none

NEXT ACTIONS
- Analyze DONE jobs whose DV result is still UNKNOWN/pending.
- Continue incremental monitoring of RUN jobs.
- Triage EXIT/FAIL jobs and rerun fixed patterns when ready.
[reconciliation_cycle] discover_live_jobs failed: bjobs not found on PATH: [WinError 2] 系統找不到指定的檔案。
DV Agent Harness L5 - Periodic Regression Snapshot
Snapshot Time: 2026-09-06 10:41:00
SUMMARY: Total: 0

Job        Pattern / Combination                LSF        DV Analysis        UVM_ERR   UVM_FATAL  Agent Action / Note
----------------------------------------------------------------------------------------------------------------------------------

ATTENTION
- none

NEXT ACTIONS
- Analyze DONE jobs whose DV result is still UNKNOWN/pending.
- Continue incremental monitoring of RUN jobs.
- Triage EXIT/FAIL jobs and rerun fixed patterns when ready.
[reconciliation_cycle] discover_live_jobs failed: bjobs not found on PATH: [WinError 2] 系統找不到指定的檔案。
DV Agent Harness L5 - Periodic Regression Snapshot
Snapshot Time: 2026-09-06 10:46:00
SUMMARY: Total: 0

Job        Pattern / Combination                LSF        DV Analysis        UVM_ERR   UVM_FATAL  Agent Action / Note
----------------------------------------------------------------------------------------------------------------------------------

ATTENTION
- none

NEXT ACTIONS
- Analyze DONE jobs whose DV result is still UNKNOWN/pending.
- Continue incremental monitoring of RUN jobs.
- Triage EXIT/FAIL jobs and rerun fixed patterns when ready.
[reconciliation_cycle] discover_live_jobs failed: bjobs not found on PATH: [WinError 2] 系統找不到指定的檔案。
DV Agent Harness L5 - Periodic Regression Snapshot
Snapshot Time: 2026-09-06 10:51:00
SUMMARY: Total: 0

Job        Pattern / Combination                LSF        DV Analysis        UVM_ERR   UVM_FATAL  Agent Action / Note
----------------------------------------------------------------------------------------------------------------------------------

ATTENTION
- none

NEXT ACTIONS
- Analyze DONE jobs whose DV result is still UNKNOWN/pending.
- Continue incremental monitoring of RUN jobs.
- Triage EXIT/FAIL jobs and rerun fixed patterns when ready.
[reconciliation_cycle] discover_live_jobs failed: bjobs not found on PATH: [WinError 2] 系統找不到指定的檔案。
DV Agent Harness L5 - Periodic Regression Snapshot
Snapshot Time: 2026-09-06 10:56:00
SUMMARY: Total: 0

Job        Pattern / Combination                LSF        DV Analysis        UVM_ERR   UVM_FATAL  Agent Action / Note
----------------------------------------------------------------------------------------------------------------------------------

ATTENTION
- none

NEXT ACTIONS
- Analyze DONE jobs whose DV result is still UNKNOWN/pending.
- Continue incremental monitoring of RUN jobs.
- Triage EXIT/FAIL jobs and rerun fixed patterns when ready.
[reconciliation_cycle] discover_live_jobs failed: bjobs not found on PATH: [WinError 2] 系統找不到指定的檔案。
DV Agent Harness L5 - Periodic Regression Snapshot
Snapshot Time: 2026-09-06 11:01:00
SUMMARY: Total: 0

Job        Pattern / Combination                LSF        DV Analysis        UVM_ERR   UVM_FATAL  Agent Action / Note
----------------------------------------------------------------------------------------------------------------------------------

ATTENTION
- none

NEXT ACTIONS
- Analyze DONE jobs whose DV result is still UNKNOWN/pending.
- Continue incremental monitoring of RUN jobs.
- Triage EXIT/FAIL jobs and rerun fixed patterns when ready.
[reconciliation_cycle] discover_live_jobs failed: bjobs not found on PATH: [WinError 2] 系統找不到指定的檔案。
DV Agent Harness L5 - Periodic Regression Snapshot
Snapshot Time: 2026-09-06 11:06:00
SUMMARY: Total: 0

Job        Pattern / Combination                LSF        DV Analysis        UVM_ERR   UVM_FATAL  Agent Action / Note
----------------------------------------------------------------------------------------------------------------------------------

ATTENTION
- none

NEXT ACTIONS
- Analyze DONE jobs whose DV result is still UNKNOWN/pending.
- Continue incremental monitoring of RUN jobs.
- Triage EXIT/FAIL jobs and rerun fixed patterns when ready.
[reconciliation_cycle] discover_live_jobs failed: bjobs not found on PATH: [WinError 2] 系統找不到指定的檔案。
DV Agent Harness L5 - Periodic Regression Snapshot
Snapshot Time: 2026-09-06 11:11:00
SUMMARY: Total: 0

Job        Pattern / Combination                LSF        DV Analysis        UVM_ERR   UVM_FATAL  Agent Action / Note
----------------------------------------------------------------------------------------------------------------------------------

ATTENTION
- none

NEXT ACTIONS
- Analyze DONE jobs whose DV result is still UNKNOWN/pending.
- Continue incremental monitoring of RUN jobs.
- Triage EXIT/FAIL jobs and rerun fixed patterns when ready.
[reconciliation_cycle] discover_live_jobs failed: bjobs not found on PATH: [WinError 2] 系統找不到指定的檔案。
DV Agent Harness L5 - Periodic Regression Snapshot
Snapshot Time: 2026-09-06 11:16:00
SUMMARY: Total: 0

Job        Pattern / Combination                LSF        DV Analysis        UVM_ERR   UVM_FATAL  Agent Action / Note
----------------------------------------------------------------------------------------------------------------------------------

ATTENTION
- none

NEXT ACTIONS
- Analyze DONE jobs whose DV result is still UNKNOWN/pending.
- Continue incremental monitoring of RUN jobs.
- Triage EXIT/FAIL jobs and rerun fixed patterns when ready.
[reconciliation_cycle] discover_live_jobs failed: bjobs not found on PATH: [WinError 2] 系統找不到指定的檔案。
DV Agent Harness L5 - Periodic Regression Snapshot
Snapshot Time: 2026-09-06 11:21:00
SUMMARY: Total: 0

Job        Pattern / Combination                LSF        DV Analysis        UVM_ERR   UVM_FATAL  Agent Action / Note
----------------------------------------------------------------------------------------------------------------------------------

ATTENTION
- none

NEXT ACTIONS
- Analyze DONE jobs whose DV result is still UNKNOWN/pending.
- Continue incremental monitoring of RUN jobs.
- Triage EXIT/FAIL jobs and rerun fixed patterns when ready.
[reconciliation_cycle] discover_live_jobs failed: bjobs not found on PATH: [WinError 2] 系統找不到指定的檔案。
DV Agent Harness L5 - Periodic Regression Snapshot
Snapshot Time: 2026-09-06 11:26:00
SUMMARY: Total: 0

Job        Pattern / Combination                LSF        DV Analysis        UVM_ERR   UVM_FATAL  Agent Action / Note
----------------------------------------------------------------------------------------------------------------------------------

ATTENTION
- none

NEXT ACTIONS
- Analyze DONE jobs whose DV result is still UNKNOWN/pending.
- Continue incremental monitoring of RUN jobs.
- Triage EXIT/FAIL jobs and rerun fixed patterns when ready.
[reconciliation_cycle] discover_live_jobs failed: bjobs not found on PATH: [WinError 2] 系統找不到指定的檔案。
DV Agent Harness L5 - Periodic Regression Snapshot
Snapshot Time: 2026-09-06 11:31:00
SUMMARY: Total: 0

Job        Pattern / Combination                LSF        DV Analysis        UVM_ERR   UVM_FATAL  Agent Action / Note
----------------------------------------------------------------------------------------------------------------------------------

ATTENTION
- none

NEXT ACTIONS
- Analyze DONE jobs whose DV result is still UNKNOWN/pending.
- Continue incremental monitoring of RUN jobs.
- Triage EXIT/FAIL jobs and rerun fixed patterns when ready.
[reconciliation_cycle] discover_live_jobs failed: bjobs not found on PATH: [WinError 2] 系統找不到指定的檔案。
DV Agent Harness L5 - Periodic Regression Snapshot
Snapshot Time: 2026-09-06 11:36:00
SUMMARY: Total: 0

Job        Pattern / Combination                LSF        DV Analysis        UVM_ERR   UVM_FATAL  Agent Action / Note
----------------------------------------------------------------------------------------------------------------------------------

ATTENTION
- none

NEXT ACTIONS
- Analyze DONE jobs whose DV result is still UNKNOWN/pending.
- Continue incremental monitoring of RUN jobs.
- Triage EXIT/FAIL jobs and rerun fixed patterns when ready.
[reconciliation_cycle] discover_live_jobs failed: bjobs not found on PATH: [WinError 2] 系統找不到指定的檔案。
DV Agent Harness L5 - Periodic Regression Snapshot
Snapshot Time: 2026-09-06 11:41:00
SUMMARY: Total: 0

Job        Pattern / Combination                LSF        DV Analysis        UVM_ERR   UVM_FATAL  Agent Action / Note
----------------------------------------------------------------------------------------------------------------------------------

ATTENTION
- none

NEXT ACTIONS
- Analyze DONE jobs whose DV result is still UNKNOWN/pending.
- Continue incremental monitoring of RUN jobs.
- Triage EXIT/FAIL jobs and rerun fixed patterns when ready.
[reconciliation_cycle] discover_live_jobs failed: bjobs not found on PATH: [WinError 2] 系統找不到指定的檔案。
DV Agent Harness L5 - Periodic Regression Snapshot
Snapshot Time: 2026-09-06 11:46:00
SUMMARY: Total: 0

Job        Pattern / Combination                LSF        DV Analysis        UVM_ERR   UVM_FATAL  Agent Action / Note
----------------------------------------------------------------------------------------------------------------------------------

ATTENTION
- none

NEXT ACTIONS
- Analyze DONE jobs whose DV result is still UNKNOWN/pending.
- Continue incremental monitoring of RUN jobs.
- Triage EXIT/FAIL jobs and rerun fixed patterns when ready.
[reconciliation_cycle] discover_live_jobs failed: bjobs not found on PATH: [WinError 2] 系統找不到指定的檔案。
DV Agent Harness L5 - Periodic Regression Snapshot
Snapshot Time: 2026-09-06 11:51:00
SUMMARY: Total: 0

Job        Pattern / Combination                LSF        DV Analysis        UVM_ERR   UVM_FATAL  Agent Action / Note
----------------------------------------------------------------------------------------------------------------------------------

ATTENTION
- none

NEXT ACTIONS
- Analyze DONE jobs whose DV result is still UNKNOWN/pending.
- Continue incremental monitoring of RUN jobs.
- Triage EXIT/FAIL jobs and rerun fixed patterns when ready.
[reconciliation_cycle] discover_live_jobs failed: bjobs not found on PATH: [WinError 2] 系統找不到指定的檔案。
DV Agent Harness L5 - Periodic Regression Snapshot
Snapshot Time: 2026-09-06 11:56:00
SUMMARY: Total: 0

Job        Pattern / Combination                LSF        DV Analysis        UVM_ERR   UVM_FATAL  Agent Action / Note
----------------------------------------------------------------------------------------------------------------------------------

ATTENTION
- none

NEXT ACTIONS
- Analyze DONE jobs whose DV result is still UNKNOWN/pending.
- Continue incremental monitoring of RUN jobs.
- Triage EXIT/FAIL jobs and rerun fixed patterns when ready.
[reconciliation_cycle] discover_live_jobs failed: bjobs not found on PATH: [WinError 2] 系統找不到指定的檔案。
DV Agent Harness L5 - Periodic Regression Snapshot
Snapshot Time: 2026-09-06 12:01:00
SUMMARY: Total: 0

Job        Pattern / Combination                LSF        DV Analysis        UVM_ERR   UVM_FATAL  Agent Action / Note
----------------------------------------------------------------------------------------------------------------------------------

ATTENTION
- none

NEXT ACTIONS
- Analyze DONE jobs whose DV result is still UNKNOWN/pending.
- Continue incremental monitoring of RUN jobs.
- Triage EXIT/FAIL jobs and rerun fixed patterns when ready.
[reconciliation_cycle] discover_live_jobs failed: bjobs not found on PATH: [WinError 2] 系統找不到指定的檔案。
DV Agent Harness L5 - Periodic Regression Snapshot
Snapshot Time: 2026-09-06 12:06:00
SUMMARY: Total: 0

Job        Pattern / Combination                LSF        DV Analysis        UVM_ERR   UVM_FATAL  Agent Action / Note
----------------------------------------------------------------------------------------------------------------------------------

ATTENTION
- none

NEXT ACTIONS
- Analyze DONE jobs whose DV result is still UNKNOWN/pending.
- Continue incremental monitoring of RUN jobs.
- Triage EXIT/FAIL jobs and rerun fixed patterns when ready.
[reconciliation_cycle] discover_live_jobs failed: bjobs not found on PATH: [WinError 2] 系統找不到指定的檔案。
DV Agent Harness L5 - Periodic Regression Snapshot
Snapshot Time: 2026-09-06 12:11:00
SUMMARY: Total: 0

Job        Pattern / Combination                LSF        DV Analysis        UVM_ERR   UVM_FATAL  Agent Action / Note
----------------------------------------------------------------------------------------------------------------------------------

ATTENTION
- none

NEXT ACTIONS
- Analyze DONE jobs whose DV result is still UNKNOWN/pending.
- Continue incremental monitoring of RUN jobs.
- Triage EXIT/FAIL jobs and rerun fixed patterns when ready.
[reconciliation_cycle] discover_live_jobs failed: bjobs not found on PATH: [WinError 2] 系統找不到指定的檔案。
DV Agent Harness L5 - Periodic Regression Snapshot
Snapshot Time: 2026-09-06 12:16:00
SUMMARY: Total: 0

Job        Pattern / Combination                LSF        DV Analysis        UVM_ERR   UVM_FATAL  Agent Action / Note
----------------------------------------------------------------------------------------------------------------------------------

ATTENTION
- none

NEXT ACTIONS
- Analyze DONE jobs whose DV result is still UNKNOWN/pending.
- Continue incremental monitoring of RUN jobs.
- Triage EXIT/FAIL jobs and rerun fixed patterns when ready.
[reconciliation_cycle] discover_live_jobs failed: bjobs not found on PATH: [WinError 2] 系統找不到指定的檔案。
DV Agent Harness L5 - Periodic Regression Snapshot
Snapshot Time: 2026-09-06 12:21:00
SUMMARY: Total: 0

Job        Pattern / Combination                LSF        DV Analysis        UVM_ERR   UVM_FATAL  Agent Action / Note
----------------------------------------------------------------------------------------------------------------------------------

ATTENTION
- none

NEXT ACTIONS
- Analyze DONE jobs whose DV result is still UNKNOWN/pending.
- Continue incremental monitoring of RUN jobs.
- Triage EXIT/FAIL jobs and rerun fixed patterns when ready.
[reconciliation_cycle] discover_live_jobs failed: bjobs not found on PATH: [WinError 2] 系統找不到指定的檔案。
DV Agent Harness L5 - Periodic Regression Snapshot
Snapshot Time: 2026-09-06 12:26:00
SUMMARY: Total: 0

Job        Pattern / Combination                LSF        DV Analysis        UVM_ERR   UVM_FATAL  Agent Action / Note
----------------------------------------------------------------------------------------------------------------------------------

ATTENTION
- none

NEXT ACTIONS
- Analyze DONE jobs whose DV result is still UNKNOWN/pending.
- Continue incremental monitoring of RUN jobs.
- Triage EXIT/FAIL jobs and rerun fixed patterns when ready.
[reconciliation_cycle] discover_live_jobs failed: bjobs not found on PATH: [WinError 2] 系統找不到指定的檔案。
DV Agent Harness L5 - Periodic Regression Snapshot
Snapshot Time: 2026-09-06 12:31:00
SUMMARY: Total: 0

Job        Pattern / Combination                LSF        DV Analysis        UVM_ERR   UVM_FATAL  Agent Action / Note
----------------------------------------------------------------------------------------------------------------------------------

ATTENTION
- none

NEXT ACTIONS
- Analyze DONE jobs whose DV result is still UNKNOWN/pending.
- Continue incremental monitoring of RUN jobs.
- Triage EXIT/FAIL jobs and rerun fixed patterns when ready.
[reconciliation_cycle] discover_live_jobs failed: bjobs not found on PATH: [WinError 2] 系統找不到指定的檔案。
DV Agent Harness L5 - Periodic Regression Snapshot
Snapshot Time: 2026-09-06 12:36:00
SUMMARY: Total: 0

Job        Pattern / Combination                LSF        DV Analysis        UVM_ERR   UVM_FATAL  Agent Action / Note
----------------------------------------------------------------------------------------------------------------------------------

ATTENTION
- none

NEXT ACTIONS
- Analyze DONE jobs whose DV result is still UNKNOWN/pending.
- Continue incremental monitoring of RUN jobs.
- Triage EXIT/FAIL jobs and rerun fixed patterns when ready.
[reconciliation_cycle] discover_live_jobs failed: bjobs not found on PATH: [WinError 2] 系統找不到指定的檔案。
DV Agent Harness L5 - Periodic Regression Snapshot
Snapshot Time: 2026-09-06 12:41:00
SUMMARY: Total: 0

Job        Pattern / Combination                LSF        DV Analysis        UVM_ERR   UVM_FATAL  Agent Action / Note
----------------------------------------------------------------------------------------------------------------------------------

ATTENTION
- none

NEXT ACTIONS
- Analyze DONE jobs whose DV result is still UNKNOWN/pending.
- Continue incremental monitoring of RUN jobs.
- Triage EXIT/FAIL jobs and rerun fixed patterns when ready.
[reconciliation_cycle] discover_live_jobs failed: bjobs not found on PATH: [WinError 2] 系統找不到指定的檔案。
DV Agent Harness L5 - Periodic Regression Snapshot
Snapshot Time: 2026-09-06 12:46:00
SUMMARY: Total: 0

Job        Pattern / Combination                LSF        DV Analysis        UVM_ERR   UVM_FATAL  Agent Action / Note
----------------------------------------------------------------------------------------------------------------------------------

ATTENTION
- none

NEXT ACTIONS
- Analyze DONE jobs whose DV result is still UNKNOWN/pending.
- Continue incremental monitoring of RUN jobs.
- Triage EXIT/FAIL jobs and rerun fixed patterns when ready.
[reconciliation_cycle] discover_live_jobs failed: bjobs not found on PATH: [WinError 2] 系統找不到指定的檔案。
DV Agent Harness L5 - Periodic Regression Snapshot
Snapshot Time: 2026-09-06 12:51:00
SUMMARY: Total: 0

Job        Pattern / Combination                LSF        DV Analysis        UVM_ERR   UVM_FATAL  Agent Action / Note
----------------------------------------------------------------------------------------------------------------------------------

ATTENTION
- none

NEXT ACTIONS
- Analyze DONE jobs whose DV result is still UNKNOWN/pending.
- Continue incremental monitoring of RUN jobs.
- Triage EXIT/FAIL jobs and rerun fixed patterns when ready.
[reconciliation_cycle] discover_live_jobs failed: bjobs not found on PATH: [WinError 2] 系統找不到指定的檔案。
DV Agent Harness L5 - Periodic Regression Snapshot
Snapshot Time: 2026-09-06 12:56:00
SUMMARY: Total: 0

Job        Pattern / Combination                LSF        DV Analysis        UVM_ERR   UVM_FATAL  Agent Action / Note
----------------------------------------------------------------------------------------------------------------------------------

ATTENTION
- none

NEXT ACTIONS
- Analyze DONE jobs whose DV result is still UNKNOWN/pending.
- Continue incremental monitoring of RUN jobs.
- Triage EXIT/FAIL jobs and rerun fixed patterns when ready.
[reconciliation_cycle] discover_live_jobs failed: bjobs not found on PATH: [WinError 2] 系統找不到指定的檔案。
DV Agent Harness L5 - Periodic Regression Snapshot
Snapshot Time: 2026-09-06 13:01:00
SUMMARY: Total: 0

Job        Pattern / Combination                LSF        DV Analysis        UVM_ERR   UVM_FATAL  Agent Action / Note
----------------------------------------------------------------------------------------------------------------------------------

ATTENTION
- none

NEXT ACTIONS
- Analyze DONE jobs whose DV result is still UNKNOWN/pending.
- Continue incremental monitoring of RUN jobs.
- Triage EXIT/FAIL jobs and rerun fixed patterns when ready.
[reconciliation_cycle] discover_live_jobs failed: bjobs not found on PATH: [WinError 2] 系統找不到指定的檔案。
DV Agent Harness L5 - Periodic Regression Snapshot
Snapshot Time: 2026-09-06 13:06:00
SUMMARY: Total: 0

Job        Pattern / Combination                LSF        DV Analysis        UVM_ERR   UVM_FATAL  Agent Action / Note
----------------------------------------------------------------------------------------------------------------------------------

ATTENTION
- none

NEXT ACTIONS
- Analyze DONE jobs whose DV result is still UNKNOWN/pending.
- Continue incremental monitoring of RUN jobs.
- Triage EXIT/FAIL jobs and rerun fixed patterns when ready.
[reconciliation_cycle] discover_live_jobs failed: bjobs not found on PATH: [WinError 2] 系統找不到指定的檔案。
DV Agent Harness L5 - Periodic Regression Snapshot
Snapshot Time: 2026-09-06 13:11:00
SUMMARY: Total: 0

Job        Pattern / Combination                LSF        DV Analysis        UVM_ERR   UVM_FATAL  Agent Action / Note
----------------------------------------------------------------------------------------------------------------------------------

ATTENTION
- none

NEXT ACTIONS
- Analyze DONE jobs whose DV result is still UNKNOWN/pending.
- Continue incremental monitoring of RUN jobs.
- Triage EXIT/FAIL jobs and rerun fixed patterns when ready.
[reconciliation_cycle] discover_live_jobs failed: bjobs not found on PATH: [WinError 2] 系統找不到指定的檔案。
DV Agent Harness L5 - Periodic Regression Snapshot
Snapshot Time: 2026-09-06 13:16:00
SUMMARY: Total: 0

Job        Pattern / Combination                LSF        DV Analysis        UVM_ERR   UVM_FATAL  Agent Action / Note
----------------------------------------------------------------------------------------------------------------------------------

ATTENTION
- none

NEXT ACTIONS
- Analyze DONE jobs whose DV result is still UNKNOWN/pending.
- Continue incremental monitoring of RUN jobs.
- Triage EXIT/FAIL jobs and rerun fixed patterns when ready.
[reconciliation_cycle] discover_live_jobs failed: bjobs not found on PATH: [WinError 2] 系統找不到指定的檔案。
DV Agent Harness L5 - Periodic Regression Snapshot
Snapshot Time: 2026-09-06 13:21:00
SUMMARY: Total: 0

Job        Pattern / Combination                LSF        DV Analysis        UVM_ERR   UVM_FATAL  Agent Action / Note
----------------------------------------------------------------------------------------------------------------------------------

ATTENTION
- none

NEXT ACTIONS
- Analyze DONE jobs whose DV result is still UNKNOWN/pending.
- Continue incremental monitoring of RUN jobs.
- Triage EXIT/FAIL jobs and rerun fixed patterns when ready.
[reconciliation_cycle] discover_live_jobs failed: bjobs not found on PATH: [WinError 2] 系統找不到指定的檔案。
DV Agent Harness L5 - Periodic Regression Snapshot
Snapshot Time: 2026-09-06 13:26:00
SUMMARY: Total: 0

Job        Pattern / Combination                LSF        DV Analysis        UVM_ERR   UVM_FATAL  Agent Action / Note
----------------------------------------------------------------------------------------------------------------------------------

ATTENTION
- none

NEXT ACTIONS
- Analyze DONE jobs whose DV result is still UNKNOWN/pending.
- Continue incremental monitoring of RUN jobs.
- Triage EXIT/FAIL jobs and rerun fixed patterns when ready.
[reconciliation_cycle] discover_live_jobs failed: bjobs not found on PATH: [WinError 2] 系統找不到指定的檔案。
DV Agent Harness L5 - Periodic Regression Snapshot
Snapshot Time: 2026-09-06 13:31:00
SUMMARY: Total: 0

Job        Pattern / Combination                LSF        DV Analysis        UVM_ERR   UVM_FATAL  Agent Action / Note
----------------------------------------------------------------------------------------------------------------------------------

ATTENTION
- none

NEXT ACTIONS
- Analyze DONE jobs whose DV result is still UNKNOWN/pending.
- Continue incremental monitoring of RUN jobs.
- Triage EXIT/FAIL jobs and rerun fixed patterns when ready.
[reconciliation_cycle] discover_live_jobs failed: bjobs not found on PATH: [WinError 2] 系統找不到指定的檔案。
DV Agent Harness L5 - Periodic Regression Snapshot
Snapshot Time: 2026-09-06 13:36:00
SUMMARY: Total: 0

Job        Pattern / Combination                LSF        DV Analysis        UVM_ERR   UVM_FATAL  Agent Action / Note
----------------------------------------------------------------------------------------------------------------------------------

ATTENTION
- none

NEXT ACTIONS
- Analyze DONE jobs whose DV result is still UNKNOWN/pending.
- Continue incremental monitoring of RUN jobs.
- Triage EXIT/FAIL jobs and rerun fixed patterns when ready.
[reconciliation_cycle] discover_live_jobs failed: bjobs not found on PATH: [WinError 2] 系統找不到指定的檔案。
DV Agent Harness L5 - Periodic Regression Snapshot
Snapshot Time: 2026-09-06 13:41:00
SUMMARY: Total: 0

Job        Pattern / Combination                LSF        DV Analysis        UVM_ERR   UVM_FATAL  Agent Action / Note
----------------------------------------------------------------------------------------------------------------------------------

ATTENTION
- none

NEXT ACTIONS
- Analyze DONE jobs whose DV result is still UNKNOWN/pending.
- Continue incremental monitoring of RUN jobs.
- Triage EXIT/FAIL jobs and rerun fixed patterns when ready.
[reconciliation_cycle] discover_live_jobs failed: bjobs not found on PATH: [WinError 2] 系統找不到指定的檔案。
DV Agent Harness L5 - Periodic Regression Snapshot
Snapshot Time: 2026-09-06 13:46:00
SUMMARY: Total: 0

Job        Pattern / Combination                LSF        DV Analysis        UVM_ERR   UVM_FATAL  Agent Action / Note
----------------------------------------------------------------------------------------------------------------------------------

ATTENTION
- none

NEXT ACTIONS
- Analyze DONE jobs whose DV result is still UNKNOWN/pending.
- Continue incremental monitoring of RUN jobs.
- Triage EXIT/FAIL jobs and rerun fixed patterns when ready.
[reconciliation_cycle] discover_live_jobs failed: bjobs not found on PATH: [WinError 2] 系統找不到指定的檔案。
DV Agent Harness L5 - Periodic Regression Snapshot
Snapshot Time: 2026-09-06 13:51:00
SUMMARY: Total: 0

Job        Pattern / Combination                LSF        DV Analysis        UVM_ERR   UVM_FATAL  Agent Action / Note
----------------------------------------------------------------------------------------------------------------------------------

ATTENTION
- none

NEXT ACTIONS
- Analyze DONE jobs whose DV result is still UNKNOWN/pending.
- Continue incremental monitoring of RUN jobs.
- Triage EXIT/FAIL jobs and rerun fixed patterns when ready.
[reconciliation_cycle] discover_live_jobs failed: bjobs not found on PATH: [WinError 2] 系統找不到指定的檔案。
DV Agent Harness L5 - Periodic Regression Snapshot
Snapshot Time: 2026-09-06 13:56:00
SUMMARY: Total: 0

Job        Pattern / Combination                LSF        DV Analysis        UVM_ERR   UVM_FATAL  Agent Action / Note
----------------------------------------------------------------------------------------------------------------------------------

ATTENTION
- none

NEXT ACTIONS
- Analyze DONE jobs whose DV result is still UNKNOWN/pending.
- Continue incremental monitoring of RUN jobs.
- Triage EXIT/FAIL jobs and rerun fixed patterns when ready.
[reconciliation_cycle] discover_live_jobs failed: bjobs not found on PATH: [WinError 2] 系統找不到指定的檔案。
DV Agent Harness L5 - Periodic Regression Snapshot
Snapshot Time: 2026-09-06 14:01:00
SUMMARY: Total: 0

Job        Pattern / Combination                LSF        DV Analysis        UVM_ERR   UVM_FATAL  Agent Action / Note
----------------------------------------------------------------------------------------------------------------------------------

ATTENTION
- none

NEXT ACTIONS
- Analyze DONE jobs whose DV result is still UNKNOWN/pending.
- Continue incremental monitoring of RUN jobs.
- Triage EXIT/FAIL jobs and rerun fixed patterns when ready.
[reconciliation_cycle] discover_live_jobs failed: bjobs not found on PATH: [WinError 2] 系統找不到指定的檔案。
DV Agent Harness L5 - Periodic Regression Snapshot
Snapshot Time: 2026-09-06 14:06:00
SUMMARY: Total: 0

Job        Pattern / Combination                LSF        DV Analysis        UVM_ERR   UVM_FATAL  Agent Action / Note
----------------------------------------------------------------------------------------------------------------------------------

ATTENTION
- none

NEXT ACTIONS
- Analyze DONE jobs whose DV result is still UNKNOWN/pending.
- Continue incremental monitoring of RUN jobs.
- Triage EXIT/FAIL jobs and rerun fixed patterns when ready.
[reconciliation_cycle] discover_live_jobs failed: bjobs not found on PATH: [WinError 2] 系統找不到指定的檔案。
DV Agent Harness L5 - Periodic Regression Snapshot
Snapshot Time: 2026-09-06 14:11:00
SUMMARY: Total: 0

Job        Pattern / Combination                LSF        DV Analysis        UVM_ERR   UVM_FATAL  Agent Action / Note
----------------------------------------------------------------------------------------------------------------------------------

ATTENTION
- none

NEXT ACTIONS
- Analyze DONE jobs whose DV result is still UNKNOWN/pending.
- Continue incremental monitoring of RUN jobs.
- Triage EXIT/FAIL jobs and rerun fixed patterns when ready.
[reconciliation_cycle] discover_live_jobs failed: bjobs not found on PATH: [WinError 2] 系統找不到指定的檔案。
DV Agent Harness L5 - Periodic Regression Snapshot
Snapshot Time: 2026-09-06 14:16:00
SUMMARY: Total: 0

Job        Pattern / Combination                LSF        DV Analysis        UVM_ERR   UVM_FATAL  Agent Action / Note
----------------------------------------------------------------------------------------------------------------------------------

ATTENTION
- none

NEXT ACTIONS
- Analyze DONE jobs whose DV result is still UNKNOWN/pending.
- Continue incremental monitoring of RUN jobs.
- Triage EXIT/FAIL jobs and rerun fixed patterns when ready.
[reconciliation_cycle] discover_live_jobs failed: bjobs not found on PATH: [WinError 2] 系統找不到指定的檔案。
DV Agent Harness L5 - Periodic Regression Snapshot
Snapshot Time: 2026-09-06 14:21:00
SUMMARY: Total: 0

Job        Pattern / Combination                LSF        DV Analysis        UVM_ERR   UVM_FATAL  Agent Action / Note
----------------------------------------------------------------------------------------------------------------------------------

ATTENTION
- none

NEXT ACTIONS
- Analyze DONE jobs whose DV result is still UNKNOWN/pending.
- Continue incremental monitoring of RUN jobs.
- Triage EXIT/FAIL jobs and rerun fixed patterns when ready.
[reconciliation_cycle] discover_live_jobs failed: bjobs not found on PATH: [WinError 2] 系統找不到指定的檔案。
DV Agent Harness L5 - Periodic Regression Snapshot
Snapshot Time: 2026-09-06 14:26:00
SUMMARY: Total: 0

Job        Pattern / Combination                LSF        DV Analysis        UVM_ERR   UVM_FATAL  Agent Action / Note
----------------------------------------------------------------------------------------------------------------------------------

ATTENTION
- none

NEXT ACTIONS
- Analyze DONE jobs whose DV result is still UNKNOWN/pending.
- Continue incremental monitoring of RUN jobs.
- Triage EXIT/FAIL jobs and rerun fixed patterns when ready.
[reconciliation_cycle] discover_live_jobs failed: bjobs not found on PATH: [WinError 2] 系統找不到指定的檔案。
DV Agent Harness L5 - Periodic Regression Snapshot
Snapshot Time: 2026-09-06 14:31:00
SUMMARY: Total: 0

Job        Pattern / Combination                LSF        DV Analysis        UVM_ERR   UVM_FATAL  Agent Action / Note
----------------------------------------------------------------------------------------------------------------------------------

ATTENTION
- none

NEXT ACTIONS
- Analyze DONE jobs whose DV result is still UNKNOWN/pending.
- Continue incremental monitoring of RUN jobs.
- Triage EXIT/FAIL jobs and rerun fixed patterns when ready.
[reconciliation_cycle] discover_live_jobs failed: bjobs not found on PATH: [WinError 2] 系統找不到指定的檔案。
DV Agent Harness L5 - Periodic Regression Snapshot
Snapshot Time: 2026-09-06 14:36:00
SUMMARY: Total: 0

Job        Pattern / Combination                LSF        DV Analysis        UVM_ERR   UVM_FATAL  Agent Action / Note
----------------------------------------------------------------------------------------------------------------------------------

ATTENTION
- none

NEXT ACTIONS
- Analyze DONE jobs whose DV result is still UNKNOWN/pending.
- Continue incremental monitoring of RUN jobs.
- Triage EXIT/FAIL jobs and rerun fixed patterns when ready.
[reconciliation_cycle] discover_live_jobs failed: bjobs not found on PATH: [WinError 2] 系統找不到指定的檔案。
DV Agent Harness L5 - Periodic Regression Snapshot
Snapshot Time: 2026-09-06 14:41:00
SUMMARY: Total: 0

Job        Pattern / Combination                LSF        DV Analysis        UVM_ERR   UVM_FATAL  Agent Action / Note
----------------------------------------------------------------------------------------------------------------------------------

ATTENTION
- none

NEXT ACTIONS
- Analyze DONE jobs whose DV result is still UNKNOWN/pending.
- Continue incremental monitoring of RUN jobs.
- Triage EXIT/FAIL jobs and rerun fixed patterns when ready.
[reconciliation_cycle] discover_live_jobs failed: bjobs not found on PATH: [WinError 2] 系統找不到指定的檔案。
DV Agent Harness L5 - Periodic Regression Snapshot
Snapshot Time: 2026-09-06 14:46:00
SUMMARY: Total: 0

Job        Pattern / Combination                LSF        DV Analysis        UVM_ERR   UVM_FATAL  Agent Action / Note
----------------------------------------------------------------------------------------------------------------------------------

ATTENTION
- none

NEXT ACTIONS
- Analyze DONE jobs whose DV result is still UNKNOWN/pending.
- Continue incremental monitoring of RUN jobs.
- Triage EXIT/FAIL jobs and rerun fixed patterns when ready.
[reconciliation_cycle] discover_live_jobs failed: bjobs not found on PATH: [WinError 2] 系統找不到指定的檔案。
DV Agent Harness L5 - Periodic Regression Snapshot
Snapshot Time: 2026-09-06 14:51:00
SUMMARY: Total: 0

Job        Pattern / Combination                LSF        DV Analysis        UVM_ERR   UVM_FATAL  Agent Action / Note
----------------------------------------------------------------------------------------------------------------------------------

ATTENTION
- none

NEXT ACTIONS
- Analyze DONE jobs whose DV result is still UNKNOWN/pending.
- Continue incremental monitoring of RUN jobs.
- Triage EXIT/FAIL jobs and rerun fixed patterns when ready.
[reconciliation_cycle] discover_live_jobs failed: bjobs not found on PATH: [WinError 2] 系統找不到指定的檔案。
DV Agent Harness L5 - Periodic Regression Snapshot
Snapshot Time: 2026-09-06 14:56:01
SUMMARY: Total: 0

Job        Pattern / Combination                LSF        DV Analysis        UVM_ERR   UVM_FATAL  Agent Action / Note
----------------------------------------------------------------------------------------------------------------------------------

ATTENTION
- none

NEXT ACTIONS
- Analyze DONE jobs whose DV result is still UNKNOWN/pending.
- Continue incremental monitoring of RUN jobs.
- Triage EXIT/FAIL jobs and rerun fixed patterns when ready.
[reconciliation_cycle] discover_live_jobs failed: bjobs not found on PATH: [WinError 2] 系統找不到指定的檔案。
DV Agent Harness L5 - Periodic Regression Snapshot
Snapshot Time: 2026-09-06 15:01:01
SUMMARY: Total: 0

Job        Pattern / Combination                LSF        DV Analysis        UVM_ERR   UVM_FATAL  Agent Action / Note
----------------------------------------------------------------------------------------------------------------------------------

ATTENTION
- none

NEXT ACTIONS
- Analyze DONE jobs whose DV result is still UNKNOWN/pending.
- Continue incremental monitoring of RUN jobs.
- Triage EXIT/FAIL jobs and rerun fixed patterns when ready.
[reconciliation_cycle] discover_live_jobs failed: bjobs not found on PATH: [WinError 2] 系統找不到指定的檔案。
DV Agent Harness L5 - Periodic Regression Snapshot
Snapshot Time: 2026-09-06 15:06:01
SUMMARY: Total: 0

Job        Pattern / Combination                LSF        DV Analysis        UVM_ERR   UVM_FATAL  Agent Action / Note
----------------------------------------------------------------------------------------------------------------------------------

ATTENTION
- none

NEXT ACTIONS
- Analyze DONE jobs whose DV result is still UNKNOWN/pending.
- Continue incremental monitoring of RUN jobs.
- Triage EXIT/FAIL jobs and rerun fixed patterns when ready.
[reconciliation_cycle] discover_live_jobs failed: bjobs not found on PATH: [WinError 2] 系統找不到指定的檔案。
DV Agent Harness L5 - Periodic Regression Snapshot
Snapshot Time: 2026-09-06 15:11:01
SUMMARY: Total: 0

Job        Pattern / Combination                LSF        DV Analysis        UVM_ERR   UVM_FATAL  Agent Action / Note
----------------------------------------------------------------------------------------------------------------------------------

ATTENTION
- none

NEXT ACTIONS
- Analyze DONE jobs whose DV result is still UNKNOWN/pending.
- Continue incremental monitoring of RUN jobs.
- Triage EXIT/FAIL jobs and rerun fixed patterns when ready.
[reconciliation_cycle] discover_live_jobs failed: bjobs not found on PATH: [WinError 2] 系統找不到指定的檔案。
DV Agent Harness L5 - Periodic Regression Snapshot
Snapshot Time: 2026-09-06 15:16:01
SUMMARY: Total: 0

Job        Pattern / Combination                LSF        DV Analysis        UVM_ERR   UVM_FATAL  Agent Action / Note
----------------------------------------------------------------------------------------------------------------------------------

ATTENTION
- none

NEXT ACTIONS
- Analyze DONE jobs whose DV result is still UNKNOWN/pending.
- Continue incremental monitoring of RUN jobs.
- Triage EXIT/FAIL jobs and rerun fixed patterns when ready.
